rm -f "build-native_std/stamp.install"
env  make --no-print-directory -f /home/user/work/procrace/cfs_cord/cFS/target-rules.mk \
	CFG=native_std GOAL=native_std.install STAMPFILE=build-native_std/stamp.install all
make --no-print-directory -C "build-native_std" DESTDIR="/home/user/work/procrace/cfs_cord/cFS/build-native_std" mission-install
[  8%] Building C object tools/elf2cfetbl/CMakeFiles/elf2cfetbl.dir/elf2cfetbl.c.o
[ 16%] Linking C executable elf2cfetbl
[ 16%] Built target elf2cfetbl
[ 16%] Built target cfe-build-env
[ 16%] Built target cfe-module-version
[ 16%] Built target mission-version
[ 25%] Building C object cfeconfig_platformdata_tool/CMakeFiles/cfeconfig_platformdata_native_default_cpu2.dir/cfeconfig_platformdata_table.c.o
[ 25%] Built target cfeconfig_platformdata_native_default_cpu2
[ 33%] Building C object cfeconfig_platformdata_tool/CMakeFiles/cfeconfig_platformdata_native_default_cpu1.dir/cfeconfig_platformdata_table.c.o
[ 33%] Built target cfeconfig_platformdata_native_default_cpu1
[ 41%] Building C object cfeconfig_platformdata_tool/CMakeFiles/cfeconfig_platformdata_tool.dir/cfeconfig_platformdata_tool.c.o
[ 50%] Building C object cfeconfig_platformdata_tool/CMakeFiles/cfeconfig_platformdata_tool.dir/__/src/cfe_configid_nametable.c.o
[ 58%] Building C object cfeconfig_platformdata_tool/CMakeFiles/cfeconfig_platformdata_tool.dir/__/src/cfe_platform_list.c.o
[ 66%] Linking C executable cfeconfig_platformdata_tool
[ 66%] Built target cfeconfig_platformdata_tool
[ 75%] Generating ../src/cfeconfig_platformdata_native_default_cpu1.c
[ 83%] Generating ../src/cfeconfig_platformdata_native_default_cpu1.list
[ 83%] Built target cfgtool-execute-native_default_cpu1
[ 91%] Generating ../src/cfeconfig_platformdata_native_default_cpu2.c
[100%] Generating ../src/cfeconfig_platformdata_native_default_cpu2.list
[100%] Built target cfgtool-execute-native_default_cpu2
[100%] Built target mission-prebuild
[  0%] Building C object apps/sbn_f_remap/CMakeFiles/tblobj_cpu2_sbn_f_remap.tbl8048a635ab7587a83e65a01ed4b4f2a050fd6d6d.dir/fsw/tables/sbn_remap_tbl.c.o
[  0%] Linking C static library libtblobj_cpu2_sbn_f_remap.tbl8048a635ab7587a83e65a01ed4b4f2a050fd6d6d.a
[  0%] Built target tblobj_cpu2_sbn_f_remap.tbl8048a635ab7587a83e65a01ed4b4f2a050fd6d6d
[  0%] Generating /home/user/work/procrace/cfs_cord/cFS/build-native_std/tables/cpu2_sbn_f_remap.tbl8048a635ab7587a83e65a01ed4b4f2a050fd6d6d.sbn_remap_tbl.d
[  0%] Built target generate_table_cpu2_sbn_f_remap_sbn_remap_tbl
[  0%] Building C object CMakeFiles/tblobj_cpu2_sample_app.tblb17ae94708ccbe854ba73e15a042c499685222c4.dir/home/user/work/procrace/cfs_cord/cFS/sample_defs/tables/sample_app_alt1.c.o
[  0%] Linking C static library libtblobj_cpu2_sample_app.tblb17ae94708ccbe854ba73e15a042c499685222c4.a
[  0%] Built target tblobj_cpu2_sample_app.tblb17ae94708ccbe854ba73e15a042c499685222c4
[  0%] Generating /home/user/work/procrace/cfs_cord/cFS/build-native_std/tables/cpu2_sample_app.tblb17ae94708ccbe854ba73e15a042c499685222c4.sample_app_alt1.d
[  0%] Built target generate_table_cpu2_sample_app_sample_app_alt1
[  0%] Building C object CMakeFiles/tblobj_cpu2_to_lab.tbld367b247b3531837f72726cb4f224cc807751c33.dir/home/user/work/procrace/cfs_cord/cFS/sample_defs/tables/to_lab_sub_alt.c.o
[  0%] Linking C static library libtblobj_cpu2_to_lab.tbld367b247b3531837f72726cb4f224cc807751c33.a
[  0%] Built target tblobj_cpu2_to_lab.tbld367b247b3531837f72726cb4f224cc807751c33
[  0%] Generating /home/user/work/procrace/cfs_cord/cFS/build-native_std/tables/cpu2_to_lab.tbld367b247b3531837f72726cb4f224cc807751c33.to_lab_sub_alt.d
[  0%] Built target generate_table_cpu2_to_lab_to_lab_sub_alt
[  0%] Building C object CMakeFiles/tblobj_cpu2_to_lab.tblf258323ed01158b5760d0be8a94dca2ab83b1934.dir/home/user/work/procrace/cfs_cord/cFS/sample_defs/tables/to_lab_sub_bad.c.o
[  0%] Linking C static library libtblobj_cpu2_to_lab.tblf258323ed01158b5760d0be8a94dca2ab83b1934.a
[  0%] Built target tblobj_cpu2_to_lab.tblf258323ed01158b5760d0be8a94dca2ab83b1934
[  0%] Generating /home/user/work/procrace/cfs_cord/cFS/build-native_std/tables/cpu2_to_lab.tblf258323ed01158b5760d0be8a94dca2ab83b1934.to_lab_sub_bad.d
[  0%] Built target generate_table_cpu2_to_lab_to_lab_sub_bad
[  0%] Building C object CMakeFiles/tblobj_cpu2_lc.tbl5f6a747d978ba24c21e6ff633c28dda980dfc402.dir/home/user/work/procrace/cfs_cord/cFS/sample_defs/tables/lc_def_adt-test.c.o
[  0%] Linking C static library libtblobj_cpu2_lc.tbl5f6a747d978ba24c21e6ff633c28dda980dfc402.a
[  0%] Built target tblobj_cpu2_lc.tbl5f6a747d978ba24c21e6ff633c28dda980dfc402
[  0%] Generating /home/user/work/procrace/cfs_cord/cFS/build-native_std/tables/cpu2_lc.tbl5f6a747d978ba24c21e6ff633c28dda980dfc402.lc_def_adt-test.d
[  0%] Built target generate_table_cpu2_lc_lc_def_adt-test
[  0%] Building C object apps/hk/CMakeFiles/tblobj_cpu2_hk.tbl19ee3283ee657a1530f4d7b3fe29bcad064b8219.dir/fsw/tables/hk_cpy_tbl.c.o
[  0%] Linking C static library libtblobj_cpu2_hk.tbl19ee3283ee657a1530f4d7b3fe29bcad064b8219.a
[  0%] Built target tblobj_cpu2_hk.tbl19ee3283ee657a1530f4d7b3fe29bcad064b8219
[  0%] Generating /home/user/work/procrace/cfs_cord/cFS/build-native_std/tables/cpu2_hk.tbl19ee3283ee657a1530f4d7b3fe29bcad064b8219.hk_cpy_tbl.d
[  0%] Built target generate_table_cpu2_hk_hk_cpy_tbl
[  0%] Building C object apps/to_lab/CMakeFiles/tblobj_cpu2_to_lab.tbl2e641eeb9e97fe9674b833da2305a414ea4c780d.dir/home/user/work/procrace/cfs_cord/cFS/sample_defs/tables/to_lab_sub.c.o
[  0%] Linking C static library libtblobj_cpu2_to_lab.tbl2e641eeb9e97fe9674b833da2305a414ea4c780d.a
[  0%] Built target tblobj_cpu2_to_lab.tbl2e641eeb9e97fe9674b833da2305a414ea4c780d
[ 20%] Generating /home/user/work/procrace/cfs_cord/cFS/build-native_std/tables/cpu2_to_lab.tbl2e641eeb9e97fe9674b833da2305a414ea4c780d.to_lab_sub.d
[ 20%] Built target generate_table_cpu2_to_lab_to_lab_sub
[ 20%] Building C object apps/sch_lab/CMakeFiles/tblobj_cpu2_sch_lab.tbl808b1c25aebff3f962d48d984c0c12bc112d0306.dir/home/user/work/procrace/cfs_cord/cFS/sample_defs/tables/sch_lab_table.c.o
[ 20%] Linking C static library libtblobj_cpu2_sch_lab.tbl808b1c25aebff3f962d48d984c0c12bc112d0306.a
[ 20%] Built target tblobj_cpu2_sch_lab.tbl808b1c25aebff3f962d48d984c0c12bc112d0306
[ 20%] Generating /home/user/work/procrace/cfs_cord/cFS/build-native_std/tables/cpu2_sch_lab.tbl808b1c25aebff3f962d48d984c0c12bc112d0306.sch_lab_table.d
[ 20%] Built target generate_table_cpu2_sch_lab_sch_lab_table
[ 20%] Building C object apps/cfe_testcase/CMakeFiles/tblobj_cpu2_cfeTestAppTable.tblb8e13d4348149be616657c0ebc7bf6737f0a0b69.dir/tables/cfe_test_tbl.c.o
[ 20%] Linking C static library libtblobj_cpu2_cfeTestAppTable.tblb8e13d4348149be616657c0ebc7bf6737f0a0b69.a
[ 20%] Built target tblobj_cpu2_cfeTestAppTable.tblb8e13d4348149be616657c0ebc7bf6737f0a0b69
[ 20%] Generating /home/user/work/procrace/cfs_cord/cFS/build-native_std/tables/cpu2_cfeTestAppTable.tblb8e13d4348149be616657c0ebc7bf6737f0a0b69.cfe_test_tbl.d
[ 20%] Built target generate_table_cpu2_cfeTestAppTable_cfe_test_tbl
[ 20%] Building C object apps/sample_app/CMakeFiles/tblobj_cpu2_sample_app.tbla6ebf53c10ce42deb3df1d4c1b295b9735e774bb.dir/fsw/tables/sample_app_tbl.c.o
[ 20%] Linking C static library libtblobj_cpu2_sample_app.tbla6ebf53c10ce42deb3df1d4c1b295b9735e774bb.a
[ 20%] Built target tblobj_cpu2_sample_app.tbla6ebf53c10ce42deb3df1d4c1b295b9735e774bb
[ 20%] Generating /home/user/work/procrace/cfs_cord/cFS/build-native_std/tables/cpu2_sample_app.tbla6ebf53c10ce42deb3df1d4c1b295b9735e774bb.sample_app_tbl.d
[ 20%] Built target generate_table_cpu2_sample_app_sample_app_tbl
[ 20%] Building C object apps/cf/CMakeFiles/tblobj_cpu2_cf.tbld1c57f478b1965b8853792a6c4728b9f5bafa61c.dir/fsw/tables/cf_def_config.c.o
[ 20%] Linking C static library libtblobj_cpu2_cf.tbld1c57f478b1965b8853792a6c4728b9f5bafa61c.a
[ 20%] Built target tblobj_cpu2_cf.tbld1c57f478b1965b8853792a6c4728b9f5bafa61c
[ 20%] Generating /home/user/work/procrace/cfs_cord/cFS/build-native_std/tables/cpu2_cf.tbld1c57f478b1965b8853792a6c4728b9f5bafa61c.cf_def_config.d
[ 20%] Built target generate_table_cpu2_cf_cf_def_config
[ 20%] Building C object apps/hs/CMakeFiles/tblobj_cpu2_hs.tbl2bbd917c733caeff37e738dcfa742383fa687e75.dir/fsw/tables/hs_mat.c.o
[ 20%] Building C object apps/hs/CMakeFiles/tblobj_cpu2_hs.tbl2bbd917c733caeff37e738dcfa742383fa687e75.dir/fsw/tables/hs_xct.c.o
[ 20%] Building C object apps/hs/CMakeFiles/tblobj_cpu2_hs.tbl2bbd917c733caeff37e738dcfa742383fa687e75.dir/fsw/tables/hs_amt.c.o
[ 20%] Building C object apps/hs/CMakeFiles/tblobj_cpu2_hs.tbl2bbd917c733caeff37e738dcfa742383fa687e75.dir/fsw/tables/hs_emt.c.o
[ 20%] Linking C static library libtblobj_cpu2_hs.tbl2bbd917c733caeff37e738dcfa742383fa687e75.a
[ 20%] Built target tblobj_cpu2_hs.tbl2bbd917c733caeff37e738dcfa742383fa687e75
[ 20%] Generating /home/user/work/procrace/cfs_cord/cFS/build-native_std/tables/cpu2_hs.tbl2bbd917c733caeff37e738dcfa742383fa687e75.hs_mat.d
[ 20%] Built target generate_table_cpu2_hs_hs_mat
[ 40%] Generating /home/user/work/procrace/cfs_cord/cFS/build-native_std/tables/cpu2_hs.tbl2bbd917c733caeff37e738dcfa742383fa687e75.hs_xct.d
[ 40%] Built target generate_table_cpu2_hs_hs_xct
[ 40%] Generating /home/user/work/procrace/cfs_cord/cFS/build-native_std/tables/cpu2_hs.tbl2bbd917c733caeff37e738dcfa742383fa687e75.hs_amt.d
[ 40%] Built target generate_table_cpu2_hs_hs_amt
[ 40%] Generating /home/user/work/procrace/cfs_cord/cFS/build-native_std/tables/cpu2_hs.tbl2bbd917c733caeff37e738dcfa742383fa687e75.hs_emt.d
[ 40%] Built target generate_table_cpu2_hs_hs_emt
[ 60%] Building C object apps/md/CMakeFiles/tblobj_cpu2_md.tblc2b615d1eea12320d8941ab9894dc9df3470a3c7.dir/fsw/tables/md_dw02.c.o
[ 60%] Building C object apps/md/CMakeFiles/tblobj_cpu2_md.tblc2b615d1eea12320d8941ab9894dc9df3470a3c7.dir/fsw/tables/md_dw03.c.o
[ 60%] Building C object apps/md/CMakeFiles/tblobj_cpu2_md.tblc2b615d1eea12320d8941ab9894dc9df3470a3c7.dir/fsw/tables/md_dw04.c.o
[ 60%] Building C object apps/md/CMakeFiles/tblobj_cpu2_md.tblc2b615d1eea12320d8941ab9894dc9df3470a3c7.dir/fsw/tables/md_dw01.c.o
[ 60%] Linking C static library libtblobj_cpu2_md.tblc2b615d1eea12320d8941ab9894dc9df3470a3c7.a
[ 60%] Built target tblobj_cpu2_md.tblc2b615d1eea12320d8941ab9894dc9df3470a3c7
[ 60%] Generating /home/user/work/procrace/cfs_cord/cFS/build-native_std/tables/cpu2_md.tblc2b615d1eea12320d8941ab9894dc9df3470a3c7.md_dw02.d
[ 60%] Built target generate_table_cpu2_md_md_dw02
[ 60%] Generating /home/user/work/procrace/cfs_cord/cFS/build-native_std/tables/cpu2_md.tblc2b615d1eea12320d8941ab9894dc9df3470a3c7.md_dw03.d
[ 60%] Built target generate_table_cpu2_md_md_dw03
[ 60%] Generating /home/user/work/procrace/cfs_cord/cFS/build-native_std/tables/cpu2_md.tblc2b615d1eea12320d8941ab9894dc9df3470a3c7.md_dw04.d
[ 60%] Built target generate_table_cpu2_md_md_dw04
[ 60%] Generating /home/user/work/procrace/cfs_cord/cFS/build-native_std/tables/cpu2_md.tblc2b615d1eea12320d8941ab9894dc9df3470a3c7.md_dw01.d
[ 60%] Built target generate_table_cpu2_md_md_dw01
[ 60%] Building C object apps/cs/CMakeFiles/tblobj_cpu2_cs.tbl2ebca3c03f9980c1cc71fdfdbddf773fce45a351.dir/fsw/tables/cs_apptbl.c.o
[ 60%] Building C object apps/cs/CMakeFiles/tblobj_cpu2_cs.tbl2ebca3c03f9980c1cc71fdfdbddf773fce45a351.dir/fsw/tables/cs_eepromtbl.c.o
[ 60%] Building C object apps/cs/CMakeFiles/tblobj_cpu2_cs.tbl2ebca3c03f9980c1cc71fdfdbddf773fce45a351.dir/fsw/tables/cs_memorytbl.c.o
[ 60%] Building C object apps/cs/CMakeFiles/tblobj_cpu2_cs.tbl2ebca3c03f9980c1cc71fdfdbddf773fce45a351.dir/home/user/work/procrace/cfs_cord/cFS/sample_defs/tables/cs_tablestbl.c.o
[ 60%] Linking C static library libtblobj_cpu2_cs.tbl2ebca3c03f9980c1cc71fdfdbddf773fce45a351.a
[ 60%] Built target tblobj_cpu2_cs.tbl2ebca3c03f9980c1cc71fdfdbddf773fce45a351
[ 60%] Generating /home/user/work/procrace/cfs_cord/cFS/build-native_std/tables/cpu2_cs.tbl2ebca3c03f9980c1cc71fdfdbddf773fce45a351.cs_apptbl.d
[ 60%] Built target generate_table_cpu2_cs_cs_apptbl
[ 60%] Generating /home/user/work/procrace/cfs_cord/cFS/build-native_std/tables/cpu2_cs.tbl2ebca3c03f9980c1cc71fdfdbddf773fce45a351.cs_eepromtbl.d
[ 60%] Built target generate_table_cpu2_cs_cs_eepromtbl
[ 60%] Generating /home/user/work/procrace/cfs_cord/cFS/build-native_std/tables/cpu2_cs.tbl2ebca3c03f9980c1cc71fdfdbddf773fce45a351.cs_memorytbl.d
[ 60%] Built target generate_table_cpu2_cs_cs_memorytbl
[ 60%] Generating /home/user/work/procrace/cfs_cord/cFS/build-native_std/tables/cpu2_cs.tbl2ebca3c03f9980c1cc71fdfdbddf773fce45a351.cs_tablestbl.d
[ 60%] Built target generate_table_cpu2_cs_cs_tablestbl
[ 60%] Building C object apps/fm/CMakeFiles/tblobj_cpu2_fm.tbl009b8d9f25f36529033b0cc362d9276954531b85.dir/fsw/tables/fm_monitor.c.o
[ 60%] Linking C static library libtblobj_cpu2_fm.tbl009b8d9f25f36529033b0cc362d9276954531b85.a
[ 60%] Built target tblobj_cpu2_fm.tbl009b8d9f25f36529033b0cc362d9276954531b85
[ 60%] Generating /home/user/work/procrace/cfs_cord/cFS/build-native_std/tables/cpu2_fm.tbl009b8d9f25f36529033b0cc362d9276954531b85.fm_monitor.d
[ 60%] Built target generate_table_cpu2_fm_fm_monitor
[ 60%] Building C object apps/lc/CMakeFiles/tblobj_cpu2_lc.tbldc27572e1a5af6705da534bfee1248e107e0f7fd.dir/fsw/tables/lc_def_wdt.c.o
[ 60%] Building C object apps/lc/CMakeFiles/tblobj_cpu2_lc.tbldc27572e1a5af6705da534bfee1248e107e0f7fd.dir/fsw/tables/lc_def_adt.c.o
[ 60%] Linking C static library libtblobj_cpu2_lc.tbldc27572e1a5af6705da534bfee1248e107e0f7fd.a
[ 60%] Built target tblobj_cpu2_lc.tbldc27572e1a5af6705da534bfee1248e107e0f7fd
[ 60%] Generating /home/user/work/procrace/cfs_cord/cFS/build-native_std/tables/cpu2_lc.tbldc27572e1a5af6705da534bfee1248e107e0f7fd.lc_def_wdt.d
[ 60%] Built target generate_table_cpu2_lc_lc_def_wdt
[ 60%] Generating /home/user/work/procrace/cfs_cord/cFS/build-native_std/tables/cpu2_lc.tbldc27572e1a5af6705da534bfee1248e107e0f7fd.lc_def_adt.d
[ 60%] Built target generate_table_cpu2_lc_lc_def_adt
[ 60%] Building C object apps/sc/CMakeFiles/tblobj_cpu2_sc.tblb307d100ae5f46bf3908e9507f5cf208f3fb49d0.dir/fsw/tables/sc_ats1.c.o
[ 60%] Building C object apps/sc/CMakeFiles/tblobj_cpu2_sc.tblb307d100ae5f46bf3908e9507f5cf208f3fb49d0.dir/fsw/tables/sc_rts001.c.o
[ 60%] Building C object apps/sc/CMakeFiles/tblobj_cpu2_sc.tblb307d100ae5f46bf3908e9507f5cf208f3fb49d0.dir/fsw/tables/sc_rts002.c.o
[ 60%] Building C object apps/sc/CMakeFiles/tblobj_cpu2_sc.tblb307d100ae5f46bf3908e9507f5cf208f3fb49d0.dir/fsw/tables/sc_rts003.c.o
[ 60%] Building C object apps/sc/CMakeFiles/tblobj_cpu2_sc.tblb307d100ae5f46bf3908e9507f5cf208f3fb49d0.dir/fsw/tables/sc_rts004.c.o
[ 80%] Linking C static library libtblobj_cpu2_sc.tblb307d100ae5f46bf3908e9507f5cf208f3fb49d0.a
[ 80%] Built target tblobj_cpu2_sc.tblb307d100ae5f46bf3908e9507f5cf208f3fb49d0
[ 80%] Generating /home/user/work/procrace/cfs_cord/cFS/build-native_std/tables/cpu2_sc.tblb307d100ae5f46bf3908e9507f5cf208f3fb49d0.sc_ats1.d
[ 80%] Built target generate_table_cpu2_sc_sc_ats1
[ 80%] Generating /home/user/work/procrace/cfs_cord/cFS/build-native_std/tables/cpu2_sc.tblb307d100ae5f46bf3908e9507f5cf208f3fb49d0.sc_rts001.d
[ 80%] Built target generate_table_cpu2_sc_sc_rts001
[ 80%] Generating /home/user/work/procrace/cfs_cord/cFS/build-native_std/tables/cpu2_sc.tblb307d100ae5f46bf3908e9507f5cf208f3fb49d0.sc_rts002.d
[ 80%] Built target generate_table_cpu2_sc_sc_rts002
[ 80%] Generating /home/user/work/procrace/cfs_cord/cFS/build-native_std/tables/cpu2_sc.tblb307d100ae5f46bf3908e9507f5cf208f3fb49d0.sc_rts003.d
[ 80%] Built target generate_table_cpu2_sc_sc_rts003
[ 80%] Generating /home/user/work/procrace/cfs_cord/cFS/build-native_std/tables/cpu2_sc.tblb307d100ae5f46bf3908e9507f5cf208f3fb49d0.sc_rts004.d
[ 80%] Built target generate_table_cpu2_sc_sc_rts004
[100%] Building C object apps/ds/CMakeFiles/tblobj_cpu2_ds.tbl8fda5a330f1eb9481da774215cd1f7c2ef30cbe7.dir/fsw/tables/ds_filter_tbl.c.o
[100%] Building C object apps/ds/CMakeFiles/tblobj_cpu2_ds.tbl8fda5a330f1eb9481da774215cd1f7c2ef30cbe7.dir/fsw/tables/ds_file_tbl.c.o
[100%] Linking C static library libtblobj_cpu2_ds.tbl8fda5a330f1eb9481da774215cd1f7c2ef30cbe7.a
[100%] Built target tblobj_cpu2_ds.tbl8fda5a330f1eb9481da774215cd1f7c2ef30cbe7
[100%] Generating /home/user/work/procrace/cfs_cord/cFS/build-native_std/tables/cpu2_ds.tbl8fda5a330f1eb9481da774215cd1f7c2ef30cbe7.ds_filter_tbl.d
[100%] Built target generate_table_cpu2_ds_ds_filter_tbl
[100%] Generating /home/user/work/procrace/cfs_cord/cFS/build-native_std/tables/cpu2_ds.tbl8fda5a330f1eb9481da774215cd1f7c2ef30cbe7.ds_file_tbl.d
[100%] Built target generate_table_cpu2_ds_ds_file_tbl
[100%] Building C object apps/sbn/CMakeFiles/tblobj_cpu2_sbn.tbl3fc154b96a313f105bc9e3ee540a3998c8756e9f.dir/fsw/tables/sbn_conf_tbl.c.o
[100%] Linking C static library libtblobj_cpu2_sbn.tbl3fc154b96a313f105bc9e3ee540a3998c8756e9f.a
[100%] Built target tblobj_cpu2_sbn.tbl3fc154b96a313f105bc9e3ee540a3998c8756e9f
[100%] Generating /home/user/work/procrace/cfs_cord/cFS/build-native_std/tables/cpu2_sbn.tbl3fc154b96a313f105bc9e3ee540a3998c8756e9f.sbn_conf_tbl.d
[100%] Built target generate_table_cpu2_sbn_sbn_conf_tbl
[100%] Built target cfetables
[100%] Built target native_default_cpu2-cfetables
[  0%] Building C object apps/sbn_f_remap/CMakeFiles/tblobj_cpu1_sbn_f_remap.tbl8048a635ab7587a83e65a01ed4b4f2a050fd6d6d.dir/fsw/tables/sbn_remap_tbl.c.o
[  0%] Linking C static library libtblobj_cpu1_sbn_f_remap.tbl8048a635ab7587a83e65a01ed4b4f2a050fd6d6d.a
[  0%] Built target tblobj_cpu1_sbn_f_remap.tbl8048a635ab7587a83e65a01ed4b4f2a050fd6d6d
[  0%] Generating /home/user/work/procrace/cfs_cord/cFS/build-native_std/tables/cpu1_sbn_f_remap.tbl8048a635ab7587a83e65a01ed4b4f2a050fd6d6d.sbn_remap_tbl.d
[  0%] Built target generate_table_cpu1_sbn_f_remap_sbn_remap_tbl
[  0%] Building C object CMakeFiles/tblobj_cpu1_sample_app.tblb42ebb67c7c5d562fbfd7a04deb291c8fe7b96eb.dir/home/user/work/procrace/cfs_cord/cFS/sample_defs/tables/sample_app_alt1.c.o
[  0%] Linking C static library libtblobj_cpu1_sample_app.tblb42ebb67c7c5d562fbfd7a04deb291c8fe7b96eb.a
[  0%] Built target tblobj_cpu1_sample_app.tblb42ebb67c7c5d562fbfd7a04deb291c8fe7b96eb
[  0%] Generating /home/user/work/procrace/cfs_cord/cFS/build-native_std/tables/cpu1_sample_app.tblb42ebb67c7c5d562fbfd7a04deb291c8fe7b96eb.sample_app_alt1.d
[  0%] Built target generate_table_cpu1_sample_app_sample_app_alt1
[  0%] Building C object CMakeFiles/tblobj_cpu1_to_lab.tbl803d3c10d51a0c53df0fc48d1d53f80dbcdd5fee.dir/home/user/work/procrace/cfs_cord/cFS/sample_defs/tables/to_lab_sub_alt.c.o
[  0%] Linking C static library libtblobj_cpu1_to_lab.tbl803d3c10d51a0c53df0fc48d1d53f80dbcdd5fee.a
[  0%] Built target tblobj_cpu1_to_lab.tbl803d3c10d51a0c53df0fc48d1d53f80dbcdd5fee
[  0%] Generating /home/user/work/procrace/cfs_cord/cFS/build-native_std/tables/cpu1_to_lab.tbl803d3c10d51a0c53df0fc48d1d53f80dbcdd5fee.to_lab_sub_alt.d
[  0%] Built target generate_table_cpu1_to_lab_to_lab_sub_alt
[  0%] Building C object CMakeFiles/tblobj_cpu1_to_lab.tbl216326f53e43f4ace41a7863e1c31cac41b5a188.dir/home/user/work/procrace/cfs_cord/cFS/sample_defs/tables/to_lab_sub_bad.c.o
[  0%] Linking C static library libtblobj_cpu1_to_lab.tbl216326f53e43f4ace41a7863e1c31cac41b5a188.a
[  0%] Built target tblobj_cpu1_to_lab.tbl216326f53e43f4ace41a7863e1c31cac41b5a188
[  0%] Generating /home/user/work/procrace/cfs_cord/cFS/build-native_std/tables/cpu1_to_lab.tbl216326f53e43f4ace41a7863e1c31cac41b5a188.to_lab_sub_bad.d
[  0%] Built target generate_table_cpu1_to_lab_to_lab_sub_bad
[  0%] Building C object CMakeFiles/tblobj_cpu1_lc.tbl0438a940e026f0a3cafc266ed655af3fbbf517a1.dir/home/user/work/procrace/cfs_cord/cFS/sample_defs/tables/lc_def_adt-test.c.o
[  0%] Linking C static library libtblobj_cpu1_lc.tbl0438a940e026f0a3cafc266ed655af3fbbf517a1.a
[  0%] Built target tblobj_cpu1_lc.tbl0438a940e026f0a3cafc266ed655af3fbbf517a1
[  0%] Generating /home/user/work/procrace/cfs_cord/cFS/build-native_std/tables/cpu1_lc.tbl0438a940e026f0a3cafc266ed655af3fbbf517a1.lc_def_adt-test.d
[  0%] Built target generate_table_cpu1_lc_lc_def_adt-test
[  0%] Building C object apps/hk/CMakeFiles/tblobj_cpu1_hk.tbl19ee3283ee657a1530f4d7b3fe29bcad064b8219.dir/fsw/tables/hk_cpy_tbl.c.o
[  0%] Linking C static library libtblobj_cpu1_hk.tbl19ee3283ee657a1530f4d7b3fe29bcad064b8219.a
[  0%] Built target tblobj_cpu1_hk.tbl19ee3283ee657a1530f4d7b3fe29bcad064b8219
[  0%] Generating /home/user/work/procrace/cfs_cord/cFS/build-native_std/tables/cpu1_hk.tbl19ee3283ee657a1530f4d7b3fe29bcad064b8219.hk_cpy_tbl.d
[  0%] Built target generate_table_cpu1_hk_hk_cpy_tbl
[  0%] Building C object apps/to_lab/CMakeFiles/tblobj_cpu1_to_lab.tbl2e641eeb9e97fe9674b833da2305a414ea4c780d.dir/home/user/work/procrace/cfs_cord/cFS/sample_defs/tables/to_lab_sub.c.o
[  0%] Linking C static library libtblobj_cpu1_to_lab.tbl2e641eeb9e97fe9674b833da2305a414ea4c780d.a
[  0%] Built target tblobj_cpu1_to_lab.tbl2e641eeb9e97fe9674b833da2305a414ea4c780d
[ 20%] Generating /home/user/work/procrace/cfs_cord/cFS/build-native_std/tables/cpu1_to_lab.tbl2e641eeb9e97fe9674b833da2305a414ea4c780d.to_lab_sub.d
[ 20%] Built target generate_table_cpu1_to_lab_to_lab_sub
[ 20%] Building C object apps/sch_lab/CMakeFiles/tblobj_cpu1_sch_lab.tbl808b1c25aebff3f962d48d984c0c12bc112d0306.dir/home/user/work/procrace/cfs_cord/cFS/sample_defs/tables/sch_lab_table.c.o
[ 20%] Linking C static library libtblobj_cpu1_sch_lab.tbl808b1c25aebff3f962d48d984c0c12bc112d0306.a
[ 20%] Built target tblobj_cpu1_sch_lab.tbl808b1c25aebff3f962d48d984c0c12bc112d0306
[ 20%] Generating /home/user/work/procrace/cfs_cord/cFS/build-native_std/tables/cpu1_sch_lab.tbl808b1c25aebff3f962d48d984c0c12bc112d0306.sch_lab_table.d
[ 20%] Built target generate_table_cpu1_sch_lab_sch_lab_table
[ 20%] Building C object apps/cfe_testcase/CMakeFiles/tblobj_cpu1_cfeTestAppTable.tblb8e13d4348149be616657c0ebc7bf6737f0a0b69.dir/tables/cfe_test_tbl.c.o
[ 20%] Linking C static library libtblobj_cpu1_cfeTestAppTable.tblb8e13d4348149be616657c0ebc7bf6737f0a0b69.a
[ 20%] Built target tblobj_cpu1_cfeTestAppTable.tblb8e13d4348149be616657c0ebc7bf6737f0a0b69
[ 20%] Generating /home/user/work/procrace/cfs_cord/cFS/build-native_std/tables/cpu1_cfeTestAppTable.tblb8e13d4348149be616657c0ebc7bf6737f0a0b69.cfe_test_tbl.d
[ 20%] Built target generate_table_cpu1_cfeTestAppTable_cfe_test_tbl
[ 20%] Building C object apps/sample_app/CMakeFiles/tblobj_cpu1_sample_app.tbla6ebf53c10ce42deb3df1d4c1b295b9735e774bb.dir/fsw/tables/sample_app_tbl.c.o
[ 20%] Linking C static library libtblobj_cpu1_sample_app.tbla6ebf53c10ce42deb3df1d4c1b295b9735e774bb.a
[ 20%] Built target tblobj_cpu1_sample_app.tbla6ebf53c10ce42deb3df1d4c1b295b9735e774bb
[ 20%] Generating /home/user/work/procrace/cfs_cord/cFS/build-native_std/tables/cpu1_sample_app.tbla6ebf53c10ce42deb3df1d4c1b295b9735e774bb.sample_app_tbl.d
[ 20%] Built target generate_table_cpu1_sample_app_sample_app_tbl
[ 20%] Building C object apps/cf/CMakeFiles/tblobj_cpu1_cf.tbld1c57f478b1965b8853792a6c4728b9f5bafa61c.dir/fsw/tables/cf_def_config.c.o
[ 20%] Linking C static library libtblobj_cpu1_cf.tbld1c57f478b1965b8853792a6c4728b9f5bafa61c.a
[ 20%] Built target tblobj_cpu1_cf.tbld1c57f478b1965b8853792a6c4728b9f5bafa61c
[ 20%] Generating /home/user/work/procrace/cfs_cord/cFS/build-native_std/tables/cpu1_cf.tbld1c57f478b1965b8853792a6c4728b9f5bafa61c.cf_def_config.d
[ 20%] Built target generate_table_cpu1_cf_cf_def_config
[ 20%] Building C object apps/hs/CMakeFiles/tblobj_cpu1_hs.tbl2bbd917c733caeff37e738dcfa742383fa687e75.dir/fsw/tables/hs_mat.c.o
[ 20%] Building C object apps/hs/CMakeFiles/tblobj_cpu1_hs.tbl2bbd917c733caeff37e738dcfa742383fa687e75.dir/fsw/tables/hs_xct.c.o
[ 20%] Building C object apps/hs/CMakeFiles/tblobj_cpu1_hs.tbl2bbd917c733caeff37e738dcfa742383fa687e75.dir/fsw/tables/hs_amt.c.o
[ 20%] Building C object apps/hs/CMakeFiles/tblobj_cpu1_hs.tbl2bbd917c733caeff37e738dcfa742383fa687e75.dir/fsw/tables/hs_emt.c.o
[ 20%] Linking C static library libtblobj_cpu1_hs.tbl2bbd917c733caeff37e738dcfa742383fa687e75.a
[ 20%] Built target tblobj_cpu1_hs.tbl2bbd917c733caeff37e738dcfa742383fa687e75
[ 20%] Generating /home/user/work/procrace/cfs_cord/cFS/build-native_std/tables/cpu1_hs.tbl2bbd917c733caeff37e738dcfa742383fa687e75.hs_mat.d
[ 20%] Built target generate_table_cpu1_hs_hs_mat
[ 40%] Generating /home/user/work/procrace/cfs_cord/cFS/build-native_std/tables/cpu1_hs.tbl2bbd917c733caeff37e738dcfa742383fa687e75.hs_xct.d
[ 40%] Built target generate_table_cpu1_hs_hs_xct
[ 40%] Generating /home/user/work/procrace/cfs_cord/cFS/build-native_std/tables/cpu1_hs.tbl2bbd917c733caeff37e738dcfa742383fa687e75.hs_amt.d
[ 40%] Built target generate_table_cpu1_hs_hs_amt
[ 40%] Generating /home/user/work/procrace/cfs_cord/cFS/build-native_std/tables/cpu1_hs.tbl2bbd917c733caeff37e738dcfa742383fa687e75.hs_emt.d
[ 40%] Built target generate_table_cpu1_hs_hs_emt
[ 60%] Building C object apps/md/CMakeFiles/tblobj_cpu1_md.tblc2b615d1eea12320d8941ab9894dc9df3470a3c7.dir/fsw/tables/md_dw02.c.o
[ 60%] Building C object apps/md/CMakeFiles/tblobj_cpu1_md.tblc2b615d1eea12320d8941ab9894dc9df3470a3c7.dir/fsw/tables/md_dw03.c.o
[ 60%] Building C object apps/md/CMakeFiles/tblobj_cpu1_md.tblc2b615d1eea12320d8941ab9894dc9df3470a3c7.dir/fsw/tables/md_dw04.c.o
[ 60%] Building C object apps/md/CMakeFiles/tblobj_cpu1_md.tblc2b615d1eea12320d8941ab9894dc9df3470a3c7.dir/fsw/tables/md_dw01.c.o
[ 60%] Linking C static library libtblobj_cpu1_md.tblc2b615d1eea12320d8941ab9894dc9df3470a3c7.a
[ 60%] Built target tblobj_cpu1_md.tblc2b615d1eea12320d8941ab9894dc9df3470a3c7
[ 60%] Generating /home/user/work/procrace/cfs_cord/cFS/build-native_std/tables/cpu1_md.tblc2b615d1eea12320d8941ab9894dc9df3470a3c7.md_dw02.d
[ 60%] Built target generate_table_cpu1_md_md_dw02
[ 60%] Generating /home/user/work/procrace/cfs_cord/cFS/build-native_std/tables/cpu1_md.tblc2b615d1eea12320d8941ab9894dc9df3470a3c7.md_dw03.d
[ 60%] Built target generate_table_cpu1_md_md_dw03
[ 60%] Generating /home/user/work/procrace/cfs_cord/cFS/build-native_std/tables/cpu1_md.tblc2b615d1eea12320d8941ab9894dc9df3470a3c7.md_dw04.d
[ 60%] Built target generate_table_cpu1_md_md_dw04
[ 60%] Generating /home/user/work/procrace/cfs_cord/cFS/build-native_std/tables/cpu1_md.tblc2b615d1eea12320d8941ab9894dc9df3470a3c7.md_dw01.d
[ 60%] Built target generate_table_cpu1_md_md_dw01
[ 60%] Building C object apps/cs/CMakeFiles/tblobj_cpu1_cs.tbl2ebca3c03f9980c1cc71fdfdbddf773fce45a351.dir/fsw/tables/cs_apptbl.c.o
[ 60%] Building C object apps/cs/CMakeFiles/tblobj_cpu1_cs.tbl2ebca3c03f9980c1cc71fdfdbddf773fce45a351.dir/fsw/tables/cs_eepromtbl.c.o
[ 60%] Building C object apps/cs/CMakeFiles/tblobj_cpu1_cs.tbl2ebca3c03f9980c1cc71fdfdbddf773fce45a351.dir/fsw/tables/cs_memorytbl.c.o
[ 60%] Building C object apps/cs/CMakeFiles/tblobj_cpu1_cs.tbl2ebca3c03f9980c1cc71fdfdbddf773fce45a351.dir/home/user/work/procrace/cfs_cord/cFS/sample_defs/tables/cs_tablestbl.c.o
[ 60%] Linking C static library libtblobj_cpu1_cs.tbl2ebca3c03f9980c1cc71fdfdbddf773fce45a351.a
[ 60%] Built target tblobj_cpu1_cs.tbl2ebca3c03f9980c1cc71fdfdbddf773fce45a351
[ 60%] Generating /home/user/work/procrace/cfs_cord/cFS/build-native_std/tables/cpu1_cs.tbl2ebca3c03f9980c1cc71fdfdbddf773fce45a351.cs_apptbl.d
[ 60%] Built target generate_table_cpu1_cs_cs_apptbl
[ 60%] Generating /home/user/work/procrace/cfs_cord/cFS/build-native_std/tables/cpu1_cs.tbl2ebca3c03f9980c1cc71fdfdbddf773fce45a351.cs_eepromtbl.d
[ 60%] Built target generate_table_cpu1_cs_cs_eepromtbl
[ 60%] Generating /home/user/work/procrace/cfs_cord/cFS/build-native_std/tables/cpu1_cs.tbl2ebca3c03f9980c1cc71fdfdbddf773fce45a351.cs_memorytbl.d
[ 60%] Built target generate_table_cpu1_cs_cs_memorytbl
[ 60%] Generating /home/user/work/procrace/cfs_cord/cFS/build-native_std/tables/cpu1_cs.tbl2ebca3c03f9980c1cc71fdfdbddf773fce45a351.cs_tablestbl.d
[ 60%] Built target generate_table_cpu1_cs_cs_tablestbl
[ 60%] Building C object apps/fm/CMakeFiles/tblobj_cpu1_fm.tbl009b8d9f25f36529033b0cc362d9276954531b85.dir/fsw/tables/fm_monitor.c.o
[ 60%] Linking C static library libtblobj_cpu1_fm.tbl009b8d9f25f36529033b0cc362d9276954531b85.a
[ 60%] Built target tblobj_cpu1_fm.tbl009b8d9f25f36529033b0cc362d9276954531b85
[ 60%] Generating /home/user/work/procrace/cfs_cord/cFS/build-native_std/tables/cpu1_fm.tbl009b8d9f25f36529033b0cc362d9276954531b85.fm_monitor.d
[ 60%] Built target generate_table_cpu1_fm_fm_monitor
[ 60%] Building C object apps/lc/CMakeFiles/tblobj_cpu1_lc.tbldc27572e1a5af6705da534bfee1248e107e0f7fd.dir/fsw/tables/lc_def_wdt.c.o
[ 60%] Building C object apps/lc/CMakeFiles/tblobj_cpu1_lc.tbldc27572e1a5af6705da534bfee1248e107e0f7fd.dir/fsw/tables/lc_def_adt.c.o
[ 60%] Linking C static library libtblobj_cpu1_lc.tbldc27572e1a5af6705da534bfee1248e107e0f7fd.a
[ 60%] Built target tblobj_cpu1_lc.tbldc27572e1a5af6705da534bfee1248e107e0f7fd
[ 60%] Generating /home/user/work/procrace/cfs_cord/cFS/build-native_std/tables/cpu1_lc.tbldc27572e1a5af6705da534bfee1248e107e0f7fd.lc_def_wdt.d
[ 60%] Built target generate_table_cpu1_lc_lc_def_wdt
[ 60%] Generating /home/user/work/procrace/cfs_cord/cFS/build-native_std/tables/cpu1_lc.tbldc27572e1a5af6705da534bfee1248e107e0f7fd.lc_def_adt.d
[ 60%] Built target generate_table_cpu1_lc_lc_def_adt
[ 60%] Building C object apps/sc/CMakeFiles/tblobj_cpu1_sc.tblb307d100ae5f46bf3908e9507f5cf208f3fb49d0.dir/fsw/tables/sc_ats1.c.o
[ 60%] Building C object apps/sc/CMakeFiles/tblobj_cpu1_sc.tblb307d100ae5f46bf3908e9507f5cf208f3fb49d0.dir/fsw/tables/sc_rts001.c.o
[ 60%] Building C object apps/sc/CMakeFiles/tblobj_cpu1_sc.tblb307d100ae5f46bf3908e9507f5cf208f3fb49d0.dir/fsw/tables/sc_rts002.c.o
[ 60%] Building C object apps/sc/CMakeFiles/tblobj_cpu1_sc.tblb307d100ae5f46bf3908e9507f5cf208f3fb49d0.dir/fsw/tables/sc_rts003.c.o
[ 60%] Building C object apps/sc/CMakeFiles/tblobj_cpu1_sc.tblb307d100ae5f46bf3908e9507f5cf208f3fb49d0.dir/fsw/tables/sc_rts004.c.o
[ 80%] Linking C static library libtblobj_cpu1_sc.tblb307d100ae5f46bf3908e9507f5cf208f3fb49d0.a
[ 80%] Built target tblobj_cpu1_sc.tblb307d100ae5f46bf3908e9507f5cf208f3fb49d0
[ 80%] Generating /home/user/work/procrace/cfs_cord/cFS/build-native_std/tables/cpu1_sc.tblb307d100ae5f46bf3908e9507f5cf208f3fb49d0.sc_ats1.d
[ 80%] Built target generate_table_cpu1_sc_sc_ats1
[ 80%] Generating /home/user/work/procrace/cfs_cord/cFS/build-native_std/tables/cpu1_sc.tblb307d100ae5f46bf3908e9507f5cf208f3fb49d0.sc_rts001.d
[ 80%] Built target generate_table_cpu1_sc_sc_rts001
[ 80%] Generating /home/user/work/procrace/cfs_cord/cFS/build-native_std/tables/cpu1_sc.tblb307d100ae5f46bf3908e9507f5cf208f3fb49d0.sc_rts002.d
[ 80%] Built target generate_table_cpu1_sc_sc_rts002
[ 80%] Generating /home/user/work/procrace/cfs_cord/cFS/build-native_std/tables/cpu1_sc.tblb307d100ae5f46bf3908e9507f5cf208f3fb49d0.sc_rts003.d
[ 80%] Built target generate_table_cpu1_sc_sc_rts003
[ 80%] Generating /home/user/work/procrace/cfs_cord/cFS/build-native_std/tables/cpu1_sc.tblb307d100ae5f46bf3908e9507f5cf208f3fb49d0.sc_rts004.d
[ 80%] Built target generate_table_cpu1_sc_sc_rts004
[100%] Building C object apps/ds/CMakeFiles/tblobj_cpu1_ds.tbl8fda5a330f1eb9481da774215cd1f7c2ef30cbe7.dir/fsw/tables/ds_filter_tbl.c.o
[100%] Building C object apps/ds/CMakeFiles/tblobj_cpu1_ds.tbl8fda5a330f1eb9481da774215cd1f7c2ef30cbe7.dir/fsw/tables/ds_file_tbl.c.o
[100%] Linking C static library libtblobj_cpu1_ds.tbl8fda5a330f1eb9481da774215cd1f7c2ef30cbe7.a
[100%] Built target tblobj_cpu1_ds.tbl8fda5a330f1eb9481da774215cd1f7c2ef30cbe7
[100%] Generating /home/user/work/procrace/cfs_cord/cFS/build-native_std/tables/cpu1_ds.tbl8fda5a330f1eb9481da774215cd1f7c2ef30cbe7.ds_filter_tbl.d
[100%] Built target generate_table_cpu1_ds_ds_filter_tbl
[100%] Generating /home/user/work/procrace/cfs_cord/cFS/build-native_std/tables/cpu1_ds.tbl8fda5a330f1eb9481da774215cd1f7c2ef30cbe7.ds_file_tbl.d
[100%] Built target generate_table_cpu1_ds_ds_file_tbl
[100%] Building C object apps/sbn/CMakeFiles/tblobj_cpu1_sbn.tbl3fc154b96a313f105bc9e3ee540a3998c8756e9f.dir/fsw/tables/sbn_conf_tbl.c.o
[100%] Linking C static library libtblobj_cpu1_sbn.tbl3fc154b96a313f105bc9e3ee540a3998c8756e9f.a
[100%] Built target tblobj_cpu1_sbn.tbl3fc154b96a313f105bc9e3ee540a3998c8756e9f
[100%] Generating /home/user/work/procrace/cfs_cord/cFS/build-native_std/tables/cpu1_sbn.tbl3fc154b96a313f105bc9e3ee540a3998c8756e9f.sbn_conf_tbl.d
[100%] Built target generate_table_cpu1_sbn_sbn_conf_tbl
[100%] Built target cfetables
[100%] Built target native_default_cpu1-cfetables
[100%] Built target mission-cfetables
mkdir: created directory 'elf'
mkdir: created directory 'elf/cpu1/'
mkdir: created directory 'staging/cpu1'
mkdir: created directory 'staging/cpu1/cf/'
mkdir: created directory 'elf/cpu2/'
mkdir: created directory 'staging/cpu2'
mkdir: created directory 'staging/cpu2/cf/'
Table build completed
[100%] Built target tabletool-execute
[  0%] Building C object osal/generic-linux_impl/CMakeFiles/osal_generic-linux_impl.dir/src/bsp_start.c.o
[  0%] Building C object osal/generic-linux_impl/CMakeFiles/osal_generic-linux_impl.dir/src/bsp_console.c.o
[  0%] Built target osal_generic-linux_impl
[  0%] Building C object osal/CMakeFiles/osal_bsp.dir/src/bsp/shared/src/osapi-bsp.c.o
[  0%] Building C object osal/CMakeFiles/osal_bsp.dir/src/bsp/shared/src/bsp_default_app_run.c.o
[  0%] Building C object osal/CMakeFiles/osal_bsp.dir/src/bsp/shared/src/bsp_default_app_startup.c.o
[  0%] Building C object osal/CMakeFiles/osal_bsp.dir/src/bsp/shared/src/bsp_default_symtab.c.o
[  0%] Building C object osal/CMakeFiles/osal_bsp.dir/src/bsp/shared/src/bsp_default_resourcecfg.c.o
[  0%] Linking C static library libosal_bsp.a
[  0%] Built target osal_bsp
[  0%] Building C object osal/posix_impl/CMakeFiles/osal_posix_impl.dir/src/os-impl-binsem.c.o
[  0%] Building C object osal/posix_impl/CMakeFiles/osal_posix_impl.dir/src/os-impl-common.c.o
[  0%] Building C object osal/posix_impl/CMakeFiles/osal_posix_impl.dir/src/os-impl-console.c.o
[  0%] Building C object osal/posix_impl/CMakeFiles/osal_posix_impl.dir/src/os-impl-condvar.c.o
[  0%] Building C object osal/posix_impl/CMakeFiles/osal_posix_impl.dir/src/os-impl-countsem.c.o
[  0%] Building C object osal/posix_impl/CMakeFiles/osal_posix_impl.dir/src/os-impl-dirs.c.o
[  0%] Building C object osal/posix_impl/CMakeFiles/osal_posix_impl.dir/src/os-impl-errors.c.o
[  0%] Building C object osal/posix_impl/CMakeFiles/osal_posix_impl.dir/src/os-impl-files.c.o
[  0%] Building C object osal/posix_impl/CMakeFiles/osal_posix_impl.dir/src/os-impl-filesys.c.o
[  0%] Building C object osal/posix_impl/CMakeFiles/osal_posix_impl.dir/src/os-impl-heap.c.o
[  0%] Building C object osal/posix_impl/CMakeFiles/osal_posix_impl.dir/src/os-impl-idmap.c.o
[  0%] Building C object osal/posix_impl/CMakeFiles/osal_posix_impl.dir/src/os-impl-mutex.c.o
[  0%] Building C object osal/posix_impl/CMakeFiles/osal_posix_impl.dir/src/os-impl-queues.c.o
[  0%] Building C object osal/posix_impl/CMakeFiles/osal_posix_impl.dir/src/os-impl-tasks.c.o
[  0%] Building C object osal/posix_impl/CMakeFiles/osal_posix_impl.dir/src/os-impl-timebase.c.o
[  0%] Building C object osal/posix_impl/CMakeFiles/osal_posix_impl.dir/home/user/work/procrace/cfs_cord/cFS/osal/src/os/portable/os-impl-posix-gettime.c.o
[  0%] Building C object osal/posix_impl/CMakeFiles/osal_posix_impl.dir/home/user/work/procrace/cfs_cord/cFS/osal/src/os/portable/os-impl-posix-gettime-monotonic.c.o
[  1%] Building C object osal/posix_impl/CMakeFiles/osal_posix_impl.dir/home/user/work/procrace/cfs_cord/cFS/osal/src/os/portable/os-impl-console-bsp.c.o
[  1%] Building C object osal/posix_impl/CMakeFiles/osal_posix_impl.dir/home/user/work/procrace/cfs_cord/cFS/osal/src/os/portable/os-impl-bsd-select.c.o
[  1%] Building C object osal/posix_impl/CMakeFiles/osal_posix_impl.dir/home/user/work/procrace/cfs_cord/cFS/osal/src/os/portable/os-impl-posix-io.c.o
[  1%] Building C object osal/posix_impl/CMakeFiles/osal_posix_impl.dir/home/user/work/procrace/cfs_cord/cFS/osal/src/os/portable/os-impl-posix-files.c.o
[  1%] Building C object osal/posix_impl/CMakeFiles/osal_posix_impl.dir/home/user/work/procrace/cfs_cord/cFS/osal/src/os/portable/os-impl-posix-file-allocate.c.o
[  1%] Building C object osal/posix_impl/CMakeFiles/osal_posix_impl.dir/home/user/work/procrace/cfs_cord/cFS/osal/src/os/portable/os-impl-posix-dirs.c.o
[  1%] Building C object osal/posix_impl/CMakeFiles/osal_posix_impl.dir/home/user/work/procrace/cfs_cord/cFS/osal/src/os/portable/os-impl-no-shell.c.o
[  1%] Building C object osal/posix_impl/CMakeFiles/osal_posix_impl.dir/src/os-impl-loader.c.o
[  1%] Building C object osal/posix_impl/CMakeFiles/osal_posix_impl.dir/home/user/work/procrace/cfs_cord/cFS/osal/src/os/portable/os-impl-posix-dl-loader.c.o
[  1%] Building C object osal/posix_impl/CMakeFiles/osal_posix_impl.dir/home/user/work/procrace/cfs_cord/cFS/osal/src/os/portable/os-impl-posix-dl-symtab.c.o
[  1%] Building C object osal/posix_impl/CMakeFiles/osal_posix_impl.dir/home/user/work/procrace/cfs_cord/cFS/osal/src/os/portable/os-impl-bsd-sockets.c.o
[  1%] Building C object osal/posix_impl/CMakeFiles/osal_posix_impl.dir/home/user/work/procrace/cfs_cord/cFS/osal/src/os/portable/os-impl-posix-network-gethostname.c.o
[  1%] Building C object osal/posix_impl/CMakeFiles/osal_posix_impl.dir/home/user/work/procrace/cfs_cord/cFS/osal/src/os/portable/os-impl-posix-network-gethostid.c.o
[  1%] Building C object osal/posix_impl/CMakeFiles/osal_posix_impl.dir/home/user/work/procrace/cfs_cord/cFS/osal/src/os/portable/os-impl-bsd-sockets-dns.c.o
[  1%] Building C object osal/posix_impl/CMakeFiles/osal_posix_impl.dir/src/os-impl-rwlock.c.o
[  1%] Built target osal_posix_impl
[  1%] Building C object osal/CMakeFiles/osal.dir/src/os/shared/src/osapi-binsem.c.o
[  1%] Building C object osal/CMakeFiles/osal.dir/src/os/shared/src/osapi-clock.c.o
[  1%] Building C object osal/CMakeFiles/osal.dir/src/os/shared/src/osapi-common.c.o
[  1%] Building C object osal/CMakeFiles/osal.dir/src/os/shared/src/osapi-condvar.c.o
[  1%] Building C object osal/CMakeFiles/osal.dir/src/os/shared/src/osapi-countsem.c.o
[  2%] Building C object osal/CMakeFiles/osal.dir/src/os/shared/src/osapi-dir.c.o
[  2%] Building C object osal/CMakeFiles/osal.dir/src/os/shared/src/osapi-errors.c.o
[  2%] Building C object osal/CMakeFiles/osal.dir/src/os/shared/src/osapi-file.c.o
[  2%] Building C object osal/CMakeFiles/osal.dir/src/os/shared/src/osapi-filesys.c.o
[  2%] Building C object osal/CMakeFiles/osal.dir/src/os/shared/src/osapi-heap.c.o
[  2%] Building C object osal/CMakeFiles/osal.dir/src/os/shared/src/osapi-idmap.c.o
[  2%] Building C object osal/CMakeFiles/osal.dir/src/os/shared/src/osapi-module.c.o
[  2%] Building C object osal/CMakeFiles/osal.dir/src/os/shared/src/osapi-mutex.c.o
[  2%] Building C object osal/CMakeFiles/osal.dir/src/os/shared/src/osapi-network.c.o
[  2%] Building C object osal/CMakeFiles/osal.dir/src/os/shared/src/osapi-printf.c.o
[  2%] Building C object osal/CMakeFiles/osal.dir/src/os/shared/src/osapi-queue.c.o
[  2%] Building C object osal/CMakeFiles/osal.dir/src/os/shared/src/osapi-rwlock.c.o
[  2%] Building C object osal/CMakeFiles/osal.dir/src/os/shared/src/osapi-select.c.o
[  2%] Building C object osal/CMakeFiles/osal.dir/src/os/shared/src/osapi-shell.c.o
[  2%] Building C object osal/CMakeFiles/osal.dir/src/os/shared/src/osapi-sockets.c.o
[  2%] Building C object osal/CMakeFiles/osal.dir/src/os/shared/src/osapi-task.c.o
[  2%] Building C object osal/CMakeFiles/osal.dir/src/os/shared/src/osapi-timebase.c.o
[  2%] Building C object osal/CMakeFiles/osal.dir/src/os/shared/src/osapi-time.c.o
[  3%] Building C object osal/CMakeFiles/osal.dir/src/os/shared/src/osapi-version.c.o
[  3%] Building C object osal/CMakeFiles/osal.dir/src/os/shared/src/osapi-debug.c.o
[  3%] Linking C static library libosal.a
[  3%] Built target osal
[  3%] Building C object osal/ut_assert/CMakeFiles/ut_assert.dir/src/utassert.c.o
[  3%] Building C object osal/ut_assert/CMakeFiles/ut_assert.dir/src/utlist.c.o
[  3%] Building C object osal/ut_assert/CMakeFiles/ut_assert.dir/src/utstubs.c.o
[  4%] Building C object osal/ut_assert/CMakeFiles/ut_assert.dir/src/uttest.c.o
[  4%] Building C object osal/ut_assert/CMakeFiles/ut_assert.dir/src/uttools.c.o
[  4%] Building C object osal/ut_assert/CMakeFiles/ut_assert.dir/src/utbsp.c.o
[  4%] Linking C static library libut_assert.a
[  4%] Built target ut_assert
[  4%] Building C object osal/ut-stubs/CMakeFiles/ut_osapi_stubs.dir/utstub-helpers.c.o
[  4%] Building C object osal/ut-stubs/CMakeFiles/ut_osapi_stubs.dir/osapi-binsem-stubs.c.o
[  4%] Building C object osal/ut-stubs/CMakeFiles/ut_osapi_stubs.dir/osapi-binsem-handlers.c.o
[  4%] Building C object osal/ut-stubs/CMakeFiles/ut_osapi_stubs.dir/osapi-clock-stubs.c.o
[  4%] Building C object osal/ut-stubs/CMakeFiles/ut_osapi_stubs.dir/osapi-clock-handlers.c.o
[  5%] Building C object osal/ut-stubs/CMakeFiles/ut_osapi_stubs.dir/osapi-common-stubs.c.o
[  5%] Building C object osal/ut-stubs/CMakeFiles/ut_osapi_stubs.dir/osapi-common-handlers.c.o
[  5%] Building C object osal/ut-stubs/CMakeFiles/ut_osapi_stubs.dir/osapi-condvar-stubs.c.o
[  5%] Building C object osal/ut-stubs/CMakeFiles/ut_osapi_stubs.dir/osapi-countsem-stubs.c.o
[  5%] Building C object osal/ut-stubs/CMakeFiles/ut_osapi_stubs.dir/osapi-countsem-handlers.c.o
[  5%] Building C object osal/ut-stubs/CMakeFiles/ut_osapi_stubs.dir/osapi-dir-stubs.c.o
[  5%] Building C object osal/ut-stubs/CMakeFiles/ut_osapi_stubs.dir/osapi-dir-handlers.c.o
[  5%] Building C object osal/ut-stubs/CMakeFiles/ut_osapi_stubs.dir/osapi-error-stubs.c.o
[  5%] Building C object osal/ut-stubs/CMakeFiles/ut_osapi_stubs.dir/osapi-error-handlers.c.o
[  5%] Building C object osal/ut-stubs/CMakeFiles/ut_osapi_stubs.dir/osapi-file-stubs.c.o
[  5%] Building C object osal/ut-stubs/CMakeFiles/ut_osapi_stubs.dir/osapi-file-handlers.c.o
[  5%] Building C object osal/ut-stubs/CMakeFiles/ut_osapi_stubs.dir/osapi-filesys-stubs.c.o
[  5%] Building C object osal/ut-stubs/CMakeFiles/ut_osapi_stubs.dir/osapi-filesys-handlers.c.o
[  5%] Building C object osal/ut-stubs/CMakeFiles/ut_osapi_stubs.dir/osapi-heap-stubs.c.o
[  5%] Building C object osal/ut-stubs/CMakeFiles/ut_osapi_stubs.dir/osapi-heap-handlers.c.o
[  5%] Building C object osal/ut-stubs/CMakeFiles/ut_osapi_stubs.dir/osapi-idmap-stubs.c.o
[  5%] Building C object osal/ut-stubs/CMakeFiles/ut_osapi_stubs.dir/osapi-idmap-handlers.c.o
[  6%] Building C object osal/ut-stubs/CMakeFiles/ut_osapi_stubs.dir/osapi-module-stubs.c.o
[  6%] Building C object osal/ut-stubs/CMakeFiles/ut_osapi_stubs.dir/osapi-module-handlers.c.o
[  6%] Building C object osal/ut-stubs/CMakeFiles/ut_osapi_stubs.dir/osapi-mutex-stubs.c.o
[  6%] Building C object osal/ut-stubs/CMakeFiles/ut_osapi_stubs.dir/osapi-mutex-handlers.c.o
[  6%] Building C object osal/ut-stubs/CMakeFiles/ut_osapi_stubs.dir/osapi-network-stubs.c.o
[  6%] Building C object osal/ut-stubs/CMakeFiles/ut_osapi_stubs.dir/osapi-network-handlers.c.o
[  6%] Building C object osal/ut-stubs/CMakeFiles/ut_osapi_stubs.dir/osapi-printf-stubs.c.o
[  6%] Building C object osal/ut-stubs/CMakeFiles/ut_osapi_stubs.dir/osapi-printf-handlers.c.o
[  6%] Building C object osal/ut-stubs/CMakeFiles/ut_osapi_stubs.dir/osapi-queue-stubs.c.o
[  6%] Building C object osal/ut-stubs/CMakeFiles/ut_osapi_stubs.dir/osapi-queue-handlers.c.o
[  6%] Building C object osal/ut-stubs/CMakeFiles/ut_osapi_stubs.dir/osapi-rwlock-stubs.c.o
[  6%] Building C object osal/ut-stubs/CMakeFiles/ut_osapi_stubs.dir/osapi-rwlock-handlers.c.o
[  6%] Building C object osal/ut-stubs/CMakeFiles/ut_osapi_stubs.dir/osapi-select-stubs.c.o
[  6%] Building C object osal/ut-stubs/CMakeFiles/ut_osapi_stubs.dir/osapi-shell-stubs.c.o
[  6%] Building C object osal/ut-stubs/CMakeFiles/ut_osapi_stubs.dir/osapi-sockets-stubs.c.o
[  6%] Building C object osal/ut-stubs/CMakeFiles/ut_osapi_stubs.dir/osapi-sockets-handlers.c.o
[  6%] Building C object osal/ut-stubs/CMakeFiles/ut_osapi_stubs.dir/osapi-task-stubs.c.o
[  6%] Building C object osal/ut-stubs/CMakeFiles/ut_osapi_stubs.dir/osapi-task-handlers.c.o
[  7%] Building C object osal/ut-stubs/CMakeFiles/ut_osapi_stubs.dir/osapi-timer-stubs.c.o
[  7%] Building C object osal/ut-stubs/CMakeFiles/ut_osapi_stubs.dir/osapi-timer-handlers.c.o
[  7%] Building C object osal/ut-stubs/CMakeFiles/ut_osapi_stubs.dir/osapi-timebase-stubs.c.o
[  7%] Building C object osal/ut-stubs/CMakeFiles/ut_osapi_stubs.dir/osapi-timebase-handlers.c.o
[  7%] Building C object osal/ut-stubs/CMakeFiles/ut_osapi_stubs.dir/osapi-version-stubs.c.o
[  7%] Building C object osal/ut-stubs/CMakeFiles/ut_osapi_stubs.dir/osapi-version-handlers.c.o
[  7%] Linking C static library libut_osapi_stubs.a
[  7%] Built target ut_osapi_stubs
[  8%] Building C object osal/unit-test-coverage/vxworks/CMakeFiles/utobj_coverage-vxworks-binsem.dir/home/user/work/procrace/cfs_cord/cFS/osal/src/os/vxworks/src/os-impl-binsem.c.o
[  8%] Built target utobj_coverage-vxworks-binsem
[  8%] Building C object osal/unit-test-coverage/vxworks/adaptors/CMakeFiles/ut-adaptor-vxworks.dir/src/ut-adaptor-binsem.c.o
[  8%] Building C object osal/unit-test-coverage/vxworks/adaptors/CMakeFiles/ut-adaptor-vxworks.dir/src/ut-adaptor-common.c.o
[  8%] Building C object osal/unit-test-coverage/vxworks/adaptors/CMakeFiles/ut-adaptor-vxworks.dir/src/ut-adaptor-console.c.o
[  8%] Building C object osal/unit-test-coverage/vxworks/adaptors/CMakeFiles/ut-adaptor-vxworks.dir/src/ut-adaptor-countsem.c.o
[  8%] Building C object osal/unit-test-coverage/vxworks/adaptors/CMakeFiles/ut-adaptor-vxworks.dir/src/ut-adaptor-dirs.c.o
[  8%] Building C object osal/unit-test-coverage/vxworks/adaptors/CMakeFiles/ut-adaptor-vxworks.dir/src/ut-adaptor-dirtable-stub.c.o
[ 10%] Building C object osal/unit-test-coverage/vxworks/adaptors/CMakeFiles/ut-adaptor-vxworks.dir/src/ut-adaptor-files.c.o
[ 10%] Building C object osal/unit-test-coverage/vxworks/adaptors/CMakeFiles/ut-adaptor-vxworks.dir/src/ut-adaptor-filesys.c.o
[ 10%] Building C object osal/unit-test-coverage/vxworks/adaptors/CMakeFiles/ut-adaptor-vxworks.dir/src/ut-adaptor-idmap.c.o
[ 10%] Building C object osal/unit-test-coverage/vxworks/adaptors/CMakeFiles/ut-adaptor-vxworks.dir/src/ut-adaptor-loader.c.o
[ 10%] Building C object osal/unit-test-coverage/vxworks/adaptors/CMakeFiles/ut-adaptor-vxworks.dir/src/ut-adaptor-mutex.c.o
[ 10%] Building C object osal/unit-test-coverage/vxworks/adaptors/CMakeFiles/ut-adaptor-vxworks.dir/src/ut-adaptor-queues.c.o
[ 10%] Building C object osal/unit-test-coverage/vxworks/adaptors/CMakeFiles/ut-adaptor-vxworks.dir/src/ut-adaptor-filetable-stub.c.o
[ 10%] Building C object osal/unit-test-coverage/vxworks/adaptors/CMakeFiles/ut-adaptor-vxworks.dir/src/ut-adaptor-sockets.c.o
[ 10%] Building C object osal/unit-test-coverage/vxworks/adaptors/CMakeFiles/ut-adaptor-vxworks.dir/src/ut-adaptor-symtab.c.o
[ 10%] Building C object osal/unit-test-coverage/vxworks/adaptors/CMakeFiles/ut-adaptor-vxworks.dir/src/ut-adaptor-tasks.c.o
[ 10%] Building C object osal/unit-test-coverage/vxworks/adaptors/CMakeFiles/ut-adaptor-vxworks.dir/src/ut-adaptor-timebase.c.o
[ 10%] Building C object osal/unit-test-coverage/vxworks/adaptors/CMakeFiles/ut-adaptor-vxworks.dir/home/user/work/procrace/cfs_cord/cFS/osal/src/unit-test-coverage/portable/adaptors/src/ut-adaptor-portable-posix-io.c.o
[ 10%] Building C object osal/unit-test-coverage/vxworks/adaptors/CMakeFiles/ut-adaptor-vxworks.dir/home/user/work/procrace/cfs_cord/cFS/osal/src/unit-test-coverage/portable/adaptors/src/ut-adaptor-portable-posix-files.c.o
[ 10%] Linking C static library libut-adaptor-vxworks.a
[ 10%] Built target ut-adaptor-vxworks
[ 10%] Building C object osal/unit-test-coverage/ut-stubs/CMakeFiles/ut_libc_stubs.dir/src/arpa-inet-stubs.c.o
[ 10%] Building C object osal/unit-test-coverage/ut-stubs/CMakeFiles/ut_libc_stubs.dir/src/libc-ctype-stubs.c.o
[ 10%] Building C object osal/unit-test-coverage/ut-stubs/CMakeFiles/ut_libc_stubs.dir/src/libc-stdio-stubs.c.o
[ 10%] Building C object osal/unit-test-coverage/ut-stubs/CMakeFiles/ut_libc_stubs.dir/src/libc-stdlib-stubs.c.o
[ 10%] Building C object osal/unit-test-coverage/ut-stubs/CMakeFiles/ut_libc_stubs.dir/src/libc-string-stubs.c.o
[ 10%] Building C object osal/unit-test-coverage/ut-stubs/CMakeFiles/ut_libc_stubs.dir/src/netinet-in-stubs.c.o
[ 10%] Building C object osal/unit-test-coverage/ut-stubs/CMakeFiles/ut_libc_stubs.dir/src/posix-dirent-stubs.c.o
[ 10%] Building C object osal/unit-test-coverage/ut-stubs/CMakeFiles/ut_libc_stubs.dir/src/posix-dlfcn-stubs.c.o
[ 10%] Building C object osal/unit-test-coverage/ut-stubs/CMakeFiles/ut_libc_stubs.dir/src/posix-errno-stubs.c.o
[ 10%] Building C object osal/unit-test-coverage/ut-stubs/CMakeFiles/ut_libc_stubs.dir/src/posix-fcntl-stubs.c.o
[ 10%] Building C object osal/unit-test-coverage/ut-stubs/CMakeFiles/ut_libc_stubs.dir/src/posix-ioctl-stubs.c.o
[ 10%] Building C object osal/unit-test-coverage/ut-stubs/CMakeFiles/ut_libc_stubs.dir/src/posix-mqueue-stubs.c.o
[ 11%] Building C object osal/unit-test-coverage/ut-stubs/CMakeFiles/ut_libc_stubs.dir/src/posix-netdb-stubs.c.o
[ 11%] Building C object osal/unit-test-coverage/ut-stubs/CMakeFiles/ut_libc_stubs.dir/src/posix-pthread-stubs.c.o
[ 11%] Building C object osal/unit-test-coverage/ut-stubs/CMakeFiles/ut_libc_stubs.dir/src/posix-sched-stubs.c.o
[ 11%] Building C object osal/unit-test-coverage/ut-stubs/CMakeFiles/ut_libc_stubs.dir/src/posix-semaphore-stubs.c.o
[ 11%] Building C object osal/unit-test-coverage/ut-stubs/CMakeFiles/ut_libc_stubs.dir/src/posix-signal-stubs.c.o
[ 11%] Building C object osal/unit-test-coverage/ut-stubs/CMakeFiles/ut_libc_stubs.dir/src/posix-stat-stubs.c.o
[ 11%] Building C object osal/unit-test-coverage/ut-stubs/CMakeFiles/ut_libc_stubs.dir/src/posix-time-stubs.c.o
[ 11%] Building C object osal/unit-test-coverage/ut-stubs/CMakeFiles/ut_libc_stubs.dir/src/posix-unistd-stubs.c.o
[ 11%] Building C object osal/unit-test-coverage/ut-stubs/CMakeFiles/ut_libc_stubs.dir/src/sys-socket-stubs.c.o
[ 11%] Building C object osal/unit-test-coverage/ut-stubs/CMakeFiles/ut_libc_stubs.dir/src/sys-select-stubs.c.o
[ 11%] Building C object osal/unit-test-coverage/ut-stubs/CMakeFiles/ut_libc_stubs.dir/src/vxworks-ataDrv-stubs.c.o
[ 11%] Building C object osal/unit-test-coverage/ut-stubs/CMakeFiles/ut_libc_stubs.dir/src/vxworks-dosFsLib-stubs.c.o
[ 11%] Building C object osal/unit-test-coverage/ut-stubs/CMakeFiles/ut_libc_stubs.dir/src/vxworks-errnoLib-stubs.c.o
[ 11%] Building C object osal/unit-test-coverage/ut-stubs/CMakeFiles/ut_libc_stubs.dir/src/vxworks-hostLib-stubs.c.o
[ 11%] Building C object osal/unit-test-coverage/ut-stubs/CMakeFiles/ut_libc_stubs.dir/src/vxworks-intLib-stubs.c.o
[ 11%] Building C object osal/unit-test-coverage/ut-stubs/CMakeFiles/ut_libc_stubs.dir/src/vxworks-loadLib-stubs.c.o
[ 11%] Building C object osal/unit-test-coverage/ut-stubs/CMakeFiles/ut_libc_stubs.dir/src/vxworks-memPartLib-stubs.c.o
[ 12%] Building C object osal/unit-test-coverage/ut-stubs/CMakeFiles/ut_libc_stubs.dir/src/vxworks-moduleLib-stubs.c.o
[ 12%] Building C object osal/unit-test-coverage/ut-stubs/CMakeFiles/ut_libc_stubs.dir/src/vxworks-msgQLib-stubs.c.o
[ 12%] Building C object osal/unit-test-coverage/ut-stubs/CMakeFiles/ut_libc_stubs.dir/src/vxworks-ramDrv-stubs.c.o
[ 12%] Building C object osal/unit-test-coverage/ut-stubs/CMakeFiles/ut_libc_stubs.dir/src/vxworks-semLib-stubs.c.o
[ 12%] Building C object osal/unit-test-coverage/ut-stubs/CMakeFiles/ut_libc_stubs.dir/src/vxworks-shellLib-stubs.c.o
[ 12%] Building C object osal/unit-test-coverage/ut-stubs/CMakeFiles/ut_libc_stubs.dir/src/vxworks-symLib-stubs.c.o
[ 12%] Building C object osal/unit-test-coverage/ut-stubs/CMakeFiles/ut_libc_stubs.dir/src/vxworks-sysLib-stubs.c.o
[ 12%] Building C object osal/unit-test-coverage/ut-stubs/CMakeFiles/ut_libc_stubs.dir/src/vxworks-taskLib-stubs.c.o
[ 12%] Building C object osal/unit-test-coverage/ut-stubs/CMakeFiles/ut_libc_stubs.dir/src/vxworks-taskVarLib-stubs.c.o
[ 12%] Building C object osal/unit-test-coverage/ut-stubs/CMakeFiles/ut_libc_stubs.dir/src/vxworks-xbdBlkDev-stubs.c.o
[ 12%] Linking C static library libut_libc_stubs.a
[ 12%] Built target ut_libc_stubs
[ 12%] Building C object osal/unit-test-coverage/ut-stubs/CMakeFiles/ut_osapi_impl_stubs.dir/src/os-shared-binsem-impl-stubs.c.o
[ 12%] Building C object osal/unit-test-coverage/ut-stubs/CMakeFiles/ut_osapi_impl_stubs.dir/src/os-shared-clock-impl-handlers.c.o
[ 12%] Building C object osal/unit-test-coverage/ut-stubs/CMakeFiles/ut_osapi_impl_stubs.dir/src/os-shared-clock-impl-stubs.c.o
[ 12%] Building C object osal/unit-test-coverage/ut-stubs/CMakeFiles/ut_osapi_impl_stubs.dir/src/os-shared-common-impl-stubs.c.o
[ 12%] Building C object osal/unit-test-coverage/ut-stubs/CMakeFiles/ut_osapi_impl_stubs.dir/src/os-shared-condvar-impl-stubs.c.o
[ 12%] Building C object osal/unit-test-coverage/ut-stubs/CMakeFiles/ut_osapi_impl_stubs.dir/src/os-shared-condvar-init-stubs.c.o
[ 12%] Building C object osal/unit-test-coverage/ut-stubs/CMakeFiles/ut_osapi_impl_stubs.dir/src/os-shared-console-impl-stubs.c.o
[ 13%] Building C object osal/unit-test-coverage/ut-stubs/CMakeFiles/ut_osapi_impl_stubs.dir/src/os-shared-countsem-impl-stubs.c.o
[ 13%] Building C object osal/unit-test-coverage/ut-stubs/CMakeFiles/ut_osapi_impl_stubs.dir/src/os-shared-dir-impl-stubs.c.o
[ 13%] Building C object osal/unit-test-coverage/ut-stubs/CMakeFiles/ut_osapi_impl_stubs.dir/src/os-shared-file-impl-handlers.c.o
[ 13%] Building C object osal/unit-test-coverage/ut-stubs/CMakeFiles/ut_osapi_impl_stubs.dir/src/os-shared-file-impl-stubs.c.o
[ 13%] Building C object osal/unit-test-coverage/ut-stubs/CMakeFiles/ut_osapi_impl_stubs.dir/src/os-shared-filesys-impl-handlers.c.o
[ 13%] Building C object osal/unit-test-coverage/ut-stubs/CMakeFiles/ut_osapi_impl_stubs.dir/src/os-shared-filesys-impl-stubs.c.o
[ 13%] Building C object osal/unit-test-coverage/ut-stubs/CMakeFiles/ut_osapi_impl_stubs.dir/src/os-shared-heap-impl-stubs.c.o
[ 13%] Building C object osal/unit-test-coverage/ut-stubs/CMakeFiles/ut_osapi_impl_stubs.dir/src/os-shared-idmap-impl-stubs.c.o
[ 13%] Building C object osal/unit-test-coverage/ut-stubs/CMakeFiles/ut_osapi_impl_stubs.dir/src/os-shared-module-impl-stubs.c.o
[ 13%] Building C object osal/unit-test-coverage/ut-stubs/CMakeFiles/ut_osapi_impl_stubs.dir/src/os-shared-mutex-impl-stubs.c.o
[ 13%] Building C object osal/unit-test-coverage/ut-stubs/CMakeFiles/ut_osapi_impl_stubs.dir/src/os-shared-network-impl-handlers.c.o
[ 13%] Building C object osal/unit-test-coverage/ut-stubs/CMakeFiles/ut_osapi_impl_stubs.dir/src/os-shared-network-impl-stubs.c.o
[ 13%] Building C object osal/unit-test-coverage/ut-stubs/CMakeFiles/ut_osapi_impl_stubs.dir/src/os-shared-printf-impl-stubs.c.o
[ 13%] Building C object osal/unit-test-coverage/ut-stubs/CMakeFiles/ut_osapi_impl_stubs.dir/src/os-shared-queue-impl-stubs.c.o
[ 13%] Building C object osal/unit-test-coverage/ut-stubs/CMakeFiles/ut_osapi_impl_stubs.dir/src/os-shared-rwlock-impl-stubs.c.o
[ 13%] Building C object osal/unit-test-coverage/ut-stubs/CMakeFiles/ut_osapi_impl_stubs.dir/src/os-shared-select-impl-stubs.c.o
[ 13%] Building C object osal/unit-test-coverage/ut-stubs/CMakeFiles/ut_osapi_impl_stubs.dir/src/os-shared-shell-impl-stubs.c.o
[ 13%] Building C object osal/unit-test-coverage/ut-stubs/CMakeFiles/ut_osapi_impl_stubs.dir/src/os-shared-sockets-impl-handlers.c.o
[ 14%] Building C object osal/unit-test-coverage/ut-stubs/CMakeFiles/ut_osapi_impl_stubs.dir/src/os-shared-sockets-impl-stubs.c.o
[ 14%] Building C object osal/unit-test-coverage/ut-stubs/CMakeFiles/ut_osapi_impl_stubs.dir/src/os-shared-task-impl-stubs.c.o
[ 14%] Building C object osal/unit-test-coverage/ut-stubs/CMakeFiles/ut_osapi_impl_stubs.dir/src/os-shared-timebase-impl-stubs.c.o
[ 14%] Linking C static library libut_osapi_impl_stubs.a
[ 14%] Built target ut_osapi_impl_stubs
[ 14%] Building C object osal/unit-test-coverage/ut-stubs/CMakeFiles/ut_osapi_init_stubs.dir/src/os-shared-binsem-init-stubs.c.o
[ 14%] Building C object osal/unit-test-coverage/ut-stubs/CMakeFiles/ut_osapi_init_stubs.dir/src/os-shared-common-init-stubs.c.o
[ 14%] Building C object osal/unit-test-coverage/ut-stubs/CMakeFiles/ut_osapi_init_stubs.dir/src/os-shared-console-init-stubs.c.o
[ 14%] Building C object osal/unit-test-coverage/ut-stubs/CMakeFiles/ut_osapi_init_stubs.dir/src/os-shared-countsem-init-stubs.c.o
[ 14%] Building C object osal/unit-test-coverage/ut-stubs/CMakeFiles/ut_osapi_init_stubs.dir/src/os-shared-dir-init-stubs.c.o
[ 14%] Building C object osal/unit-test-coverage/ut-stubs/CMakeFiles/ut_osapi_init_stubs.dir/src/os-shared-file-init-stubs.c.o
[ 14%] Building C object osal/unit-test-coverage/ut-stubs/CMakeFiles/ut_osapi_init_stubs.dir/src/os-shared-filesys-init-stubs.c.o
[ 14%] Building C object osal/unit-test-coverage/ut-stubs/CMakeFiles/ut_osapi_init_stubs.dir/src/os-shared-module-init-stubs.c.o
[ 14%] Building C object osal/unit-test-coverage/ut-stubs/CMakeFiles/ut_osapi_init_stubs.dir/src/os-shared-mutex-init-stubs.c.o
[ 14%] Building C object osal/unit-test-coverage/ut-stubs/CMakeFiles/ut_osapi_init_stubs.dir/src/os-shared-network-init-stubs.c.o
[ 14%] Building C object osal/unit-test-coverage/ut-stubs/CMakeFiles/ut_osapi_init_stubs.dir/src/os-shared-queue-init-stubs.c.o
[ 14%] Building C object osal/unit-test-coverage/ut-stubs/CMakeFiles/ut_osapi_init_stubs.dir/src/os-shared-sockets-init-stubs.c.o
[ 14%] Building C object osal/unit-test-coverage/ut-stubs/CMakeFiles/ut_osapi_init_stubs.dir/src/os-shared-task-init-stubs.c.o
[ 14%] Building C object osal/unit-test-coverage/ut-stubs/CMakeFiles/ut_osapi_init_stubs.dir/src/os-shared-timebase-init-stubs.c.o
[ 15%] Building C object osal/unit-test-coverage/ut-stubs/CMakeFiles/ut_osapi_init_stubs.dir/src/os-shared-time-init-stubs.c.o
[ 15%] Linking C static library libut_osapi_init_stubs.a
[ 15%] Built target ut_osapi_init_stubs
[ 15%] Building C object osal/unit-test-coverage/ut-stubs/CMakeFiles/ut_osapi_shared_stubs.dir/src/os-shared-common-stubs.c.o
[ 15%] Building C object osal/unit-test-coverage/ut-stubs/CMakeFiles/ut_osapi_shared_stubs.dir/src/os-shared-file-stubs.c.o
[ 15%] Building C object osal/unit-test-coverage/ut-stubs/CMakeFiles/ut_osapi_shared_stubs.dir/src/os-shared-filesys-stubs.c.o
[ 15%] Building C object osal/unit-test-coverage/ut-stubs/CMakeFiles/ut_osapi_shared_stubs.dir/src/os-shared-globaldefs-stubs.c.o
[ 15%] Building C object osal/unit-test-coverage/ut-stubs/CMakeFiles/ut_osapi_shared_stubs.dir/src/os-shared-idmap-handlers.c.o
[ 15%] Building C object osal/unit-test-coverage/ut-stubs/CMakeFiles/ut_osapi_shared_stubs.dir/src/os-shared-idmap-stubs.c.o
[ 15%] Building C object osal/unit-test-coverage/ut-stubs/CMakeFiles/ut_osapi_shared_stubs.dir/src/os-shared-module-stubs.c.o
[ 15%] Building C object osal/unit-test-coverage/ut-stubs/CMakeFiles/ut_osapi_shared_stubs.dir/src/os-shared-sockets-stubs.c.o
[ 15%] Building C object osal/unit-test-coverage/ut-stubs/CMakeFiles/ut_osapi_shared_stubs.dir/src/os-shared-task-stubs.c.o
[ 15%] Building C object osal/unit-test-coverage/ut-stubs/CMakeFiles/ut_osapi_shared_stubs.dir/src/os-shared-timebase-stubs.c.o
[ 15%] Linking C static library libut_osapi_shared_stubs.a
[ 15%] Built target ut_osapi_shared_stubs
[ 15%] Building C object osal/unit-test-coverage/ut-stubs/CMakeFiles/ut_osapi_table_stubs.dir/src/osapi-shared-binsem-table-stubs.c.o
[ 15%] Building C object osal/unit-test-coverage/ut-stubs/CMakeFiles/ut_osapi_table_stubs.dir/src/osapi-shared-console-table-stubs.c.o
[ 15%] Building C object osal/unit-test-coverage/ut-stubs/CMakeFiles/ut_osapi_table_stubs.dir/src/osapi-shared-common-stubs.c.o
[ 15%] Building C object osal/unit-test-coverage/ut-stubs/CMakeFiles/ut_osapi_table_stubs.dir/src/osapi-shared-countsem-table-stubs.c.o
[ 15%] Building C object osal/unit-test-coverage/ut-stubs/CMakeFiles/ut_osapi_table_stubs.dir/src/osapi-shared-error-impl-table-stubs.c.o
[ 15%] Building C object osal/unit-test-coverage/ut-stubs/CMakeFiles/ut_osapi_table_stubs.dir/src/osapi-shared-dir-table-stubs.c.o
[ 15%] Building C object osal/unit-test-coverage/ut-stubs/CMakeFiles/ut_osapi_table_stubs.dir/src/osapi-shared-filesys-table-stubs.c.o
[ 15%] Building C object osal/unit-test-coverage/ut-stubs/CMakeFiles/ut_osapi_table_stubs.dir/src/osapi-shared-idmap-table-stubs.c.o
[ 15%] Building C object osal/unit-test-coverage/ut-stubs/CMakeFiles/ut_osapi_table_stubs.dir/src/osapi-shared-module-table-stubs.c.o
[ 15%] Building C object osal/unit-test-coverage/ut-stubs/CMakeFiles/ut_osapi_table_stubs.dir/src/osapi-shared-mutex-table-stubs.c.o
[ 15%] Building C object osal/unit-test-coverage/ut-stubs/CMakeFiles/ut_osapi_table_stubs.dir/src/osapi-shared-queue-table-stubs.c.o
[ 16%] Building C object osal/unit-test-coverage/ut-stubs/CMakeFiles/ut_osapi_table_stubs.dir/src/osapi-shared-rwlock-table-stubs.c.o
[ 16%] Building C object osal/unit-test-coverage/ut-stubs/CMakeFiles/ut_osapi_table_stubs.dir/src/osapi-shared-stream-table-stubs.c.o
[ 16%] Building C object osal/unit-test-coverage/ut-stubs/CMakeFiles/ut_osapi_table_stubs.dir/src/osapi-shared-task-table-stubs.c.o
[ 16%] Building C object osal/unit-test-coverage/ut-stubs/CMakeFiles/ut_osapi_table_stubs.dir/src/osapi-shared-timebase-table-stubs.c.o
[ 16%] Building C object osal/unit-test-coverage/ut-stubs/CMakeFiles/ut_osapi_table_stubs.dir/src/osapi-shared-timecb-table-stubs.c.o
[ 16%] Linking C static library libut_osapi_table_stubs.a
[ 16%] Built target ut_osapi_table_stubs
[ 16%] Building C object osal/unit-test-coverage/ut-stubs/CMakeFiles/ut_bsp_impl_stubs.dir/src/bsp-console-impl-stubs.c.o
[ 16%] Linking C static library libut_bsp_impl_stubs.a
[ 16%] Built target ut_bsp_impl_stubs
[ 17%] Building C object osal/unit-test-coverage/vxworks/ut-stubs/CMakeFiles/ut_vxworks_impl_stubs.dir/src/vxworks-os-impl-binsem-stubs.c.o
[ 17%] Building C object osal/unit-test-coverage/vxworks/ut-stubs/CMakeFiles/ut_vxworks_impl_stubs.dir/src/vxworks-os-impl-common-stubs.c.o
[ 17%] Building C object osal/unit-test-coverage/vxworks/ut-stubs/CMakeFiles/ut_vxworks_impl_stubs.dir/src/vxworks-os-impl-countsem-stubs.c.o
[ 17%] Building C object osal/unit-test-coverage/vxworks/ut-stubs/CMakeFiles/ut_vxworks_impl_stubs.dir/src/vxworks-os-impl-dir-stubs.c.o
[ 17%] Building C object osal/unit-test-coverage/vxworks/ut-stubs/CMakeFiles/ut_vxworks_impl_stubs.dir/src/vxworks-os-impl-file-stubs.c.o
[ 17%] Building C object osal/unit-test-coverage/vxworks/ut-stubs/CMakeFiles/ut_vxworks_impl_stubs.dir/src/vxworks-os-impl-idmap-stubs.c.o
[ 17%] Building C object osal/unit-test-coverage/vxworks/ut-stubs/CMakeFiles/ut_vxworks_impl_stubs.dir/src/vxworks-os-impl-module-stubs.c.o
[ 17%] Building C object osal/unit-test-coverage/vxworks/ut-stubs/CMakeFiles/ut_vxworks_impl_stubs.dir/src/vxworks-os-impl-mutex-stubs.c.o
[ 17%] Building C object osal/unit-test-coverage/vxworks/ut-stubs/CMakeFiles/ut_vxworks_impl_stubs.dir/src/vxworks-os-impl-queue-stubs.c.o
[ 17%] Building C object osal/unit-test-coverage/vxworks/ut-stubs/CMakeFiles/ut_vxworks_impl_stubs.dir/src/vxworks-os-impl-sockets-stubs.c.o
[ 17%] Building C object osal/unit-test-coverage/vxworks/ut-stubs/CMakeFiles/ut_vxworks_impl_stubs.dir/src/vxworks-os-impl-task-stubs.c.o
[ 17%] Building C object osal/unit-test-coverage/vxworks/ut-stubs/CMakeFiles/ut_vxworks_impl_stubs.dir/src/vxworks-os-impl-timer-stubs.c.o
[ 17%] Linking C static library libut_vxworks_impl_stubs.a
[ 17%] Built target ut_vxworks_impl_stubs
[ 17%] Building C object osal/unit-test-coverage/vxworks/CMakeFiles/coverage-vxworks-binsem-testrunner.dir/src/coveragetest-binsem.c.o
[ 17%] Linking C executable coverage-vxworks-binsem-testrunner
[ 17%] Built target coverage-vxworks-binsem-testrunner
[ 17%] Building C object osal/unit-test-coverage/vxworks/CMakeFiles/utobj_coverage-vxworks-common.dir/home/user/work/procrace/cfs_cord/cFS/osal/src/os/vxworks/src/os-impl-common.c.o
[ 17%] Built target utobj_coverage-vxworks-common
[ 17%] Building C object osal/unit-test-coverage/vxworks/CMakeFiles/coverage-vxworks-common-testrunner.dir/src/coveragetest-common.c.o
[ 17%] Linking C executable coverage-vxworks-common-testrunner
[ 17%] Built target coverage-vxworks-common-testrunner
[ 17%] Building C object osal/unit-test-coverage/vxworks/CMakeFiles/utobj_coverage-vxworks-console.dir/home/user/work/procrace/cfs_cord/cFS/osal/src/os/vxworks/src/os-impl-console.c.o
[ 17%] Built target utobj_coverage-vxworks-console
[ 17%] Building C object osal/unit-test-coverage/vxworks/CMakeFiles/coverage-vxworks-console-testrunner.dir/src/coveragetest-console.c.o
[ 19%] Linking C executable coverage-vxworks-console-testrunner
[ 19%] Built target coverage-vxworks-console-testrunner
[ 19%] Building C object osal/unit-test-coverage/vxworks/CMakeFiles/utobj_coverage-vxworks-countsem.dir/home/user/work/procrace/cfs_cord/cFS/osal/src/os/vxworks/src/os-impl-countsem.c.o
[ 19%] Built target utobj_coverage-vxworks-countsem
[ 19%] Building C object osal/unit-test-coverage/vxworks/CMakeFiles/coverage-vxworks-countsem-testrunner.dir/src/coveragetest-countsem.c.o
[ 19%] Linking C executable coverage-vxworks-countsem-testrunner
[ 19%] Built target coverage-vxworks-countsem-testrunner
[ 19%] Building C object osal/unit-test-coverage/vxworks/CMakeFiles/utobj_coverage-vxworks-dirs-globals.dir/home/user/work/procrace/cfs_cord/cFS/osal/src/os/vxworks/src/os-impl-dirs-globals.c.o
[ 19%] Built target utobj_coverage-vxworks-dirs-globals
[ 19%] Building C object osal/unit-test-coverage/vxworks/CMakeFiles/coverage-vxworks-dirs-globals-testrunner.dir/src/coveragetest-dirs-globals.c.o
[ 19%] Linking C executable coverage-vxworks-dirs-globals-testrunner
[ 19%] Built target coverage-vxworks-dirs-globals-testrunner
[ 19%] Building C object osal/unit-test-coverage/vxworks/CMakeFiles/utobj_coverage-vxworks-files.dir/home/user/work/procrace/cfs_cord/cFS/osal/src/os/vxworks/src/os-impl-files.c.o
[ 19%] Built target utobj_coverage-vxworks-files
[ 19%] Building C object osal/unit-test-coverage/vxworks/CMakeFiles/coverage-vxworks-files-testrunner.dir/src/coveragetest-files.c.o
[ 19%] Linking C executable coverage-vxworks-files-testrunner
[ 19%] Built target coverage-vxworks-files-testrunner
[ 19%] Building C object osal/unit-test-coverage/vxworks/CMakeFiles/utobj_coverage-vxworks-filesys.dir/home/user/work/procrace/cfs_cord/cFS/osal/src/os/vxworks/src/os-impl-filesys.c.o
[ 19%] Built target utobj_coverage-vxworks-filesys
[ 19%] Building C object osal/unit-test-coverage/vxworks/CMakeFiles/coverage-vxworks-filesys-testrunner.dir/src/coveragetest-filesys.c.o
[ 19%] Linking C executable coverage-vxworks-filesys-testrunner
[ 19%] Built target coverage-vxworks-filesys-testrunner
[ 19%] Building C object osal/unit-test-coverage/vxworks/CMakeFiles/utobj_coverage-vxworks-idmap.dir/home/user/work/procrace/cfs_cord/cFS/osal/src/os/vxworks/src/os-impl-idmap.c.o
[ 19%] Built target utobj_coverage-vxworks-idmap
[ 19%] Building C object osal/unit-test-coverage/vxworks/CMakeFiles/coverage-vxworks-idmap-testrunner.dir/src/coveragetest-idmap.c.o
[ 19%] Linking C executable coverage-vxworks-idmap-testrunner
[ 19%] Built target coverage-vxworks-idmap-testrunner
[ 19%] Building C object osal/unit-test-coverage/vxworks/CMakeFiles/utobj_coverage-vxworks-heap.dir/home/user/work/procrace/cfs_cord/cFS/osal/src/os/vxworks/src/os-impl-heap.c.o
[ 19%] Built target utobj_coverage-vxworks-heap
[ 19%] Building C object osal/unit-test-coverage/vxworks/CMakeFiles/coverage-vxworks-heap-testrunner.dir/src/coveragetest-heap.c.o
[ 19%] Linking C executable coverage-vxworks-heap-testrunner
[ 19%] Built target coverage-vxworks-heap-testrunner
[ 19%] Building C object osal/unit-test-coverage/vxworks/CMakeFiles/utobj_coverage-vxworks-loader.dir/home/user/work/procrace/cfs_cord/cFS/osal/src/os/vxworks/src/os-impl-loader.c.o
[ 19%] Built target utobj_coverage-vxworks-loader
[ 19%] Building C object osal/unit-test-coverage/vxworks/CMakeFiles/coverage-vxworks-loader-testrunner.dir/src/coveragetest-loader.c.o
[ 19%] Linking C executable coverage-vxworks-loader-testrunner
[ 19%] Built target coverage-vxworks-loader-testrunner
[ 19%] Building C object osal/unit-test-coverage/vxworks/CMakeFiles/utobj_coverage-vxworks-mutex.dir/home/user/work/procrace/cfs_cord/cFS/osal/src/os/vxworks/src/os-impl-mutex.c.o
[ 19%] Built target utobj_coverage-vxworks-mutex
[ 19%] Building C object osal/unit-test-coverage/vxworks/CMakeFiles/coverage-vxworks-mutex-testrunner.dir/src/coveragetest-mutex.c.o
[ 19%] Linking C executable coverage-vxworks-mutex-testrunner
[ 19%] Built target coverage-vxworks-mutex-testrunner
[ 19%] Building C object osal/unit-test-coverage/vxworks/CMakeFiles/utobj_coverage-vxworks-network.dir/home/user/work/procrace/cfs_cord/cFS/osal/src/os/vxworks/src/os-impl-network.c.o
[ 19%] Built target utobj_coverage-vxworks-network
[ 19%] Building C object osal/unit-test-coverage/vxworks/CMakeFiles/coverage-vxworks-network-testrunner.dir/src/coveragetest-network.c.o
[ 20%] Linking C executable coverage-vxworks-network-testrunner
[ 20%] Built target coverage-vxworks-network-testrunner
[ 20%] Building C object osal/unit-test-coverage/vxworks/CMakeFiles/utobj_coverage-vxworks-queues.dir/home/user/work/procrace/cfs_cord/cFS/osal/src/os/vxworks/src/os-impl-queues.c.o
[ 20%] Built target utobj_coverage-vxworks-queues
[ 20%] Building C object osal/unit-test-coverage/vxworks/CMakeFiles/coverage-vxworks-queues-testrunner.dir/src/coveragetest-queues.c.o
[ 20%] Linking C executable coverage-vxworks-queues-testrunner
[ 20%] Built target coverage-vxworks-queues-testrunner
[ 20%] Building C object osal/unit-test-coverage/vxworks/CMakeFiles/utobj_coverage-vxworks-shell.dir/home/user/work/procrace/cfs_cord/cFS/osal/src/os/vxworks/src/os-impl-shell.c.o
[ 20%] Built target utobj_coverage-vxworks-shell
[ 20%] Building C object osal/unit-test-coverage/vxworks/CMakeFiles/coverage-vxworks-shell-testrunner.dir/src/coveragetest-shell.c.o
[ 20%] Linking C executable coverage-vxworks-shell-testrunner
[ 20%] Built target coverage-vxworks-shell-testrunner
[ 20%] Building C object osal/unit-test-coverage/vxworks/CMakeFiles/utobj_coverage-vxworks-sockets.dir/home/user/work/procrace/cfs_cord/cFS/osal/src/os/vxworks/src/os-impl-sockets.c.o
[ 20%] Built target utobj_coverage-vxworks-sockets
[ 20%] Building C object osal/unit-test-coverage/vxworks/CMakeFiles/coverage-vxworks-sockets-testrunner.dir/src/coveragetest-sockets.c.o
[ 20%] Linking C executable coverage-vxworks-sockets-testrunner
[ 20%] Built target coverage-vxworks-sockets-testrunner
[ 20%] Building C object osal/unit-test-coverage/vxworks/CMakeFiles/utobj_coverage-vxworks-symtab.dir/home/user/work/procrace/cfs_cord/cFS/osal/src/os/vxworks/src/os-impl-symtab.c.o
[ 20%] Built target utobj_coverage-vxworks-symtab
[ 20%] Building C object osal/unit-test-coverage/vxworks/CMakeFiles/coverage-vxworks-symtab-testrunner.dir/src/coveragetest-symtab.c.o
[ 20%] Linking C executable coverage-vxworks-symtab-testrunner
[ 20%] Built target coverage-vxworks-symtab-testrunner
[ 20%] Building C object osal/unit-test-coverage/vxworks/CMakeFiles/utobj_coverage-vxworks-tasks.dir/home/user/work/procrace/cfs_cord/cFS/osal/src/os/vxworks/src/os-impl-tasks.c.o
[ 20%] Built target utobj_coverage-vxworks-tasks
[ 21%] Building C object osal/unit-test-coverage/vxworks/CMakeFiles/coverage-vxworks-tasks-testrunner.dir/src/coveragetest-tasks.c.o
[ 21%] Linking C executable coverage-vxworks-tasks-testrunner
[ 21%] Built target coverage-vxworks-tasks-testrunner
[ 22%] Building C object osal/unit-test-coverage/vxworks/CMakeFiles/utobj_coverage-vxworks-timebase.dir/home/user/work/procrace/cfs_cord/cFS/osal/src/os/vxworks/src/os-impl-timebase.c.o
[ 22%] Built target utobj_coverage-vxworks-timebase
[ 22%] Building C object osal/unit-test-coverage/vxworks/CMakeFiles/coverage-vxworks-timebase-testrunner.dir/src/coveragetest-timebase.c.o
[ 22%] Linking C executable coverage-vxworks-timebase-testrunner
[ 22%] Built target coverage-vxworks-timebase-testrunner
[ 22%] Building C object osal/unit-test-coverage/vxworks/CMakeFiles/utobj_coverage-vxworks-posix-gettime.dir/home/user/work/procrace/cfs_cord/cFS/osal/src/os/portable/os-impl-posix-gettime.c.o
[ 22%] Built target utobj_coverage-vxworks-posix-gettime
[ 22%] Building C object osal/unit-test-coverage/vxworks/CMakeFiles/coverage-vxworks-posix-gettime-testrunner.dir/home/user/work/procrace/cfs_cord/cFS/osal/src/unit-test-coverage/portable/src/coveragetest-posix-gettime.c.o
[ 22%] Linking C executable coverage-vxworks-posix-gettime-testrunner
[ 22%] Built target coverage-vxworks-posix-gettime-testrunner
[ 22%] Building C object osal/unit-test-coverage/vxworks/CMakeFiles/utobj_coverage-vxworks-posix-io.dir/home/user/work/procrace/cfs_cord/cFS/osal/src/os/portable/os-impl-posix-io.c.o
[ 22%] Built target utobj_coverage-vxworks-posix-io
[ 22%] Building C object osal/unit-test-coverage/vxworks/CMakeFiles/coverage-vxworks-posix-io-testrunner.dir/home/user/work/procrace/cfs_cord/cFS/osal/src/unit-test-coverage/portable/src/coveragetest-posix-io.c.o
[ 22%] Linking C executable coverage-vxworks-posix-io-testrunner
[ 22%] Built target coverage-vxworks-posix-io-testrunner
[ 22%] Building C object osal/unit-test-coverage/vxworks/CMakeFiles/utobj_coverage-vxworks-posix-files.dir/home/user/work/procrace/cfs_cord/cFS/osal/src/os/portable/os-impl-posix-files.c.o
[ 22%] Built target utobj_coverage-vxworks-posix-files
[ 22%] Building C object osal/unit-test-coverage/vxworks/CMakeFiles/coverage-vxworks-posix-files-testrunner.dir/home/user/work/procrace/cfs_cord/cFS/osal/src/unit-test-coverage/portable/src/coveragetest-posix-files.c.o
[ 22%] Linking C executable coverage-vxworks-posix-files-testrunner
[ 22%] Built target coverage-vxworks-posix-files-testrunner
[ 22%] Building C object osal/unit-test-coverage/vxworks/CMakeFiles/utobj_coverage-vxworks-posix-file-allocate.dir/home/user/work/procrace/cfs_cord/cFS/osal/src/os/portable/os-impl-posix-file-allocate.c.o
[ 22%] Built target utobj_coverage-vxworks-posix-file-allocate
[ 22%] Building C object osal/unit-test-coverage/vxworks/CMakeFiles/coverage-vxworks-posix-file-allocate-testrunner.dir/home/user/work/procrace/cfs_cord/cFS/osal/src/unit-test-coverage/portable/src/coveragetest-posix-file-allocate.c.o
[ 22%] Linking C executable coverage-vxworks-posix-file-allocate-testrunner
[ 22%] Built target coverage-vxworks-posix-file-allocate-testrunner
[ 22%] Building C object osal/unit-test-coverage/vxworks/CMakeFiles/utobj_coverage-vxworks-posix-dirs.dir/home/user/work/procrace/cfs_cord/cFS/osal/src/os/portable/os-impl-posix-dirs.c.o
[ 22%] Built target utobj_coverage-vxworks-posix-dirs
[ 22%] Building C object osal/unit-test-coverage/vxworks/CMakeFiles/coverage-vxworks-posix-dirs-testrunner.dir/home/user/work/procrace/cfs_cord/cFS/osal/src/unit-test-coverage/portable/src/coveragetest-posix-dirs.c.o
[ 23%] Linking C executable coverage-vxworks-posix-dirs-testrunner
[ 23%] Built target coverage-vxworks-posix-dirs-testrunner
[ 23%] Building C object osal/unit-test-coverage/vxworks/CMakeFiles/utobj_coverage-vxworks-console-bsp.dir/home/user/work/procrace/cfs_cord/cFS/osal/src/os/portable/os-impl-console-bsp.c.o
[ 23%] Built target utobj_coverage-vxworks-console-bsp
[ 23%] Building C object osal/unit-test-coverage/vxworks/CMakeFiles/coverage-vxworks-console-bsp-testrunner.dir/home/user/work/procrace/cfs_cord/cFS/osal/src/unit-test-coverage/portable/src/coveragetest-console-bsp.c.o
[ 23%] Linking C executable coverage-vxworks-console-bsp-testrunner
[ 23%] Built target coverage-vxworks-console-bsp-testrunner
[ 23%] Building C object osal/unit-test-coverage/vxworks/CMakeFiles/utobj_coverage-vxworks-bsd-select.dir/home/user/work/procrace/cfs_cord/cFS/osal/src/os/portable/os-impl-bsd-select.c.o
[ 23%] Built target utobj_coverage-vxworks-bsd-select
[ 23%] Building C object osal/unit-test-coverage/vxworks/CMakeFiles/coverage-vxworks-bsd-select-testrunner.dir/home/user/work/procrace/cfs_cord/cFS/osal/src/unit-test-coverage/portable/src/coveragetest-bsd-select.c.o
[ 23%] Linking C executable coverage-vxworks-bsd-select-testrunner
[ 23%] Built target coverage-vxworks-bsd-select-testrunner
[ 23%] Building C object osal/unit-test-coverage/vxworks/CMakeFiles/utobj_coverage-vxworks-bsd-sockets.dir/home/user/work/procrace/cfs_cord/cFS/osal/src/os/portable/os-impl-bsd-sockets.c.o
[ 23%] Built target utobj_coverage-vxworks-bsd-sockets
[ 23%] Building C object osal/unit-test-coverage/vxworks/CMakeFiles/coverage-vxworks-bsd-sockets-testrunner.dir/home/user/work/procrace/cfs_cord/cFS/osal/src/unit-test-coverage/portable/src/coveragetest-bsd-sockets.c.o
[ 23%] Linking C executable coverage-vxworks-bsd-sockets-testrunner
[ 23%] Built target coverage-vxworks-bsd-sockets-testrunner
[ 23%] Building C object osal/unit-test-coverage/vxworks/CMakeFiles/utobj_coverage-vxworks-bsd-sockets-dns.dir/home/user/work/procrace/cfs_cord/cFS/osal/src/os/portable/os-impl-bsd-sockets-dns.c.o
[ 23%] Built target utobj_coverage-vxworks-bsd-sockets-dns
[ 23%] Building C object osal/unit-test-coverage/vxworks/CMakeFiles/coverage-vxworks-bsd-sockets-dns-testrunner.dir/home/user/work/procrace/cfs_cord/cFS/osal/src/unit-test-coverage/portable/src/coveragetest-bsd-sockets-dns.c.o
[ 23%] Linking C executable coverage-vxworks-bsd-sockets-dns-testrunner
[ 23%] Built target coverage-vxworks-bsd-sockets-dns-testrunner
[ 23%] Building C object osal/unit-test-coverage/vxworks/CMakeFiles/utobj_coverage-vxworks-bsd-sockets-no-dns.dir/home/user/work/procrace/cfs_cord/cFS/osal/src/os/portable/os-impl-bsd-sockets-no-dns.c.o
[ 23%] Built target utobj_coverage-vxworks-bsd-sockets-no-dns
[ 23%] Building C object osal/unit-test-coverage/vxworks/CMakeFiles/coverage-vxworks-bsd-sockets-no-dns-testrunner.dir/home/user/work/procrace/cfs_cord/cFS/osal/src/unit-test-coverage/portable/src/coveragetest-bsd-sockets-no-dns.c.o
[ 23%] Linking C executable coverage-vxworks-bsd-sockets-no-dns-testrunner
[ 23%] Built target coverage-vxworks-bsd-sockets-no-dns-testrunner
[ 23%] Building C object osal/unit-test-coverage/vxworks/CMakeFiles/utobj_coverage-vxworks-no-loader.dir/home/user/work/procrace/cfs_cord/cFS/osal/src/os/portable/os-impl-no-loader.c.o
[ 23%] Built target utobj_coverage-vxworks-no-loader
[ 23%] Building C object osal/unit-test-coverage/vxworks/CMakeFiles/coverage-vxworks-no-loader-testrunner.dir/home/user/work/procrace/cfs_cord/cFS/osal/src/unit-test-coverage/portable/src/coveragetest-no-loader.c.o
[ 23%] Linking C executable coverage-vxworks-no-loader-testrunner
[ 23%] Built target coverage-vxworks-no-loader-testrunner
[ 23%] Building C object osal/unit-test-coverage/vxworks/CMakeFiles/utobj_coverage-vxworks-no-shell.dir/home/user/work/procrace/cfs_cord/cFS/osal/src/os/portable/os-impl-no-shell.c.o
[ 23%] Built target utobj_coverage-vxworks-no-shell
[ 23%] Building C object osal/unit-test-coverage/vxworks/CMakeFiles/coverage-vxworks-no-shell-testrunner.dir/home/user/work/procrace/cfs_cord/cFS/osal/src/unit-test-coverage/portable/src/coveragetest-no-shell.c.o
[ 23%] Linking C executable coverage-vxworks-no-shell-testrunner
[ 23%] Built target coverage-vxworks-no-shell-testrunner
[ 23%] Building C object osal/unit-test-coverage/vxworks/CMakeFiles/utobj_coverage-vxworks-no-symtab.dir/home/user/work/procrace/cfs_cord/cFS/osal/src/os/portable/os-impl-no-symtab.c.o
[ 23%] Built target utobj_coverage-vxworks-no-symtab
[ 23%] Building C object osal/unit-test-coverage/vxworks/CMakeFiles/coverage-vxworks-no-symtab-testrunner.dir/home/user/work/procrace/cfs_cord/cFS/osal/src/unit-test-coverage/portable/src/coveragetest-no-symtab.c.o
[ 23%] Linking C executable coverage-vxworks-no-symtab-testrunner
[ 23%] Built target coverage-vxworks-no-symtab-testrunner
[ 23%] Building C object osal/unit-test-coverage/vxworks/CMakeFiles/utobj_coverage-vxworks-no-network-gethostname.dir/home/user/work/procrace/cfs_cord/cFS/osal/src/os/portable/os-impl-no-network-gethostname.c.o
[ 23%] Built target utobj_coverage-vxworks-no-network-gethostname
[ 23%] Building C object osal/unit-test-coverage/vxworks/CMakeFiles/coverage-vxworks-no-network-gethostname-testrunner.dir/home/user/work/procrace/cfs_cord/cFS/osal/src/unit-test-coverage/portable/src/coveragetest-no-network-gethostname.c.o
[ 23%] Linking C executable coverage-vxworks-no-network-gethostname-testrunner
[ 23%] Built target coverage-vxworks-no-network-gethostname-testrunner
[ 23%] Building C object osal/unit-test-coverage/vxworks/CMakeFiles/utobj_coverage-vxworks-no-network-gethostid.dir/home/user/work/procrace/cfs_cord/cFS/osal/src/os/portable/os-impl-no-network-gethostid.c.o
[ 23%] Built target utobj_coverage-vxworks-no-network-gethostid
[ 23%] Building C object osal/unit-test-coverage/vxworks/CMakeFiles/coverage-vxworks-no-network-gethostid-testrunner.dir/home/user/work/procrace/cfs_cord/cFS/osal/src/unit-test-coverage/portable/src/coveragetest-no-network-gethostid.c.o
[ 23%] Linking C executable coverage-vxworks-no-network-gethostid-testrunner
[ 23%] Built target coverage-vxworks-no-network-gethostid-testrunner
[ 23%] Building C object osal/unit-test-coverage/vxworks/CMakeFiles/utobj_coverage-vxworks-no-sockets.dir/home/user/work/procrace/cfs_cord/cFS/osal/src/os/portable/os-impl-no-sockets.c.o
[ 23%] Built target utobj_coverage-vxworks-no-sockets
[ 23%] Building C object osal/unit-test-coverage/vxworks/CMakeFiles/coverage-vxworks-no-sockets-testrunner.dir/home/user/work/procrace/cfs_cord/cFS/osal/src/unit-test-coverage/portable/src/coveragetest-no-sockets.c.o
[ 23%] Linking C executable coverage-vxworks-no-sockets-testrunner
[ 23%] Built target coverage-vxworks-no-sockets-testrunner
[ 23%] Building C object osal/unit-test-coverage/vxworks/CMakeFiles/utobj_coverage-vxworks-no-condvar.dir/home/user/work/procrace/cfs_cord/cFS/osal/src/os/portable/os-impl-no-condvar.c.o
[ 23%] Built target utobj_coverage-vxworks-no-condvar
[ 23%] Building C object osal/unit-test-coverage/vxworks/CMakeFiles/coverage-vxworks-no-condvar-testrunner.dir/home/user/work/procrace/cfs_cord/cFS/osal/src/unit-test-coverage/portable/src/coveragetest-no-condvar.c.o
[ 23%] Linking C executable coverage-vxworks-no-condvar-testrunner
[ 23%] Built target coverage-vxworks-no-condvar-testrunner
[ 24%] Building C object osal/unit-test-coverage/vxworks/CMakeFiles/utobj_coverage-vxworks-no-file-allocate.dir/home/user/work/procrace/cfs_cord/cFS/osal/src/os/portable/os-impl-no-file-allocate.c.o
[ 24%] Built target utobj_coverage-vxworks-no-file-allocate
[ 24%] Building C object osal/unit-test-coverage/vxworks/CMakeFiles/coverage-vxworks-no-file-allocate-testrunner.dir/home/user/work/procrace/cfs_cord/cFS/osal/src/unit-test-coverage/portable/src/coveragetest-no-file-allocate.c.o
[ 24%] Linking C executable coverage-vxworks-no-file-allocate-testrunner
[ 24%] Built target coverage-vxworks-no-file-allocate-testrunner
[ 24%] Building C object osal/unit-test-coverage/shared/CMakeFiles/os-shared-coverage-support.dir/src/os-shared-coverage-support.c.o
[ 24%] Linking C static library libos-shared-coverage-support.a
[ 24%] Built target os-shared-coverage-support
[ 24%] Building C object osal/unit-test-coverage/shared/CMakeFiles/utobj_coverage-shared-binsem.dir/home/user/work/procrace/cfs_cord/cFS/osal/src/os/shared/src/osapi-binsem.c.o
[ 24%] Built target utobj_coverage-shared-binsem
[ 24%] Building C object osal/unit-test-coverage/shared/adaptors/CMakeFiles/ut-adaptor-shared.dir/src/ut-adaptor-module.c.o
[ 24%] Linking C static library libut-adaptor-shared.a
[ 24%] Built target ut-adaptor-shared
[ 24%] Building C object osal/unit-test-coverage/shared/CMakeFiles/coverage-shared-binsem-testrunner.dir/src/coveragetest-binsem.c.o
[ 24%] Linking C executable coverage-shared-binsem-testrunner
[ 24%] Built target coverage-shared-binsem-testrunner
[ 24%] Building C object osal/unit-test-coverage/shared/CMakeFiles/utobj_coverage-shared-clock.dir/home/user/work/procrace/cfs_cord/cFS/osal/src/os/shared/src/osapi-clock.c.o
[ 24%] Built target utobj_coverage-shared-clock
[ 24%] Building C object osal/unit-test-coverage/shared/CMakeFiles/coverage-shared-clock-testrunner.dir/src/coveragetest-clock.c.o
[ 24%] Linking C executable coverage-shared-clock-testrunner
[ 24%] Built target coverage-shared-clock-testrunner
[ 24%] Building C object osal/unit-test-coverage/shared/CMakeFiles/utobj_coverage-shared-common.dir/home/user/work/procrace/cfs_cord/cFS/osal/src/os/shared/src/osapi-common.c.o
[ 24%] Built target utobj_coverage-shared-common
[ 25%] Building C object osal/unit-test-coverage/shared/CMakeFiles/coverage-shared-common-testrunner.dir/src/coveragetest-common.c.o
[ 25%] Linking C executable coverage-shared-common-testrunner
[ 25%] Built target coverage-shared-common-testrunner
[ 25%] Building C object osal/unit-test-coverage/shared/CMakeFiles/utobj_coverage-shared-condvar.dir/home/user/work/procrace/cfs_cord/cFS/osal/src/os/shared/src/osapi-condvar.c.o
[ 25%] Built target utobj_coverage-shared-condvar
[ 25%] Building C object osal/unit-test-coverage/shared/CMakeFiles/coverage-shared-condvar-testrunner.dir/src/coveragetest-condvar.c.o
[ 25%] Linking C executable coverage-shared-condvar-testrunner
[ 25%] Built target coverage-shared-condvar-testrunner
[ 25%] Building C object osal/unit-test-coverage/shared/CMakeFiles/utobj_coverage-shared-countsem.dir/home/user/work/procrace/cfs_cord/cFS/osal/src/os/shared/src/osapi-countsem.c.o
[ 25%] Built target utobj_coverage-shared-countsem
[ 25%] Building C object osal/unit-test-coverage/shared/CMakeFiles/coverage-shared-countsem-testrunner.dir/src/coveragetest-countsem.c.o
[ 25%] Linking C executable coverage-shared-countsem-testrunner
[ 25%] Built target coverage-shared-countsem-testrunner
[ 26%] Building C object osal/unit-test-coverage/shared/CMakeFiles/utobj_coverage-shared-dir.dir/home/user/work/procrace/cfs_cord/cFS/osal/src/os/shared/src/osapi-dir.c.o
[ 26%] Built target utobj_coverage-shared-dir
[ 26%] Building C object osal/unit-test-coverage/shared/CMakeFiles/coverage-shared-dir-testrunner.dir/src/coveragetest-dir.c.o
[ 26%] Linking C executable coverage-shared-dir-testrunner
[ 26%] Built target coverage-shared-dir-testrunner
[ 26%] Building C object osal/unit-test-coverage/shared/CMakeFiles/utobj_coverage-shared-errors.dir/home/user/work/procrace/cfs_cord/cFS/osal/src/os/shared/src/osapi-errors.c.o
[ 26%] Built target utobj_coverage-shared-errors
[ 26%] Building C object osal/unit-test-coverage/shared/CMakeFiles/coverage-shared-errors-testrunner.dir/src/coveragetest-errors.c.o
[ 26%] Linking C executable coverage-shared-errors-testrunner
[ 26%] Built target coverage-shared-errors-testrunner
[ 26%] Building C object osal/unit-test-coverage/shared/CMakeFiles/utobj_coverage-shared-file.dir/home/user/work/procrace/cfs_cord/cFS/osal/src/os/shared/src/osapi-file.c.o
[ 26%] Built target utobj_coverage-shared-file
[ 26%] Building C object osal/unit-test-coverage/shared/CMakeFiles/coverage-shared-file-testrunner.dir/src/coveragetest-file.c.o
[ 26%] Linking C executable coverage-shared-file-testrunner
[ 26%] Built target coverage-shared-file-testrunner
[ 26%] Building C object osal/unit-test-coverage/shared/CMakeFiles/utobj_coverage-shared-filesys.dir/home/user/work/procrace/cfs_cord/cFS/osal/src/os/shared/src/osapi-filesys.c.o
[ 26%] Built target utobj_coverage-shared-filesys
[ 26%] Building C object osal/unit-test-coverage/shared/CMakeFiles/coverage-shared-filesys-testrunner.dir/src/coveragetest-filesys.c.o
[ 26%] Linking C executable coverage-shared-filesys-testrunner
[ 26%] Built target coverage-shared-filesys-testrunner
[ 26%] Building C object osal/unit-test-coverage/shared/CMakeFiles/utobj_coverage-shared-heap.dir/home/user/work/procrace/cfs_cord/cFS/osal/src/os/shared/src/osapi-heap.c.o
[ 26%] Built target utobj_coverage-shared-heap
[ 26%] Building C object osal/unit-test-coverage/shared/CMakeFiles/coverage-shared-heap-testrunner.dir/src/coveragetest-heap.c.o
[ 26%] Linking C executable coverage-shared-heap-testrunner
[ 26%] Built target coverage-shared-heap-testrunner
[ 26%] Building C object osal/unit-test-coverage/shared/CMakeFiles/utobj_coverage-shared-idmap.dir/home/user/work/procrace/cfs_cord/cFS/osal/src/os/shared/src/osapi-idmap.c.o
[ 26%] Built target utobj_coverage-shared-idmap
[ 26%] Building C object osal/unit-test-coverage/shared/CMakeFiles/coverage-shared-idmap-testrunner.dir/src/coveragetest-idmap.c.o
[ 26%] Linking C executable coverage-shared-idmap-testrunner
[ 26%] Built target coverage-shared-idmap-testrunner
[ 26%] Building C object osal/unit-test-coverage/shared/CMakeFiles/utobj_coverage-shared-module.dir/home/user/work/procrace/cfs_cord/cFS/osal/src/os/shared/src/osapi-module.c.o
[ 26%] Built target utobj_coverage-shared-module
[ 28%] Building C object osal/unit-test-coverage/shared/CMakeFiles/coverage-shared-module-testrunner.dir/src/coveragetest-module.c.o
[ 28%] Linking C executable coverage-shared-module-testrunner
[ 28%] Built target coverage-shared-module-testrunner
[ 28%] Building C object osal/unit-test-coverage/shared/CMakeFiles/utobj_coverage-shared-mutex.dir/home/user/work/procrace/cfs_cord/cFS/osal/src/os/shared/src/osapi-mutex.c.o
[ 28%] Built target utobj_coverage-shared-mutex
[ 28%] Building C object osal/unit-test-coverage/shared/CMakeFiles/coverage-shared-mutex-testrunner.dir/src/coveragetest-mutex.c.o
[ 28%] Linking C executable coverage-shared-mutex-testrunner
[ 28%] Built target coverage-shared-mutex-testrunner
[ 28%] Building C object osal/unit-test-coverage/shared/CMakeFiles/utobj_coverage-shared-network.dir/home/user/work/procrace/cfs_cord/cFS/osal/src/os/shared/src/osapi-network.c.o
[ 28%] Built target utobj_coverage-shared-network
[ 28%] Building C object osal/unit-test-coverage/shared/CMakeFiles/coverage-shared-network-testrunner.dir/src/coveragetest-network.c.o
[ 28%] Linking C executable coverage-shared-network-testrunner
[ 28%] Built target coverage-shared-network-testrunner
[ 28%] Building C object osal/unit-test-coverage/shared/CMakeFiles/utobj_coverage-shared-printf.dir/home/user/work/procrace/cfs_cord/cFS/osal/src/os/shared/src/osapi-printf.c.o
[ 28%] Built target utobj_coverage-shared-printf
[ 28%] Building C object osal/unit-test-coverage/shared/CMakeFiles/coverage-shared-printf-testrunner.dir/src/coveragetest-printf.c.o
[ 28%] Linking C executable coverage-shared-printf-testrunner
[ 28%] Built target coverage-shared-printf-testrunner
[ 28%] Building C object osal/unit-test-coverage/shared/CMakeFiles/utobj_coverage-shared-queue.dir/home/user/work/procrace/cfs_cord/cFS/osal/src/os/shared/src/osapi-queue.c.o
[ 28%] Built target utobj_coverage-shared-queue
[ 28%] Building C object osal/unit-test-coverage/shared/CMakeFiles/coverage-shared-queue-testrunner.dir/src/coveragetest-queue.c.o
[ 28%] Linking C executable coverage-shared-queue-testrunner
[ 28%] Built target coverage-shared-queue-testrunner
[ 28%] Building C object osal/unit-test-coverage/shared/CMakeFiles/utobj_coverage-shared-rwlock.dir/home/user/work/procrace/cfs_cord/cFS/osal/src/os/shared/src/osapi-rwlock.c.o
[ 28%] Built target utobj_coverage-shared-rwlock
[ 28%] Building C object osal/unit-test-coverage/shared/CMakeFiles/coverage-shared-rwlock-testrunner.dir/src/coveragetest-rwlock.c.o
[ 28%] Linking C executable coverage-shared-rwlock-testrunner
[ 28%] Built target coverage-shared-rwlock-testrunner
[ 28%] Building C object osal/unit-test-coverage/shared/CMakeFiles/utobj_coverage-shared-select.dir/home/user/work/procrace/cfs_cord/cFS/osal/src/os/shared/src/osapi-select.c.o
[ 28%] Built target utobj_coverage-shared-select
[ 28%] Building C object osal/unit-test-coverage/shared/CMakeFiles/coverage-shared-select-testrunner.dir/src/coveragetest-select.c.o
[ 28%] Linking C executable coverage-shared-select-testrunner
[ 28%] Built target coverage-shared-select-testrunner
[ 28%] Building C object osal/unit-test-coverage/shared/CMakeFiles/utobj_coverage-shared-sockets.dir/home/user/work/procrace/cfs_cord/cFS/osal/src/os/shared/src/osapi-sockets.c.o
[ 28%] Built target utobj_coverage-shared-sockets
[ 28%] Building C object osal/unit-test-coverage/shared/CMakeFiles/coverage-shared-sockets-testrunner.dir/src/coveragetest-sockets.c.o
[ 28%] Linking C executable coverage-shared-sockets-testrunner
[ 28%] Built target coverage-shared-sockets-testrunner
[ 28%] Building C object osal/unit-test-coverage/shared/CMakeFiles/utobj_coverage-shared-task.dir/home/user/work/procrace/cfs_cord/cFS/osal/src/os/shared/src/osapi-task.c.o
[ 28%] Built target utobj_coverage-shared-task
[ 28%] Building C object osal/unit-test-coverage/shared/CMakeFiles/coverage-shared-task-testrunner.dir/src/coveragetest-task.c.o
[ 28%] Linking C executable coverage-shared-task-testrunner
[ 28%] Built target coverage-shared-task-testrunner
[ 28%] Building C object osal/unit-test-coverage/shared/CMakeFiles/utobj_coverage-shared-timebase.dir/home/user/work/procrace/cfs_cord/cFS/osal/src/os/shared/src/osapi-timebase.c.o
[ 28%] Built target utobj_coverage-shared-timebase
[ 28%] Building C object osal/unit-test-coverage/shared/CMakeFiles/coverage-shared-timebase-testrunner.dir/src/coveragetest-timebase.c.o
[ 28%] Linking C executable coverage-shared-timebase-testrunner
[ 28%] Built target coverage-shared-timebase-testrunner
[ 28%] Building C object osal/unit-test-coverage/shared/CMakeFiles/utobj_coverage-shared-time.dir/home/user/work/procrace/cfs_cord/cFS/osal/src/os/shared/src/osapi-time.c.o
[ 28%] Built target utobj_coverage-shared-time
[ 29%] Building C object osal/unit-test-coverage/shared/CMakeFiles/coverage-shared-time-testrunner.dir/src/coveragetest-time.c.o
[ 29%] Linking C executable coverage-shared-time-testrunner
[ 29%] Built target coverage-shared-time-testrunner
[ 29%] Building C object osal/unit-test-coverage/shared/CMakeFiles/utobj_coverage-shared-version.dir/home/user/work/procrace/cfs_cord/cFS/osal/src/os/shared/src/osapi-version.c.o
[ 29%] Built target utobj_coverage-shared-version
[ 29%] Building C object osal/unit-test-coverage/shared/CMakeFiles/coverage-shared-version-testrunner.dir/src/coveragetest-version.c.o
[ 29%] Linking C executable coverage-shared-version-testrunner
[ 29%] Built target coverage-shared-version-testrunner
[ 29%] Building C object osal/tests/CMakeFiles/bin-sem-test.dir/bin-sem-test/bin-sem-test.c.o
[ 29%] Linking C executable bin-sem-test
[ 29%] Built target bin-sem-test
[ 29%] Building C object osal/tests/CMakeFiles/bin-sem-timeout-test.dir/bin-sem-timeout-test/bin-sem-timeout-test.c.o
[ 29%] Linking C executable bin-sem-timeout-test
[ 29%] Built target bin-sem-timeout-test
[ 29%] Building C object osal/tests/CMakeFiles/condvar-test.dir/condvar-test/condvar-test.c.o
[ 29%] Linking C executable condvar-test
[ 29%] Built target condvar-test
[ 29%] Building C object osal/tests/CMakeFiles/count-sem-test.dir/count-sem-test/count-sem-test.c.o
[ 29%] Linking C executable count-sem-test
[ 29%] Built target count-sem-test
[ 29%] Building C object osal/tests/CMakeFiles/count-sem-timeout-test.dir/count-sem-timeout-test/count-sem-timeout-test.c.o
[ 29%] Linking C executable count-sem-timeout-test
[ 29%] Built target count-sem-timeout-test
[ 29%] Building C object osal/tests/CMakeFiles/file-api-test.dir/file-api-test/file-api-test.c.o
[ 29%] Linking C executable file-api-test
[ 29%] Built target file-api-test
[ 29%] Building C object osal/tests/CMakeFiles/file-sys-add-fixed-map-api-test.dir/file-sys-add-fixed-map-api-test/file-sys-add-fixed-map-api-test.c.o
[ 29%] Linking C executable file-sys-add-fixed-map-api-test
[ 29%] Built target file-sys-add-fixed-map-api-test
[ 29%] Building C object osal/tests/CMakeFiles/idmap-api-test.dir/idmap-api-test/idmap-api-test.c.o
[ 29%] Linking C executable idmap-api-test
[ 29%] Built target idmap-api-test
[ 29%] Building C object osal/tests/CMakeFiles/mutex-test.dir/mutex-test/mutex-test.c.o
[ 29%] Linking C executable mutex-test
[ 29%] Built target mutex-test
[ 29%] Building C object osal/tests/CMakeFiles/network-api-test.dir/network-api-test/network-api-test.c.o
[ 29%] Linking C executable network-api-test
[ 29%] Built target network-api-test
[ 29%] Building C object osal/tests/CMakeFiles/osal-core-test.dir/osal-core-test/osal-core-test.c.o
[ 29%] Linking C executable osal-core-test
[ 29%] Built target osal-core-test
[ 29%] Building C object osal/tests/CMakeFiles/queue-test.dir/queue-test/queue-test.c.o
[ 29%] Linking C executable queue-test
[ 29%] Built target queue-test
[ 29%] Building C object osal/tests/CMakeFiles/rwlock-test.dir/rwlock-test/rwlock-test.c.o
[ 29%] Linking C executable rwlock-test
[ 29%] Built target rwlock-test
[ 29%] Building C object osal/tests/CMakeFiles/select-test.dir/select-test/select-test.c.o
[ 29%] Linking C executable select-test
[ 29%] Built target select-test
[ 29%] Building C object osal/tests/CMakeFiles/sem-speed-test.dir/sem-speed-test/sem-speed-test.c.o
[ 29%] Linking C executable sem-speed-test
[ 29%] Built target sem-speed-test
[ 29%] Building C object osal/tests/CMakeFiles/shell-test.dir/shell-test/shell-test.c.o
[ 29%] Linking C executable shell-test
[ 29%] Built target shell-test
[ 29%] Building C object osal/tests/CMakeFiles/symbol-api-test.dir/symbol-api-test/symbol-api-test.c.o
[ 29%] Linking C executable symbol-api-test
[ 29%] Built target symbol-api-test
[ 29%] Building C object osal/tests/CMakeFiles/time-base-api-test.dir/time-base-api-test/time-base-api-test.c.o
[ 29%] Linking C executable time-base-api-test
[ 29%] Built target time-base-api-test
[ 29%] Building C object osal/tests/CMakeFiles/timer-add-api-test.dir/timer-add-api-test/timer-add-api-test.c.o
[ 29%] Linking C executable timer-add-api-test
[ 29%] Built target timer-add-api-test
[ 29%] Building C object osal/tests/CMakeFiles/timer-test.dir/timer-test/timer-test.c.o
[ 30%] Linking C executable timer-test
[ 30%] Built target timer-test
[ 30%] Building C object osal/unit-tests/oscore-test/CMakeFiles/osal_core_UT.dir/ut_oscore_binsem_test.c.o
[ 30%] Building C object osal/unit-tests/oscore-test/CMakeFiles/osal_core_UT.dir/ut_oscore_misc_test.c.o
[ 30%] Building C object osal/unit-tests/oscore-test/CMakeFiles/osal_core_UT.dir/ut_oscore_queue_test.c.o
[ 30%] Building C object osal/unit-tests/oscore-test/CMakeFiles/osal_core_UT.dir/ut_oscore_select_test.c.o
[ 30%] Building C object osal/unit-tests/oscore-test/CMakeFiles/osal_core_UT.dir/ut_oscore_countsem_test.c.o
[ 30%] Building C object osal/unit-tests/oscore-test/CMakeFiles/osal_core_UT.dir/ut_oscore_mutex_test.c.o
[ 30%] Building C object osal/unit-tests/oscore-test/CMakeFiles/osal_core_UT.dir/ut_oscore_task_test.c.o
[ 31%] Building C object osal/unit-tests/oscore-test/CMakeFiles/osal_core_UT.dir/ut_oscore_test.c.o
[ 31%] Linking C executable osal_core_UT
[ 31%] Built target osal_core_UT
[ 31%] Building C object osal/unit-tests/osloader-test/CMakeFiles/MODULE0.dir/ut_module.c.o
[ 31%] Linking C shared library utmod/MODULE0.so
[ 31%] Built target MODULE0
[ 31%] Building C object osal/unit-tests/osloader-test/CMakeFiles/MODULE20.dir/ut_module.c.o
[ 31%] Linking C shared library utmod/MODULE20.so
[ 31%] Built target MODULE20
[ 31%] Building C object osal/unit-tests/osloader-test/CMakeFiles/MODULE19.dir/ut_module.c.o
[ 31%] Linking C shared library utmod/MODULE19.so
[ 31%] Built target MODULE19
[ 31%] Building C object osal/unit-tests/osloader-test/CMakeFiles/MODULE18.dir/ut_module.c.o
[ 31%] Linking C shared library utmod/MODULE18.so
[ 31%] Built target MODULE18
[ 31%] Building C object osal/unit-tests/osloader-test/CMakeFiles/MODULE17.dir/ut_module.c.o
[ 31%] Linking C shared library utmod/MODULE17.so
[ 31%] Built target MODULE17
[ 31%] Building C object osal/unit-tests/osloader-test/CMakeFiles/MODULE16.dir/ut_module.c.o
[ 32%] Linking C shared library utmod/MODULE16.so
[ 32%] Built target MODULE16
[ 32%] Building C object osal/unit-tests/osloader-test/CMakeFiles/MODULE15.dir/ut_module.c.o
[ 32%] Linking C shared library utmod/MODULE15.so
[ 32%] Built target MODULE15
[ 32%] Building C object osal/unit-tests/osloader-test/CMakeFiles/MODULE14.dir/ut_module.c.o
[ 32%] Linking C shared library utmod/MODULE14.so
[ 32%] Built target MODULE14
[ 32%] Building C object osal/unit-tests/osloader-test/CMakeFiles/MODULE13.dir/ut_module.c.o
[ 32%] Linking C shared library utmod/MODULE13.so
[ 32%] Built target MODULE13
[ 32%] Building C object osal/unit-tests/osloader-test/CMakeFiles/MODULE12.dir/ut_module.c.o
[ 32%] Linking C shared library utmod/MODULE12.so
[ 32%] Built target MODULE12
[ 32%] Building C object osal/unit-tests/osloader-test/CMakeFiles/MODULE11.dir/ut_module.c.o
[ 32%] Linking C shared library utmod/MODULE11.so
[ 32%] Built target MODULE11
[ 32%] Building C object osal/unit-tests/osloader-test/CMakeFiles/MODULE10.dir/ut_module.c.o
[ 32%] Linking C shared library utmod/MODULE10.so
[ 32%] Built target MODULE10
[ 32%] Building C object osal/unit-tests/osloader-test/CMakeFiles/MODULE9.dir/ut_module.c.o
[ 32%] Linking C shared library utmod/MODULE9.so
[ 32%] Built target MODULE9
[ 32%] Building C object osal/unit-tests/osloader-test/CMakeFiles/MODULE8.dir/ut_module.c.o
[ 32%] Linking C shared library utmod/MODULE8.so
[ 32%] Built target MODULE8
[ 32%] Building C object osal/unit-tests/osloader-test/CMakeFiles/MODULE7.dir/ut_module.c.o
[ 32%] Linking C shared library utmod/MODULE7.so
[ 32%] Built target MODULE7
[ 32%] Building C object osal/unit-tests/osloader-test/CMakeFiles/MODULE6.dir/ut_module.c.o
[ 33%] Linking C shared library utmod/MODULE6.so
[ 33%] Built target MODULE6
[ 33%] Building C object osal/unit-tests/osloader-test/CMakeFiles/MODULE5.dir/ut_module.c.o
[ 33%] Linking C shared library utmod/MODULE5.so
[ 33%] Built target MODULE5
[ 33%] Building C object osal/unit-tests/osloader-test/CMakeFiles/MODULE4.dir/ut_module.c.o
[ 33%] Linking C shared library utmod/MODULE4.so
[ 33%] Built target MODULE4
[ 33%] Building C object osal/unit-tests/osloader-test/CMakeFiles/MODULE3.dir/ut_module.c.o
[ 33%] Linking C shared library utmod/MODULE3.so
[ 33%] Built target MODULE3
[ 33%] Building C object osal/unit-tests/osloader-test/CMakeFiles/MODULE2.dir/ut_module.c.o
[ 33%] Linking C shared library utmod/MODULE2.so
[ 33%] Built target MODULE2
[ 33%] Building C object osal/unit-tests/osloader-test/CMakeFiles/MODULE1.dir/ut_module.c.o
[ 33%] Linking C shared library utmod/MODULE1.so
[ 33%] Built target MODULE1
[ 33%] Building C object osal/unit-tests/osloader-test/CMakeFiles/osal_loader_UT.dir/ut_osloader_module_test.c.o
[ 33%] Building C object osal/unit-tests/osloader-test/CMakeFiles/osal_loader_UT.dir/ut_osloader_symtable_test.c.o
[ 33%] Building C object osal/unit-tests/osloader-test/CMakeFiles/osal_loader_UT.dir/ut_osloader_test.c.o
[ 33%] Linking C executable osal_loader_UT
[ 33%] Built target osal_loader_UT
[ 33%] Building C object osal/unit-tests/osfilesys-test/CMakeFiles/osal_filesys_UT.dir/ut_osfilesys_diskio_test.c.o
[ 33%] Building C object osal/unit-tests/osfilesys-test/CMakeFiles/osal_filesys_UT.dir/ut_osfilesys_test.c.o
[ 33%] Linking C executable osal_filesys_UT
[ 33%] Built target osal_filesys_UT
[ 33%] Building C object osal/unit-tests/osfile-test/CMakeFiles/osal_file_UT.dir/ut_osfile_fileio_test.c.o
[ 33%] Building C object osal/unit-tests/osfile-test/CMakeFiles/osal_file_UT.dir/ut_osfile_dirio_test.c.o
[ 33%] Building C object osal/unit-tests/osfile-test/CMakeFiles/osal_file_UT.dir/ut_osfile_test.c.o
[ 33%] Linking C executable osal_file_UT
[ 33%] Built target osal_file_UT
[ 33%] Building C object osal/unit-tests/osnetwork-test/CMakeFiles/osal_network_UT.dir/ut_osnetwork_misc_test.c.o
[ 33%] Building C object osal/unit-tests/osnetwork-test/CMakeFiles/osal_network_UT.dir/ut_osnetwork_test.c.o
[ 34%] Linking C executable osal_network_UT
[ 34%] Built target osal_network_UT
[ 34%] Building C object osal/unit-tests/ostimer-test/CMakeFiles/osal_timer_UT.dir/ut_ostimer_timerio_test.c.o
[ 34%] Building C object osal/unit-tests/ostimer-test/CMakeFiles/osal_timer_UT.dir/ut_ostimer_test.c.o
[ 34%] Linking C executable osal_timer_UT
[ 34%] Built target osal_timer_UT
[ 34%] Building C object psp/ut-stubs/CMakeFiles/ut_psp_api_stubs.dir/src/cfe_psp_cache_api_stubs.c.o
[ 34%] Building C object psp/ut-stubs/CMakeFiles/ut_psp_api_stubs.dir/src/cfe_psp_cds_api_handlers.c.o
[ 34%] Building C object psp/ut-stubs/CMakeFiles/ut_psp_api_stubs.dir/src/cfe_psp_cds_api_stubs.c.o
[ 34%] Building C object psp/ut-stubs/CMakeFiles/ut_psp_api_stubs.dir/src/cfe_psp_eepromaccess_api_stubs.c.o
[ 34%] Building C object psp/ut-stubs/CMakeFiles/ut_psp_api_stubs.dir/src/cfe_psp_endian_handlers.c.o
[ 34%] Building C object psp/ut-stubs/CMakeFiles/ut_psp_api_stubs.dir/src/cfe_psp_endian_stubs.c.o
[ 34%] Building C object psp/ut-stubs/CMakeFiles/ut_psp_api_stubs.dir/src/cfe_psp_error_stubs.c.o
[ 34%] Building C object psp/ut-stubs/CMakeFiles/ut_psp_api_stubs.dir/src/cfe_psp_exception_api_handlers.c.o
[ 34%] Building C object psp/ut-stubs/CMakeFiles/ut_psp_api_stubs.dir/src/cfe_psp_exception_api_stubs.c.o
[ 34%] Building C object psp/ut-stubs/CMakeFiles/ut_psp_api_stubs.dir/src/cfe_psp_exceptionstorage_api_stubs.c.o
[ 34%] Building C object psp/ut-stubs/CMakeFiles/ut_psp_api_stubs.dir/src/cfe_psp_globaldata_stubs.c.o
[ 34%] Building C object psp/ut-stubs/CMakeFiles/ut_psp_api_stubs.dir/src/cfe_psp_id_api_handlers.c.o
[ 35%] Building C object psp/ut-stubs/CMakeFiles/ut_psp_api_stubs.dir/src/cfe_psp_id_api_stubs.c.o
[ 35%] Building C object psp/ut-stubs/CMakeFiles/ut_psp_api_stubs.dir/src/cfe_psp_memaccess_api_handlers.c.o
[ 35%] Building C object psp/ut-stubs/CMakeFiles/ut_psp_api_stubs.dir/src/cfe_psp_memaccess_api_stubs.c.o
[ 35%] Building C object psp/ut-stubs/CMakeFiles/ut_psp_api_stubs.dir/src/cfe_psp_memory_stubs.c.o
[ 35%] Building C object psp/ut-stubs/CMakeFiles/ut_psp_api_stubs.dir/src/cfe_psp_memrange_api_handlers.c.o
[ 35%] Building C object psp/ut-stubs/CMakeFiles/ut_psp_api_stubs.dir/src/cfe_psp_memrange_api_stubs.c.o
[ 35%] Building C object psp/ut-stubs/CMakeFiles/ut_psp_api_stubs.dir/src/cfe_psp_module_stubs.c.o
[ 35%] Building C object psp/ut-stubs/CMakeFiles/ut_psp_api_stubs.dir/src/cfe_psp_port_api_stubs.c.o
[ 35%] Building C object psp/ut-stubs/CMakeFiles/ut_psp_api_stubs.dir/src/cfe_psp_ssr_api_stubs.c.o
[ 35%] Building C object psp/ut-stubs/CMakeFiles/ut_psp_api_stubs.dir/src/cfe_psp_stubs.c.o
[ 35%] Building C object psp/ut-stubs/CMakeFiles/ut_psp_api_stubs.dir/src/cfe_psp_timertick_api_handlers.c.o
[ 35%] Building C object psp/ut-stubs/CMakeFiles/ut_psp_api_stubs.dir/src/cfe_psp_timertick_api_stubs.c.o
[ 35%] Building C object psp/ut-stubs/CMakeFiles/ut_psp_api_stubs.dir/src/cfe_psp_version_api_handlers.c.o
[ 35%] Building C object psp/ut-stubs/CMakeFiles/ut_psp_api_stubs.dir/src/cfe_psp_version_api_stubs.c.o
[ 35%] Building C object psp/ut-stubs/CMakeFiles/ut_psp_api_stubs.dir/src/cfe_psp_watchdog_api_handlers.c.o
[ 35%] Building C object psp/ut-stubs/CMakeFiles/ut_psp_api_stubs.dir/src/cfe_psp_watchdog_api_stubs.c.o
[ 35%] Linking C static library libut_psp_api_stubs.a
[ 35%] Built target ut_psp_api_stubs
[ 35%] Building C object core_api/ut-stubs/CMakeFiles/ut_core_api_stubs.dir/src/cfe_config_handlers.c.o
[ 35%] Building C object core_api/ut-stubs/CMakeFiles/ut_core_api_stubs.dir/src/cfe_config_stubs.c.o
[ 35%] Building C object core_api/ut-stubs/CMakeFiles/ut_core_api_stubs.dir/src/cfe_es_handlers.c.o
[ 35%] Building C object core_api/ut-stubs/CMakeFiles/ut_core_api_stubs.dir/src/cfe_es_stubs.c.o
[ 35%] Building C object core_api/ut-stubs/CMakeFiles/ut_core_api_stubs.dir/src/cfe_evs_handlers.c.o
[ 35%] Building C object core_api/ut-stubs/CMakeFiles/ut_core_api_stubs.dir/src/cfe_evs_stubs.c.o
[ 35%] Building C object core_api/ut-stubs/CMakeFiles/ut_core_api_stubs.dir/src/cfe_fs_handlers.c.o
[ 37%] Building C object core_api/ut-stubs/CMakeFiles/ut_core_api_stubs.dir/src/cfe_fs_stubs.c.o
[ 37%] Building C object core_api/ut-stubs/CMakeFiles/ut_core_api_stubs.dir/src/cfe_msg_handlers.c.o
[ 37%] Building C object core_api/ut-stubs/CMakeFiles/ut_core_api_stubs.dir/src/cfe_msg_stubs.c.o
[ 37%] Building C object core_api/ut-stubs/CMakeFiles/ut_core_api_stubs.dir/src/cfe_resourceid_handlers.c.o
[ 37%] Building C object core_api/ut-stubs/CMakeFiles/ut_core_api_stubs.dir/src/cfe_resourceid_stubs.c.o
[ 37%] Building C object core_api/ut-stubs/CMakeFiles/ut_core_api_stubs.dir/src/cfe_sb_handlers.c.o
[ 37%] Building C object core_api/ut-stubs/CMakeFiles/ut_core_api_stubs.dir/src/cfe_sb_stubs.c.o
[ 37%] Building C object core_api/ut-stubs/CMakeFiles/ut_core_api_stubs.dir/src/cfe_tbl_handlers.c.o
[ 37%] Building C object core_api/ut-stubs/CMakeFiles/ut_core_api_stubs.dir/src/cfe_tbl_stubs.c.o
[ 37%] Building C object core_api/ut-stubs/CMakeFiles/ut_core_api_stubs.dir/src/cfe_time_handlers.c.o
[ 37%] Building C object core_api/ut-stubs/CMakeFiles/ut_core_api_stubs.dir/src/cfe_time_stubs.c.o
[ 37%] Linking C static library libut_core_api_stubs.a
[ 37%] Built target ut_core_api_stubs
[ 37%] Building C object core_private/ut-stubs/CMakeFiles/ut_core_private_stubs.dir/src/cfe_config_core_internal_stubs.c.o
[ 37%] Building C object core_private/ut-stubs/CMakeFiles/ut_core_private_stubs.dir/src/cfe_es_core_internal_handlers.c.o
[ 37%] Building C object core_private/ut-stubs/CMakeFiles/ut_core_private_stubs.dir/src/cfe_es_core_internal_stubs.c.o
[ 37%] Building C object core_private/ut-stubs/CMakeFiles/ut_core_private_stubs.dir/src/cfe_evs_core_internal_stubs.c.o
[ 37%] Building C object core_private/ut-stubs/CMakeFiles/ut_core_private_stubs.dir/src/cfe_fs_core_internal_handlers.c.o
[ 37%] Building C object core_private/ut-stubs/CMakeFiles/ut_core_private_stubs.dir/src/cfe_fs_core_internal_stubs.c.o
[ 38%] Building C object core_private/ut-stubs/CMakeFiles/ut_core_private_stubs.dir/src/cfe_sb_core_internal_stubs.c.o
[ 38%] Building C object core_private/ut-stubs/CMakeFiles/ut_core_private_stubs.dir/src/cfe_tbl_core_internal_stubs.c.o
[ 38%] Building C object core_private/ut-stubs/CMakeFiles/ut_core_private_stubs.dir/src/cfe_time_core_internal_stubs.c.o
[ 38%] Building C object core_private/ut-stubs/CMakeFiles/ut_core_private_stubs.dir/src/ut_osprintf_stubs.c.o
[ 38%] Building C object core_private/ut-stubs/CMakeFiles/ut_core_private_stubs.dir/src/ut_support.c.o
[ 38%] Linking C static library libut_core_private_stubs.a
[ 38%] Built target ut_core_private_stubs
[ 39%] Generating ../src/cfe_platformcfg_tables.c
[ 39%] Building C object config/CMakeFiles/config.dir/fsw/src/cfe_config_init.c.o
[ 39%] Building C object config/CMakeFiles/config.dir/fsw/src/cfe_config_lookup.c.o
[ 39%] Building C object config/CMakeFiles/config.dir/fsw/src/cfe_config_get.c.o
[ 39%] Building C object config/CMakeFiles/config.dir/fsw/src/cfe_config_set.c.o
[ 39%] Building C object config/CMakeFiles/config.dir/fsw/src/cfe_config_objtab.c.o
[ 39%] Building C object config/CMakeFiles/config.dir/fsw/src/cfe_config_eds_disabled.c.o
[ 39%] Building C object config/CMakeFiles/config.dir/home/user/work/procrace/cfs_cord/cFS/build-native_std/src/cfe_configid_nametable.c.o
[ 39%] Building C object config/CMakeFiles/config.dir/__/src/cfe_platformcfg_tables.c.o
[ 39%] Linking C static library libconfig.a
[ 39%] Built target config
[ 39%] Building C object config/ut-coverage/CMakeFiles/coverage-cfe_config_internal-stubs.dir/ut-stubs/cfe_config_init_stubs.c.o
[ 39%] Building C object config/ut-coverage/CMakeFiles/coverage-cfe_config_internal-stubs.dir/ut-stubs/cfe_config_external_stubs.c.o
[ 39%] Building C object config/ut-coverage/CMakeFiles/coverage-cfe_config_internal-stubs.dir/ut-stubs/cfe_config_lookup_stubs.c.o
[ 39%] Building C object config/ut-coverage/CMakeFiles/coverage-cfe_config_internal-stubs.dir/ut-stubs/cfe_config_set_stubs.c.o
[ 39%] Linking C static library libcoverage-cfe_config_internal-stubs.a
[ 39%] Built target coverage-cfe_config_internal-stubs
[ 39%] Building C object config/ut-coverage/CMakeFiles/coverage-config-ALL-object.dir/__/fsw/src/cfe_config_init.c.o
[ 39%] Building C object config/ut-coverage/CMakeFiles/coverage-config-ALL-object.dir/__/fsw/src/cfe_config_lookup.c.o
[ 39%] Building C object config/ut-coverage/CMakeFiles/coverage-config-ALL-object.dir/__/fsw/src/cfe_config_get.c.o
[ 39%] Building C object config/ut-coverage/CMakeFiles/coverage-config-ALL-object.dir/__/fsw/src/cfe_config_set.c.o
[ 39%] Building C object config/ut-coverage/CMakeFiles/coverage-config-ALL-object.dir/__/fsw/src/cfe_config_objtab.c.o
[ 39%] Building C object config/ut-coverage/CMakeFiles/coverage-config-ALL-object.dir/__/fsw/src/cfe_config_eds_disabled.c.o
[ 39%] Built target coverage-config-ALL-object
[ 39%] Building C object config/ut-coverage/CMakeFiles/coverage-config-ALL-testrunner.dir/test_cfe_config.c.o
[ 40%] Linking C executable coverage-config-ALL-testrunner
[ 40%] Built target coverage-config-ALL-testrunner
[ 40%] Building C object es/CMakeFiles/es.dir/fsw/src/cfe_es_api.c.o
[ 40%] Building C object es/CMakeFiles/es.dir/fsw/src/cfe_es_apps.c.o
[ 40%] Building C object es/CMakeFiles/es.dir/fsw/src/cfe_es_backgroundtask.c.o
[ 40%] Building C object es/CMakeFiles/es.dir/fsw/src/cfe_es_cds.c.o
[ 40%] Building C object es/CMakeFiles/es.dir/fsw/src/cfe_es_cds_mempool.c.o
[ 40%] Building C object es/CMakeFiles/es.dir/fsw/src/cfe_es_crc.c.o
[ 40%] Building C object es/CMakeFiles/es.dir/fsw/src/cfe_es_erlog.c.o
[ 40%] Building C object es/CMakeFiles/es.dir/fsw/src/cfe_es_generic_pool.c.o
[ 40%] Building C object es/CMakeFiles/es.dir/fsw/src/cfe_es_mempool.c.o
[ 41%] Building C object es/CMakeFiles/es.dir/fsw/src/cfe_es_objtab.c.o
[ 41%] Building C object es/CMakeFiles/es.dir/fsw/src/cfe_es_perf.c.o
[ 41%] Building C object es/CMakeFiles/es.dir/fsw/src/cfe_es_resource.c.o
[ 41%] Building C object es/CMakeFiles/es.dir/fsw/src/cfe_es_start.c.o
[ 41%] Building C object es/CMakeFiles/es.dir/fsw/src/cfe_es_syslog.c.o
[ 41%] Building C object es/CMakeFiles/es.dir/fsw/src/cfe_es_task.c.o
[ 41%] Building C object es/CMakeFiles/es.dir/fsw/src/cfe_es_dispatch.c.o
[ 41%] Building C object es/CMakeFiles/es.dir/__/__/cord/cord.c.o
[ 41%] Linking C static library libes.a
[ 41%] Built target es
[ 41%] Building C object es/ut-coverage/CMakeFiles/coverage-es-ALL-object.dir/__/fsw/src/cfe_es_api.c.o
[ 41%] Building C object es/ut-coverage/CMakeFiles/coverage-es-ALL-object.dir/__/fsw/src/cfe_es_apps.c.o
[ 41%] Building C object es/ut-coverage/CMakeFiles/coverage-es-ALL-object.dir/__/fsw/src/cfe_es_backgroundtask.c.o
[ 41%] Building C object es/ut-coverage/CMakeFiles/coverage-es-ALL-object.dir/__/fsw/src/cfe_es_cds.c.o
[ 41%] Building C object es/ut-coverage/CMakeFiles/coverage-es-ALL-object.dir/__/fsw/src/cfe_es_cds_mempool.c.o
[ 41%] Building C object es/ut-coverage/CMakeFiles/coverage-es-ALL-object.dir/__/fsw/src/cfe_es_crc.c.o
[ 41%] Building C object es/ut-coverage/CMakeFiles/coverage-es-ALL-object.dir/__/fsw/src/cfe_es_erlog.c.o
[ 41%] Building C object es/ut-coverage/CMakeFiles/coverage-es-ALL-object.dir/__/fsw/src/cfe_es_generic_pool.c.o
[ 41%] Building C object es/ut-coverage/CMakeFiles/coverage-es-ALL-object.dir/__/fsw/src/cfe_es_mempool.c.o
[ 41%] Building C object es/ut-coverage/CMakeFiles/coverage-es-ALL-object.dir/__/fsw/src/cfe_es_objtab.c.o
[ 41%] Building C object es/ut-coverage/CMakeFiles/coverage-es-ALL-object.dir/__/fsw/src/cfe_es_perf.c.o
[ 41%] Building C object es/ut-coverage/CMakeFiles/coverage-es-ALL-object.dir/__/fsw/src/cfe_es_resource.c.o
[ 41%] Building C object es/ut-coverage/CMakeFiles/coverage-es-ALL-object.dir/__/fsw/src/cfe_es_start.c.o
[ 41%] Building C object es/ut-coverage/CMakeFiles/coverage-es-ALL-object.dir/__/fsw/src/cfe_es_syslog.c.o
[ 41%] Building C object es/ut-coverage/CMakeFiles/coverage-es-ALL-object.dir/__/fsw/src/cfe_es_task.c.o
[ 41%] Building C object es/ut-coverage/CMakeFiles/coverage-es-ALL-object.dir/__/fsw/src/cfe_es_dispatch.c.o
[ 41%] Built target coverage-es-ALL-object
[ 41%] Building C object es/ut-coverage/CMakeFiles/coverage-es-ALL-testrunner.dir/es_ut_helpers.c.o
[ 42%] Building C object es/ut-coverage/CMakeFiles/coverage-es-ALL-testrunner.dir/es_UT.c.o
[ 42%] Building C object es/ut-coverage/CMakeFiles/coverage-es-ALL-testrunner.dir/es_UT_objtab.c.o
[ 42%] Building C object es/ut-coverage/CMakeFiles/coverage-es-ALL-testrunner.dir/es_UT_static_module_list.c.o
[ 42%] Building C object es/ut-coverage/CMakeFiles/coverage-es-ALL-testrunner.dir/es_ut_default_dispatch.c.o
[ 42%] Linking C executable coverage-es-ALL-testrunner
[ 42%] Built target coverage-es-ALL-testrunner
[ 42%] Building C object evs/CMakeFiles/evs.dir/fsw/src/cfe_evs.c.o
[ 42%] Building C object evs/CMakeFiles/evs.dir/fsw/src/cfe_evs_log.c.o
[ 42%] Building C object evs/CMakeFiles/evs.dir/fsw/src/cfe_evs_task.c.o
[ 42%] Building C object evs/CMakeFiles/evs.dir/fsw/src/cfe_evs_utils.c.o
[ 42%] Building C object evs/CMakeFiles/evs.dir/fsw/src/cfe_evs_objtab.c.o
[ 42%] Building C object evs/CMakeFiles/evs.dir/fsw/src/cfe_evs_dispatch.c.o
[ 42%] Linking C static library libevs.a
[ 42%] Built target evs
[ 42%] Building C object evs/ut-coverage/CMakeFiles/coverage-evs-ALL-object.dir/__/fsw/src/cfe_evs.c.o
[ 42%] Building C object evs/ut-coverage/CMakeFiles/coverage-evs-ALL-object.dir/__/fsw/src/cfe_evs_log.c.o
[ 42%] Building C object evs/ut-coverage/CMakeFiles/coverage-evs-ALL-object.dir/__/fsw/src/cfe_evs_task.c.o
[ 42%] Building C object evs/ut-coverage/CMakeFiles/coverage-evs-ALL-object.dir/__/fsw/src/cfe_evs_utils.c.o
[ 42%] Building C object evs/ut-coverage/CMakeFiles/coverage-evs-ALL-object.dir/__/fsw/src/cfe_evs_objtab.c.o
[ 42%] Building C object evs/ut-coverage/CMakeFiles/coverage-evs-ALL-object.dir/__/fsw/src/cfe_evs_dispatch.c.o
[ 42%] Built target coverage-evs-ALL-object
[ 42%] Building C object evs/ut-coverage/CMakeFiles/coverage-evs-ALL-testrunner.dir/evs_ut_helpers.c.o
[ 42%] Building C object evs/ut-coverage/CMakeFiles/coverage-evs-ALL-testrunner.dir/evs_UT.c.o
[ 42%] Building C object evs/ut-coverage/CMakeFiles/coverage-evs-ALL-testrunner.dir/evs_ut_default_dispatch.c.o
[ 42%] Linking C executable coverage-evs-ALL-testrunner
[ 42%] Built target coverage-evs-ALL-testrunner
[ 42%] Building C object fs/CMakeFiles/fs.dir/fsw/src/cfe_fs_api.c.o
[ 42%] Building C object fs/CMakeFiles/fs.dir/fsw/src/cfe_fs_priv.c.o
[ 42%] Building C object fs/CMakeFiles/fs.dir/fsw/src/cfe_fs_objtab.c.o
[ 42%] Linking C static library libfs.a
[ 42%] Built target fs
[ 42%] Building C object fs/ut-coverage/CMakeFiles/coverage-fs-ALL-object.dir/__/fsw/src/cfe_fs_api.c.o
[ 42%] Building C object fs/ut-coverage/CMakeFiles/coverage-fs-ALL-object.dir/__/fsw/src/cfe_fs_priv.c.o
[ 42%] Building C object fs/ut-coverage/CMakeFiles/coverage-fs-ALL-object.dir/__/fsw/src/cfe_fs_objtab.c.o
[ 42%] Built target coverage-fs-ALL-object
[ 42%] Building C object fs/ut-coverage/CMakeFiles/coverage-fs-ALL-testrunner.dir/fs_UT.c.o
[ 42%] Linking C executable coverage-fs-ALL-testrunner
[ 42%] Built target coverage-fs-ALL-testrunner
[ 42%] Building C object sb/CMakeFiles/sb.dir/fsw/src/cfe_sb_api.c.o
[ 42%] Building C object sb/CMakeFiles/sb.dir/fsw/src/cfe_sb_buf.c.o
[ 42%] Building C object sb/CMakeFiles/sb.dir/fsw/src/cfe_sb_init.c.o
[ 42%] Building C object sb/CMakeFiles/sb.dir/fsw/src/cfe_sb_priv.c.o
[ 42%] Building C object sb/CMakeFiles/sb.dir/fsw/src/cfe_sb_task.c.o
[ 42%] Building C object sb/CMakeFiles/sb.dir/fsw/src/cfe_sb_util.c.o
[ 42%] Building C object sb/CMakeFiles/sb.dir/fsw/src/cfe_sb_objtab.c.o
[ 42%] Building C object sb/CMakeFiles/sb.dir/fsw/src/cfe_sb_dispatch.c.o
[ 42%] Building C object sb/CMakeFiles/sb.dir/fsw/src/cfe_sb_msg_id_util.c.o
[ 42%] Linking C static library libsb.a
[ 42%] Built target sb
[ 42%] Building C object sb/ut-coverage/CMakeFiles/coverage-sb-ALL-object.dir/__/fsw/src/cfe_sb_api.c.o
[ 42%] Building C object sb/ut-coverage/CMakeFiles/coverage-sb-ALL-object.dir/__/fsw/src/cfe_sb_buf.c.o
[ 42%] Building C object sb/ut-coverage/CMakeFiles/coverage-sb-ALL-object.dir/__/fsw/src/cfe_sb_init.c.o
[ 42%] Building C object sb/ut-coverage/CMakeFiles/coverage-sb-ALL-object.dir/__/fsw/src/cfe_sb_priv.c.o
[ 42%] Building C object sb/ut-coverage/CMakeFiles/coverage-sb-ALL-object.dir/__/fsw/src/cfe_sb_task.c.o
[ 42%] Building C object sb/ut-coverage/CMakeFiles/coverage-sb-ALL-object.dir/__/fsw/src/cfe_sb_util.c.o
[ 42%] Building C object sb/ut-coverage/CMakeFiles/coverage-sb-ALL-object.dir/__/fsw/src/cfe_sb_objtab.c.o
[ 42%] Building C object sb/ut-coverage/CMakeFiles/coverage-sb-ALL-object.dir/__/fsw/src/cfe_sb_dispatch.c.o
[ 42%] Building C object sb/ut-coverage/CMakeFiles/coverage-sb-ALL-object.dir/__/fsw/src/cfe_sb_msg_id_util.c.o
[ 42%] Built target coverage-sb-ALL-object
[ 43%] Building C object sbr/CMakeFiles/sbr.dir/fsw/src/cfe_sbr_map_hash.c.o
[ 43%] Building C object sbr/CMakeFiles/sbr.dir/fsw/src/cfe_sbr_route_unsorted.c.o
[ 43%] Building C object sbr/CMakeFiles/sbr.dir/fsw/src/cfe_sbr_objtab.c.o
[ 43%] Linking C static library libsbr.a
[ 43%] Built target sbr
[ 43%] Building C object sb/ut-coverage/CMakeFiles/coverage-sb-ALL-testrunner.dir/sb_ut_helpers.c.o
[ 43%] Building C object sb/ut-coverage/CMakeFiles/coverage-sb-ALL-testrunner.dir/sb_UT.c.o
[ 43%] Building C object sb/ut-coverage/CMakeFiles/coverage-sb-ALL-testrunner.dir/sb_ut_default_dispatch.c.o
[ 43%] Linking C executable coverage-sb-ALL-testrunner
[ 43%] Built target coverage-sb-ALL-testrunner
[ 43%] Building C object tbl/CMakeFiles/tbl.dir/fsw/src/cfe_tbl_api.c.o
[ 43%] Building C object tbl/CMakeFiles/tbl.dir/fsw/src/cfe_tbl_accdesc.c.o
[ 43%] Building C object tbl/CMakeFiles/tbl.dir/fsw/src/cfe_tbl_load.c.o
[ 43%] Building C object tbl/CMakeFiles/tbl.dir/fsw/src/cfe_tbl_loadbuff.c.o
[ 44%] Building C object tbl/CMakeFiles/tbl.dir/fsw/src/cfe_tbl_registry.c.o
[ 44%] Building C object tbl/CMakeFiles/tbl.dir/fsw/src/cfe_tbl_regrec.c.o
[ 44%] Building C object tbl/CMakeFiles/tbl.dir/fsw/src/cfe_tbl_dump.c.o
[ 44%] Building C object tbl/CMakeFiles/tbl.dir/fsw/src/cfe_tbl_dumpctl.c.o
[ 44%] Building C object tbl/CMakeFiles/tbl.dir/fsw/src/cfe_tbl_handlelink.c.o
[ 44%] Building C object tbl/CMakeFiles/tbl.dir/fsw/src/cfe_tbl_valresult.c.o
[ 44%] Building C object tbl/CMakeFiles/tbl.dir/fsw/src/cfe_tbl_internal.c.o
[ 44%] Building C object tbl/CMakeFiles/tbl.dir/fsw/src/cfe_tbl_transaction.c.o
[ 44%] Building C object tbl/CMakeFiles/tbl.dir/fsw/src/cfe_tbl_task.c.o
[ 44%] Building C object tbl/CMakeFiles/tbl.dir/fsw/src/cfe_tbl_task_cmds.c.o
[ 44%] Building C object tbl/CMakeFiles/tbl.dir/fsw/src/cfe_tbl_objtab.c.o
[ 44%] Building C object tbl/CMakeFiles/tbl.dir/fsw/src/cfe_tbl_passthru_codec.c.o
[ 44%] Building C object tbl/CMakeFiles/tbl.dir/fsw/src/cfe_tbl_dispatch.c.o
[ 44%] Linking C static library libtbl.a
[ 44%] Built target tbl
[ 44%] Building C object tbl/ut-coverage/CMakeFiles/coverage-tbl-ALL-object.dir/__/fsw/src/cfe_tbl_api.c.o
[ 44%] Building C object tbl/ut-coverage/CMakeFiles/coverage-tbl-ALL-object.dir/__/fsw/src/cfe_tbl_accdesc.c.o
[ 44%] Building C object tbl/ut-coverage/CMakeFiles/coverage-tbl-ALL-object.dir/__/fsw/src/cfe_tbl_load.c.o
[ 44%] Building C object tbl/ut-coverage/CMakeFiles/coverage-tbl-ALL-object.dir/__/fsw/src/cfe_tbl_loadbuff.c.o
[ 44%] Building C object tbl/ut-coverage/CMakeFiles/coverage-tbl-ALL-object.dir/__/fsw/src/cfe_tbl_registry.c.o
[ 44%] Building C object tbl/ut-coverage/CMakeFiles/coverage-tbl-ALL-object.dir/__/fsw/src/cfe_tbl_regrec.c.o
[ 44%] Building C object tbl/ut-coverage/CMakeFiles/coverage-tbl-ALL-object.dir/__/fsw/src/cfe_tbl_dump.c.o
[ 44%] Building C object tbl/ut-coverage/CMakeFiles/coverage-tbl-ALL-object.dir/__/fsw/src/cfe_tbl_dumpctl.c.o
[ 44%] Building C object tbl/ut-coverage/CMakeFiles/coverage-tbl-ALL-object.dir/__/fsw/src/cfe_tbl_handlelink.c.o
[ 44%] Building C object tbl/ut-coverage/CMakeFiles/coverage-tbl-ALL-object.dir/__/fsw/src/cfe_tbl_valresult.c.o
[ 44%] Building C object tbl/ut-coverage/CMakeFiles/coverage-tbl-ALL-object.dir/__/fsw/src/cfe_tbl_internal.c.o
[ 44%] Building C object tbl/ut-coverage/CMakeFiles/coverage-tbl-ALL-object.dir/__/fsw/src/cfe_tbl_transaction.c.o
[ 46%] Building C object tbl/ut-coverage/CMakeFiles/coverage-tbl-ALL-object.dir/__/fsw/src/cfe_tbl_task.c.o
[ 46%] Building C object tbl/ut-coverage/CMakeFiles/coverage-tbl-ALL-object.dir/__/fsw/src/cfe_tbl_task_cmds.c.o
[ 46%] Building C object tbl/ut-coverage/CMakeFiles/coverage-tbl-ALL-object.dir/__/fsw/src/cfe_tbl_objtab.c.o
[ 46%] Building C object tbl/ut-coverage/CMakeFiles/coverage-tbl-ALL-object.dir/__/fsw/src/cfe_tbl_passthru_codec.c.o
[ 46%] Building C object tbl/ut-coverage/CMakeFiles/coverage-tbl-ALL-object.dir/__/fsw/src/cfe_tbl_dispatch.c.o
[ 46%] Built target coverage-tbl-ALL-object
[ 46%] Building C object tbl/ut-coverage/CMakeFiles/coverage-tbl-ALL-testrunner.dir/tbl_ut_helpers.c.o
[ 46%] Building C object tbl/ut-coverage/CMakeFiles/coverage-tbl-ALL-testrunner.dir/tbl_UT.c.o
[ 46%] Building C object tbl/ut-coverage/CMakeFiles/coverage-tbl-ALL-testrunner.dir/tbl_ut_load.c.o
[ 46%] Building C object tbl/ut-coverage/CMakeFiles/coverage-tbl-ALL-testrunner.dir/tbl_ut_support_passthru.c.o
[ 46%] Linking C executable coverage-tbl-ALL-testrunner
[ 46%] Built target coverage-tbl-ALL-testrunner
[ 46%] Building C object time/CMakeFiles/time.dir/fsw/src/cfe_time_api.c.o
[ 46%] Building C object time/CMakeFiles/time.dir/fsw/src/cfe_time_task.c.o
[ 46%] Building C object time/CMakeFiles/time.dir/fsw/src/cfe_time_tone.c.o
[ 46%] Building C object time/CMakeFiles/time.dir/fsw/src/cfe_time_utils.c.o
[ 46%] Building C object time/CMakeFiles/time.dir/fsw/src/cfe_time_objtab.c.o
[ 46%] Building C object time/CMakeFiles/time.dir/fsw/src/cfe_time_dispatch.c.o
[ 46%] Linking C static library libtime.a
[ 46%] Built target time
[ 46%] Building C object time/ut-coverage/CMakeFiles/coverage-time-ALL-object.dir/__/fsw/src/cfe_time_api.c.o
[ 46%] Building C object time/ut-coverage/CMakeFiles/coverage-time-ALL-object.dir/__/fsw/src/cfe_time_task.c.o
[ 46%] Building C object time/ut-coverage/CMakeFiles/coverage-time-ALL-object.dir/__/fsw/src/cfe_time_tone.c.o
[ 46%] Building C object time/ut-coverage/CMakeFiles/coverage-time-ALL-object.dir/__/fsw/src/cfe_time_utils.c.o
[ 46%] Building C object time/ut-coverage/CMakeFiles/coverage-time-ALL-object.dir/__/fsw/src/cfe_time_objtab.c.o
[ 46%] Building C object time/ut-coverage/CMakeFiles/coverage-time-ALL-object.dir/__/fsw/src/cfe_time_dispatch.c.o
[ 46%] Built target coverage-time-ALL-object
[ 46%] Building C object time/ut-coverage/CMakeFiles/coverage-time-ALL-testrunner.dir/time_ut_helpers.c.o
[ 47%] Building C object time/ut-coverage/CMakeFiles/coverage-time-ALL-testrunner.dir/time_UT.c.o
[ 47%] Building C object time/ut-coverage/CMakeFiles/coverage-time-ALL-testrunner.dir/time_ut_default_dispatch.c.o
[ 47%] Linking C executable coverage-time-ALL-testrunner
[ 47%] Built target coverage-time-ALL-testrunner
[ 47%] Building C object psp/ram_notimpl-pc-linux-impl/CMakeFiles/ram_notimpl.dir/cfe_psp_ram_notimpl.c.o
[ 47%] Linking C static library libram_notimpl.a
[ 47%] Built target ram_notimpl
[ 47%] Building C object psp/pc-linux-impl/CMakeFiles/psp-pc-linux-impl.dir/src/cfe_psp_exception.c.o
[ 47%] Building C object psp/pc-linux-impl/CMakeFiles/psp-pc-linux-impl.dir/src/cfe_psp_memory.c.o
[ 47%] Building C object psp/pc-linux-impl/CMakeFiles/psp-pc-linux-impl.dir/src/cfe_psp_ssr.c.o
[ 47%] Building C object psp/pc-linux-impl/CMakeFiles/psp-pc-linux-impl.dir/src/cfe_psp_start.c.o
[ 47%] Building C object psp/pc-linux-impl/CMakeFiles/psp-pc-linux-impl.dir/src/cfe_psp_support.c.o
[ 47%] Building C object psp/pc-linux-impl/CMakeFiles/psp-pc-linux-impl.dir/src/cfe_psp_watchdog.c.o
[ 47%] Built target psp-pc-linux-impl
[ 47%] Building C object psp/pc-linux-shared/CMakeFiles/psp-pc-linux-shared.dir/src/cfe_psp_error.c.o
[ 47%] Building C object psp/pc-linux-shared/CMakeFiles/psp-pc-linux-shared.dir/src/cfe_psp_exceptionstorage.c.o
[ 47%] Building C object psp/pc-linux-shared/CMakeFiles/psp-pc-linux-shared.dir/src/cfe_psp_memrange.c.o
[ 47%] Building C object psp/pc-linux-shared/CMakeFiles/psp-pc-linux-shared.dir/src/cfe_psp_memutils.c.o
[ 47%] Building C object psp/pc-linux-shared/CMakeFiles/psp-pc-linux-shared.dir/src/cfe_psp_module.c.o
[ 47%] Building C object psp/pc-linux-shared/CMakeFiles/psp-pc-linux-shared.dir/src/cfe_psp_version.c.o
[ 47%] Built target psp-pc-linux-shared
[ 47%] Building C object psp/soft_timebase-pc-linux-impl/CMakeFiles/soft_timebase.dir/cfe_psp_soft_timebase.c.o
[ 47%] Linking C static library libsoft_timebase.a
[ 47%] Built target soft_timebase
[ 47%] Building C object psp/timebase_posix_clock-pc-linux-impl/CMakeFiles/timebase_posix_clock.dir/cfe_psp_timebase_posix_clock.c.o
[ 47%] Linking C static library libtimebase_posix_clock.a
[ 47%] Built target timebase_posix_clock
[ 47%] Building C object psp/eeprom_mmap_file-pc-linux-impl/CMakeFiles/eeprom_mmap_file.dir/cfe_psp_eeprom_mmap_file.c.o
[ 47%] Linking C static library libeeprom_mmap_file.a
[ 47%] Built target eeprom_mmap_file
[ 48%] Building C object psp/port_notimpl-pc-linux-impl/CMakeFiles/port_notimpl.dir/cfe_psp_port_notimpl.c.o
[ 48%] Linking C static library libport_notimpl.a
[ 48%] Built target port_notimpl
[ 48%] Building C object psp/iodriver-pc-linux-impl/CMakeFiles/iodriver.dir/src/iodriver.c.o
[ 49%] Linking C static library libiodriver.a
[ 49%] Built target iodriver
[ 49%] Building C object psp/linux_sysmon-pc-linux-impl/CMakeFiles/linux_sysmon.dir/linux_sysmon.c.o
[ 49%] Linking C static library liblinux_sysmon.a
[ 49%] Built target linux_sysmon
[ 49%] Building C object psp/endian_api-pc-linux-impl/CMakeFiles/endian_api.dir/cfe_psp_endian_common.c.o
[ 49%] Building C object psp/endian_api-pc-linux-impl/CMakeFiles/endian_api.dir/cfe_psp_endian_wrappers.c.o
[ 49%] Linking C static library libendian_api.a
[ 49%] Built target endian_api
[ 49%] Building C object psp/CMakeFiles/psp-pc-linux.dir/pc-linux_module_list.c.o
[ 49%] Linking C static library libpsp-pc-linux.a
[ 49%] Built target psp-pc-linux
[ 49%] Building C object psp/iodriver-pc-linux-impl/ut-stubs/CMakeFiles/coverage-iodriver-stubs.dir/iodriver_base_stubs.c.o
[ 49%] Building C object psp/iodriver-pc-linux-impl/ut-stubs/CMakeFiles/coverage-iodriver-stubs.dir/iodriver_impl_stubs.c.o
[ 49%] Linking C static library libcoverage-iodriver-stubs.a
[ 49%] Built target coverage-iodriver-stubs
[ 49%] Building C object psp/unit-test-coverage/modules/timebase_vxworks/CMakeFiles/coverage-pspmod-timebase_vxworks-object.dir/home/user/work/procrace/cfs_cord/cFS/psp/fsw/modules/timebase_vxworks/cfe_psp_timebase_vxworks.c.o
[ 49%] Built target coverage-pspmod-timebase_vxworks-object
[ 49%] Building C object psp/unit-test-coverage/ut-stubs/CMakeFiles/ut_psp_libc_stubs.dir/src/PCS_arch_ppc_vxPpcLib_handlers.c.o
[ 49%] Building C object psp/unit-test-coverage/ut-stubs/CMakeFiles/ut_psp_libc_stubs.dir/src/PCS_arch_ppc_vxPpcLib_stubs.c.o
[ 49%] Building C object psp/unit-test-coverage/ut-stubs/CMakeFiles/ut_psp_libc_stubs.dir/src/PCS_arpa_inet_handlers.c.o
[ 49%] Building C object psp/unit-test-coverage/ut-stubs/CMakeFiles/ut_psp_libc_stubs.dir/src/PCS_arpa_inet_stubs.c.o
[ 49%] Building C object psp/unit-test-coverage/ut-stubs/CMakeFiles/ut_psp_libc_stubs.dir/src/PCS_bsdnet_handlers.c.o
[ 49%] Building C object psp/unit-test-coverage/ut-stubs/CMakeFiles/ut_psp_libc_stubs.dir/src/PCS_bsdnet_stubs.c.o
[ 49%] Building C object psp/unit-test-coverage/ut-stubs/CMakeFiles/ut_psp_libc_stubs.dir/src/PCS_cacheLib_stubs.c.o
[ 49%] Building C object psp/unit-test-coverage/ut-stubs/CMakeFiles/ut_psp_libc_stubs.dir/src/PCS_cfe_configdata_stubs.c.o
[ 49%] Building C object psp/unit-test-coverage/ut-stubs/CMakeFiles/ut_psp_libc_stubs.dir/src/PCS_dosFsLib_stubs.c.o
[ 49%] Building C object psp/unit-test-coverage/ut-stubs/CMakeFiles/ut_psp_libc_stubs.dir/src/PCS_drv_hdisk_ataDrv_stubs.c.o
[ 49%] Building C object psp/unit-test-coverage/ut-stubs/CMakeFiles/ut_psp_libc_stubs.dir/src/PCS_drv_pci_pciConfigLib_handlers.c.o
[ 49%] Building C object psp/unit-test-coverage/ut-stubs/CMakeFiles/ut_psp_libc_stubs.dir/src/PCS_drv_pci_pciConfigLib_stubs.c.o
[ 49%] Building C object psp/unit-test-coverage/ut-stubs/CMakeFiles/ut_psp_libc_stubs.dir/src/PCS_endian_stubs.c.o
[ 50%] Building C object psp/unit-test-coverage/ut-stubs/CMakeFiles/ut_psp_libc_stubs.dir/src/PCS_errno_globals.c.o
[ 50%] Building C object psp/unit-test-coverage/ut-stubs/CMakeFiles/ut_psp_libc_stubs.dir/src/PCS_errnoLib_stubs.c.o
[ 50%] Building C object psp/unit-test-coverage/ut-stubs/CMakeFiles/ut_psp_libc_stubs.dir/src/PCS_excLib_stubs.c.o
[ 50%] Building C object psp/unit-test-coverage/ut-stubs/CMakeFiles/ut_psp_libc_stubs.dir/src/PCS_fcntl_stubs.c.o
[ 50%] Building C object psp/unit-test-coverage/ut-stubs/CMakeFiles/ut_psp_libc_stubs.dir/src/PCS_fppLib_stubs.c.o
[ 50%] Building C object psp/unit-test-coverage/ut-stubs/CMakeFiles/ut_psp_libc_stubs.dir/src/PCS_intLib_stubs.c.o
[ 50%] Building C object psp/unit-test-coverage/ut-stubs/CMakeFiles/ut_psp_libc_stubs.dir/src/PCS_moduleLib_handlers.c.o
[ 50%] Building C object psp/unit-test-coverage/ut-stubs/CMakeFiles/ut_psp_libc_stubs.dir/src/PCS_moduleLib_stubs.c.o
[ 50%] Building C object psp/unit-test-coverage/ut-stubs/CMakeFiles/ut_psp_libc_stubs.dir/src/PCS_netinet_in_stubs.c.o
[ 50%] Building C object psp/unit-test-coverage/ut-stubs/CMakeFiles/ut_psp_libc_stubs.dir/src/PCS_ramDrv_stubs.c.o
[ 50%] Building C object psp/unit-test-coverage/ut-stubs/CMakeFiles/ut_psp_libc_stubs.dir/src/PCS_rebootLib_stubs.c.o
[ 50%] Building C object psp/unit-test-coverage/ut-stubs/CMakeFiles/ut_psp_libc_stubs.dir/src/PCS_speLib_stubs.c.o
[ 50%] Building C object psp/unit-test-coverage/ut-stubs/CMakeFiles/ut_psp_libc_stubs.dir/src/PCS_spyLibP_stubs.c.o
[ 50%] Building C object psp/unit-test-coverage/ut-stubs/CMakeFiles/ut_psp_libc_stubs.dir/src/PCS_spyLib_stubs.c.o
[ 50%] Building C object psp/unit-test-coverage/ut-stubs/CMakeFiles/ut_psp_libc_stubs.dir/src/PCS_stdio_handlers.c.o
[ 50%] Building C object psp/unit-test-coverage/ut-stubs/CMakeFiles/ut_psp_libc_stubs.dir/src/PCS_stdio_stubs.c.o
[ 50%] Building C object psp/unit-test-coverage/ut-stubs/CMakeFiles/ut_psp_libc_stubs.dir/src/PCS_stdlib_handlers.c.o
[ 50%] Building C object psp/unit-test-coverage/ut-stubs/CMakeFiles/ut_psp_libc_stubs.dir/src/PCS_stdlib_stubs.c.o
[ 51%] Building C object psp/unit-test-coverage/ut-stubs/CMakeFiles/ut_psp_libc_stubs.dir/src/PCS_string_handlers.c.o
[ 51%] Building C object psp/unit-test-coverage/ut-stubs/CMakeFiles/ut_psp_libc_stubs.dir/src/PCS_string_stubs.c.o
[ 51%] Building C object psp/unit-test-coverage/ut-stubs/CMakeFiles/ut_psp_libc_stubs.dir/src/PCS_sys950Lib_stubs.c.o
[ 51%] Building C object psp/unit-test-coverage/ut-stubs/CMakeFiles/ut_psp_libc_stubs.dir/src/PCS_sysApi_stubs.c.o
[ 51%] Building C object psp/unit-test-coverage/ut-stubs/CMakeFiles/ut_psp_libc_stubs.dir/src/PCS_sysLib_handlers.c.o
[ 51%] Building C object psp/unit-test-coverage/ut-stubs/CMakeFiles/ut_psp_libc_stubs.dir/src/PCS_sysLib_stubs.c.o
[ 51%] Building C object psp/unit-test-coverage/ut-stubs/CMakeFiles/ut_psp_libc_stubs.dir/src/PCS_sys_mman_stubs.c.o
[ 51%] Building C object psp/unit-test-coverage/ut-stubs/CMakeFiles/ut_psp_libc_stubs.dir/src/PCS_sys_select_stubs.c.o
[ 51%] Building C object psp/unit-test-coverage/ut-stubs/CMakeFiles/ut_psp_libc_stubs.dir/src/PCS_sys_socket_handlers.c.o
[ 51%] Building C object psp/unit-test-coverage/ut-stubs/CMakeFiles/ut_psp_libc_stubs.dir/src/PCS_sys_socket_stubs.c.o
[ 51%] Building C object psp/unit-test-coverage/ut-stubs/CMakeFiles/ut_psp_libc_stubs.dir/src/PCS_sys_stat_handlers.c.o
[ 51%] Building C object psp/unit-test-coverage/ut-stubs/CMakeFiles/ut_psp_libc_stubs.dir/src/PCS_sys_stat_stubs.c.o
[ 51%] Building C object psp/unit-test-coverage/ut-stubs/CMakeFiles/ut_psp_libc_stubs.dir/src/PCS_taskLib_handlers.c.o
[ 51%] Building C object psp/unit-test-coverage/ut-stubs/CMakeFiles/ut_psp_libc_stubs.dir/src/PCS_taskLib_stubs.c.o
[ 51%] Building C object psp/unit-test-coverage/ut-stubs/CMakeFiles/ut_psp_libc_stubs.dir/src/PCS_time_handlers.c.o
[ 51%] Building C object psp/unit-test-coverage/ut-stubs/CMakeFiles/ut_psp_libc_stubs.dir/src/PCS_time_stubs.c.o
[ 51%] Building C object psp/unit-test-coverage/ut-stubs/CMakeFiles/ut_psp_libc_stubs.dir/src/PCS_unistd_handlers.c.o
[ 51%] Building C object psp/unit-test-coverage/ut-stubs/CMakeFiles/ut_psp_libc_stubs.dir/src/PCS_unistd_stubs.c.o
[ 52%] Building C object psp/unit-test-coverage/ut-stubs/CMakeFiles/ut_psp_libc_stubs.dir/src/PCS_xbdBlkDev_stubs.c.o
[ 52%] Building C object psp/unit-test-coverage/ut-stubs/CMakeFiles/ut_psp_libc_stubs.dir/src/vxworks-mcpx750-stubs.c.o
[ 52%] Building C object psp/unit-test-coverage/ut-stubs/CMakeFiles/ut_psp_libc_stubs.dir/src/PCS_timestampimpl_stubs.c.o
[ 52%] Building C object psp/unit-test-coverage/ut-stubs/CMakeFiles/ut_psp_libc_stubs.dir/src/PCS_todimpl_stubs.c.o
[ 52%] Building C object psp/unit-test-coverage/ut-stubs/CMakeFiles/ut_psp_libc_stubs.dir/src/PCS_threadimpl_stubs.c.o
[ 52%] Building C object psp/unit-test-coverage/ut-stubs/CMakeFiles/ut_psp_libc_stubs.dir/src/PCS_tasks_stubs.c.o
[ 52%] Building C object psp/unit-test-coverage/ut-stubs/CMakeFiles/ut_psp_libc_stubs.dir/src/PCS_object_stubs.c.o
[ 52%] Building C object psp/unit-test-coverage/ut-stubs/CMakeFiles/ut_psp_libc_stubs.dir/src/PCS_cpuuse_stubs.c.o
[ 52%] Linking C static library libut_psp_libc_stubs.a
[ 52%] Built target ut_psp_libc_stubs
[ 52%] Building C object psp/unit-test-coverage/modules/timebase_vxworks/CMakeFiles/coverage-pspmod-timebase_vxworks-testrunner.dir/src/coveragetest-timebase_vxworks.c.o
[ 52%] Linking C executable coverage-pspmod-timebase_vxworks-testrunner
[ 52%] Built target coverage-pspmod-timebase_vxworks-testrunner
[ 52%] Building C object psp/unit-test-coverage/modules/vxworks_sysmon/CMakeFiles/coverage-pspmod-vxworks_sysmon-object.dir/home/user/work/procrace/cfs_cord/cFS/psp/fsw/modules/vxworks_sysmon/vxworks_sysmon.c.o
[ 52%] Built target coverage-pspmod-vxworks_sysmon-object
[ 52%] Building C object psp/unit-test-coverage/modules/vxworks_sysmon/CMakeFiles/coverage-pspmod-vxworks_sysmon-testrunner.dir/src/coveragetest-vxworks_sysmon.c.o
[ 52%] Linking C executable coverage-pspmod-vxworks_sysmon-testrunner
[ 52%] Built target coverage-pspmod-vxworks_sysmon-testrunner
[ 53%] Building C object psp/unit-test-coverage/modules/ram_notimpl/CMakeFiles/coverage-pspmod-ram_notimpl-object.dir/home/user/work/procrace/cfs_cord/cFS/psp/fsw/modules/ram_notimpl/cfe_psp_ram_notimpl.c.o
[ 53%] Built target coverage-pspmod-ram_notimpl-object
[ 53%] Building C object psp/unit-test-coverage/modules/ram_notimpl/CMakeFiles/coverage-pspmod-ram_notimpl-testrunner.dir/coveragetest-ram_notimpl.c.o
[ 53%] Linking C executable coverage-pspmod-ram_notimpl-testrunner
[ 53%] Built target coverage-pspmod-ram_notimpl-testrunner
[ 53%] Building C object psp/unit-test-coverage/modules/ram_direct/CMakeFiles/coverage-pspmod-ram_direct-object.dir/home/user/work/procrace/cfs_cord/cFS/psp/fsw/modules/ram_direct/cfe_psp_ram_direct.c.o
[ 53%] Built target coverage-pspmod-ram_direct-object
[ 53%] Building C object psp/unit-test-coverage/modules/ram_direct/CMakeFiles/coverage-pspmod-ram_direct-testrunner.dir/coveragetest-ram_direct.c.o
[ 53%] Linking C executable coverage-pspmod-ram_direct-testrunner
[ 53%] Built target coverage-pspmod-ram_direct-testrunner
[ 53%] Building C object psp/unit-test-coverage/modules/port_notimpl/CMakeFiles/coverage-pspmod-port_notimpl-object.dir/home/user/work/procrace/cfs_cord/cFS/psp/fsw/modules/port_notimpl/cfe_psp_port_notimpl.c.o
[ 53%] Built target coverage-pspmod-port_notimpl-object
[ 53%] Building C object psp/unit-test-coverage/modules/port_notimpl/CMakeFiles/coverage-pspmod-port_notimpl-testrunner.dir/coveragetest-port_notimpl.c.o
[ 53%] Linking C executable coverage-pspmod-port_notimpl-testrunner
[ 53%] Built target coverage-pspmod-port_notimpl-testrunner
[ 53%] Building C object psp/unit-test-coverage/modules/port_direct/CMakeFiles/coverage-pspmod-port_direct-object.dir/home/user/work/procrace/cfs_cord/cFS/psp/fsw/modules/port_direct/cfe_psp_port_direct.c.o
[ 53%] Built target coverage-pspmod-port_direct-object
[ 53%] Building C object psp/unit-test-coverage/modules/port_direct/CMakeFiles/coverage-pspmod-port_direct-testrunner.dir/coveragetest-port_direct.c.o
[ 53%] Linking C executable coverage-pspmod-port_direct-testrunner
[ 53%] Built target coverage-pspmod-port_direct-testrunner
[ 53%] Building C object psp/unit-test-coverage/modules/eeprom_notimpl/CMakeFiles/coverage-pspmod-eeprom_notimpl-object.dir/home/user/work/procrace/cfs_cord/cFS/psp/fsw/modules/eeprom_notimpl/cfe_psp_eeprom_notimpl.c.o
[ 53%] Built target coverage-pspmod-eeprom_notimpl-object
[ 53%] Building C object psp/unit-test-coverage/modules/eeprom_notimpl/CMakeFiles/coverage-pspmod-eeprom_notimpl-testrunner.dir/coveragetest-eeprom_notimpl.c.o
[ 53%] Linking C executable coverage-pspmod-eeprom_notimpl-testrunner
[ 53%] Built target coverage-pspmod-eeprom_notimpl-testrunner
[ 53%] Building C object psp/unit-test-coverage/modules/eeprom_mmap_file/CMakeFiles/coverage-pspmod-eeprom_mmap_file-object.dir/home/user/work/procrace/cfs_cord/cFS/psp/fsw/modules/eeprom_mmap_file/cfe_psp_eeprom_mmap_file.c.o
[ 53%] Built target coverage-pspmod-eeprom_mmap_file-object
[ 53%] Building C object psp/unit-test-coverage/modules/eeprom_mmap_file/CMakeFiles/coverage-pspmod-eeprom_mmap_file-testrunner.dir/coveragetest-eeprom_mmap_file.c.o
[ 53%] Linking C executable coverage-pspmod-eeprom_mmap_file-testrunner
[ 53%] Built target coverage-pspmod-eeprom_mmap_file-testrunner
[ 53%] Building C object psp/unit-test-coverage/modules/eeprom_direct/CMakeFiles/coverage-pspmod-eeprom_direct-object.dir/home/user/work/procrace/cfs_cord/cFS/psp/fsw/modules/eeprom_direct/cfe_psp_eeprom_direct.c.o
[ 53%] Built target coverage-pspmod-eeprom_direct-object
[ 53%] Building C object psp/unit-test-coverage/modules/eeprom_direct/CMakeFiles/coverage-pspmod-eeprom_direct-testrunner.dir/coveragetest-eeprom_direct.c.o
[ 53%] Linking C executable coverage-pspmod-eeprom_direct-testrunner
[ 53%] Built target coverage-pspmod-eeprom_direct-testrunner
[ 53%] Building C object psp/unit-test-coverage/modules/iodriver/CMakeFiles/coverage-pspmod-iodriver-object.dir/home/user/work/procrace/cfs_cord/cFS/psp/fsw/modules/iodriver/src/iodriver.c.o
[ 53%] Built target coverage-pspmod-iodriver-object
[ 53%] Building C object psp/unit-test-coverage/modules/iodriver/CMakeFiles/coverage-pspmod-iodriver-testrunner.dir/coveragetest-iodriver.c.o
[ 53%] Linking C executable coverage-pspmod-iodriver-testrunner
[ 53%] Built target coverage-pspmod-iodriver-testrunner
[ 53%] Building C object psp/unit-test-coverage/modules/soft_timebase/CMakeFiles/coverage-pspmod-soft_timebase-object.dir/home/user/work/procrace/cfs_cord/cFS/psp/fsw/modules/soft_timebase/cfe_psp_soft_timebase.c.o
[ 53%] Built target coverage-pspmod-soft_timebase-object
[ 53%] Building C object psp/unit-test-coverage/modules/soft_timebase/CMakeFiles/coverage-pspmod-soft_timebase-testrunner.dir/coveragetest-soft_timebase.c.o
[ 53%] Linking C executable coverage-pspmod-soft_timebase-testrunner
[ 53%] Built target coverage-pspmod-soft_timebase-testrunner
[ 53%] Building C object psp/unit-test-coverage/modules/network_pc686_rtems/CMakeFiles/coverage-pspmod-network_pc686_rtems-object.dir/home/user/work/procrace/cfs_cord/cFS/psp/fsw/modules/network_pc686_rtems/cfe_psp_network_pc686_rtems.c.o
[ 53%] Built target coverage-pspmod-network_pc686_rtems-object
[ 53%] Building C object psp/unit-test-coverage/modules/network_pc686_rtems/CMakeFiles/coverage-pspmod-network_pc686_rtems-testrunner.dir/coveragetest-network_pc686_rtems.c.o
[ 53%] Linking C executable coverage-pspmod-network_pc686_rtems-testrunner
[ 53%] Built target coverage-pspmod-network_pc686_rtems-testrunner
[ 53%] Building C object psp/unit-test-coverage/modules/endian_api/CMakeFiles/coverage-pspmod-endian_api-object.dir/home/user/work/procrace/cfs_cord/cFS/psp/fsw/modules/endian_api/cfe_psp_endian_common.c.o
[ 53%] Building C object psp/unit-test-coverage/modules/endian_api/CMakeFiles/coverage-pspmod-endian_api-object.dir/home/user/work/procrace/cfs_cord/cFS/psp/fsw/modules/endian_api/cfe_psp_endian_wrappers.c.o
[ 53%] Building C object psp/unit-test-coverage/modules/endian_api/CMakeFiles/coverage-pspmod-endian_api-object.dir/home/user/work/procrace/cfs_cord/cFS/psp/fsw/modules/endian_api/cfe_psp_endian_generic.c.o
[ 53%] Built target coverage-pspmod-endian_api-object
[ 55%] Building C object psp/unit-test-coverage/modules/endian_api/CMakeFiles/coverage-pspmod-endian_api-testrunner.dir/coveragetest-endian_api.c.o
[ 55%] Linking C executable coverage-pspmod-endian_api-testrunner
[ 55%] Built target coverage-pspmod-endian_api-testrunner
[ 55%] Building C object psp/unit-test-coverage/mcp750-vxworks/adaptors/CMakeFiles/ut-adaptor-ut-mcp750-vxworks.dir/src/ut-adaptor-bootrec.c.o
[ 55%] Building C object psp/unit-test-coverage/mcp750-vxworks/adaptors/CMakeFiles/ut-adaptor-ut-mcp750-vxworks.dir/home/user/work/procrace/cfs_cord/cFS/psp/unit-test-coverage/shared/adaptors/src/ut-adaptor-exceptions.c.o
[ 55%] Building C object psp/unit-test-coverage/mcp750-vxworks/adaptors/CMakeFiles/ut-adaptor-ut-mcp750-vxworks.dir/home/user/work/procrace/cfs_cord/cFS/psp/unit-test-coverage/shared/adaptors/src/ut-adaptor-memrange.c.o
[ 55%] Linking C static library libut-adaptor-ut-mcp750-vxworks.a
[ 55%] Built target ut-adaptor-ut-mcp750-vxworks
[ 56%] Building C object psp/unit-test-coverage/ut-stubs/CMakeFiles/ut_psp_cfe_stubs.dir/src/cfe-configdata-stubs.c.o
[ 56%] Building C object psp/unit-test-coverage/ut-stubs/CMakeFiles/ut_psp_cfe_stubs.dir/src/cfe_psp_exceptionstorage_api_stubs.c.o
[ 56%] Building C object psp/unit-test-coverage/ut-stubs/CMakeFiles/ut_psp_cfe_stubs.dir/src/cfe_psp_memory_stubs.c.o
[ 56%] Building C object psp/unit-test-coverage/ut-stubs/CMakeFiles/ut_psp_cfe_stubs.dir/src/cfe_psp_module_stubs.c.o
[ 56%] Linking C static library libut_psp_cfe_stubs.a
[ 56%] Built target ut_psp_cfe_stubs
[ 56%] Building C object psp/unit-test-coverage/mcp750-vxworks/ut-mcp750-vxworks-impl/CMakeFiles/psp-ut-mcp750-vxworks-impl.dir/src/cfe_psp_exception.c.o
[ 56%] Building C object psp/unit-test-coverage/mcp750-vxworks/ut-mcp750-vxworks-impl/CMakeFiles/psp-ut-mcp750-vxworks-impl.dir/src/cfe_psp_memory.c.o
[ 57%] Building C object psp/unit-test-coverage/mcp750-vxworks/ut-mcp750-vxworks-impl/CMakeFiles/psp-ut-mcp750-vxworks-impl.dir/src/cfe_psp_ssr.c.o
[ 57%] Building C object psp/unit-test-coverage/mcp750-vxworks/ut-mcp750-vxworks-impl/CMakeFiles/psp-ut-mcp750-vxworks-impl.dir/src/cfe_psp_start.c.o
[ 57%] Building C object psp/unit-test-coverage/mcp750-vxworks/ut-mcp750-vxworks-impl/CMakeFiles/psp-ut-mcp750-vxworks-impl.dir/src/cfe_psp_support.c.o
[ 57%] Building C object psp/unit-test-coverage/mcp750-vxworks/ut-mcp750-vxworks-impl/CMakeFiles/psp-ut-mcp750-vxworks-impl.dir/src/cfe_psp_watchdog.c.o
[ 57%] Built target psp-ut-mcp750-vxworks-impl
[ 57%] Building C object psp/unit-test-coverage/mcp750-vxworks/ut-mcp750-vxworks-shared/CMakeFiles/psp-ut-mcp750-vxworks-shared.dir/src/cfe_psp_error.c.o
[ 57%] Building C object psp/unit-test-coverage/mcp750-vxworks/ut-mcp750-vxworks-shared/CMakeFiles/psp-ut-mcp750-vxworks-shared.dir/src/cfe_psp_exceptionstorage.c.o
[ 57%] Building C object psp/unit-test-coverage/mcp750-vxworks/ut-mcp750-vxworks-shared/CMakeFiles/psp-ut-mcp750-vxworks-shared.dir/src/cfe_psp_memrange.c.o
[ 57%] Building C object psp/unit-test-coverage/mcp750-vxworks/ut-mcp750-vxworks-shared/CMakeFiles/psp-ut-mcp750-vxworks-shared.dir/src/cfe_psp_memutils.c.o
[ 57%] Building C object psp/unit-test-coverage/mcp750-vxworks/ut-mcp750-vxworks-shared/CMakeFiles/psp-ut-mcp750-vxworks-shared.dir/src/cfe_psp_module.c.o
[ 57%] Building C object psp/unit-test-coverage/mcp750-vxworks/ut-mcp750-vxworks-shared/CMakeFiles/psp-ut-mcp750-vxworks-shared.dir/src/cfe_psp_version.c.o
[ 57%] Built target psp-ut-mcp750-vxworks-shared
[ 57%] Building C object psp/unit-test-coverage/mcp750-vxworks/CMakeFiles/coverage-ut-mcp750-vxworks-testrunner.dir/src/coveragetest-psp-mcp750-vxworks.c.o
[ 57%] Building C object psp/unit-test-coverage/mcp750-vxworks/CMakeFiles/coverage-ut-mcp750-vxworks-testrunner.dir/src/coveragetest-cfe-psp-start.c.o
[ 57%] Building C object psp/unit-test-coverage/mcp750-vxworks/CMakeFiles/coverage-ut-mcp750-vxworks-testrunner.dir/src/coveragetest-cfe-psp-support.c.o
[ 57%] Building C object psp/unit-test-coverage/mcp750-vxworks/CMakeFiles/coverage-ut-mcp750-vxworks-testrunner.dir/home/user/work/procrace/cfs_cord/cFS/psp/unit-test-coverage/shared/src/coveragetest-cfe-psp-error.c.o
[ 57%] Building C object psp/unit-test-coverage/mcp750-vxworks/CMakeFiles/coverage-ut-mcp750-vxworks-testrunner.dir/home/user/work/procrace/cfs_cord/cFS/psp/unit-test-coverage/shared/src/coveragetest-cfe-psp-exceptionstorage.c.o
[ 57%] Building C object psp/unit-test-coverage/mcp750-vxworks/CMakeFiles/coverage-ut-mcp750-vxworks-testrunner.dir/home/user/work/procrace/cfs_cord/cFS/psp/unit-test-coverage/shared/src/coveragetest-cfe-psp-memrange.c.o
[ 57%] Building C object psp/unit-test-coverage/mcp750-vxworks/CMakeFiles/coverage-ut-mcp750-vxworks-testrunner.dir/home/user/work/procrace/cfs_cord/cFS/psp/unit-test-coverage/shared/src/coveragetest-cfe-psp-memutils.c.o
[ 57%] Building C object psp/unit-test-coverage/mcp750-vxworks/CMakeFiles/coverage-ut-mcp750-vxworks-testrunner.dir/home/user/work/procrace/cfs_cord/cFS/psp/unit-test-coverage/shared/src/coveragetest-cfe-psp-module.c.o
[ 57%] Building C object psp/unit-test-coverage/mcp750-vxworks/CMakeFiles/coverage-ut-mcp750-vxworks-testrunner.dir/home/user/work/procrace/cfs_cord/cFS/psp/unit-test-coverage/shared/src/coveragetest-cfe-psp-version.c.o
[ 57%] Linking C executable coverage-ut-mcp750-vxworks-testrunner
[ 57%] Built target coverage-ut-mcp750-vxworks-testrunner
[ 57%] Building C object psp/unit-test-coverage/pc-rtems/ut-pc-rtems-shared/CMakeFiles/psp-ut-pc-rtems-shared.dir/src/cfe_psp_error.c.o
[ 58%] Building C object psp/unit-test-coverage/pc-rtems/ut-pc-rtems-shared/CMakeFiles/psp-ut-pc-rtems-shared.dir/src/cfe_psp_exceptionstorage.c.o
[ 58%] Building C object psp/unit-test-coverage/pc-rtems/ut-pc-rtems-shared/CMakeFiles/psp-ut-pc-rtems-shared.dir/src/cfe_psp_memrange.c.o
[ 58%] Building C object psp/unit-test-coverage/pc-rtems/ut-pc-rtems-shared/CMakeFiles/psp-ut-pc-rtems-shared.dir/src/cfe_psp_memutils.c.o
[ 58%] Building C object psp/unit-test-coverage/pc-rtems/ut-pc-rtems-shared/CMakeFiles/psp-ut-pc-rtems-shared.dir/src/cfe_psp_module.c.o
[ 58%] Building C object psp/unit-test-coverage/pc-rtems/ut-pc-rtems-shared/CMakeFiles/psp-ut-pc-rtems-shared.dir/src/cfe_psp_version.c.o
[ 58%] Built target psp-ut-pc-rtems-shared
[ 58%] Building C object psp/unit-test-coverage/pc-rtems/ut-pc-rtems-impl/CMakeFiles/psp-ut-pc-rtems-impl.dir/src/cfe_psp_exception.c.o
[ 58%] Building C object psp/unit-test-coverage/pc-rtems/ut-pc-rtems-impl/CMakeFiles/psp-ut-pc-rtems-impl.dir/src/cfe_psp_memory.c.o
[ 58%] Building C object psp/unit-test-coverage/pc-rtems/ut-pc-rtems-impl/CMakeFiles/psp-ut-pc-rtems-impl.dir/src/cfe_psp_ssr.c.o
[ 58%] Building C object psp/unit-test-coverage/pc-rtems/ut-pc-rtems-impl/CMakeFiles/psp-ut-pc-rtems-impl.dir/src/cfe_psp_start.c.o
[ 58%] Building C object psp/unit-test-coverage/pc-rtems/ut-pc-rtems-impl/CMakeFiles/psp-ut-pc-rtems-impl.dir/src/cfe_psp_support.c.o
[ 58%] Building C object psp/unit-test-coverage/pc-rtems/ut-pc-rtems-impl/CMakeFiles/psp-ut-pc-rtems-impl.dir/src/cfe_psp_watchdog.c.o
[ 58%] Built target psp-ut-pc-rtems-impl
[ 58%] Building C object psp/unit-test-coverage/pc-rtems/CMakeFiles/coverage-ut-pc-rtems-testrunner.dir/src/coveragetest-cfe-psp-exception.c.o
[ 58%] Building C object psp/unit-test-coverage/pc-rtems/CMakeFiles/coverage-ut-pc-rtems-testrunner.dir/src/coveragetest-cfe-psp-memory.c.o
[ 58%] Building C object psp/unit-test-coverage/pc-rtems/CMakeFiles/coverage-ut-pc-rtems-testrunner.dir/src/coveragetest-cfe-psp-ssr.c.o
[ 58%] Building C object psp/unit-test-coverage/pc-rtems/CMakeFiles/coverage-ut-pc-rtems-testrunner.dir/src/coveragetest-cfe-psp-start.c.o
[ 58%] Building C object psp/unit-test-coverage/pc-rtems/CMakeFiles/coverage-ut-pc-rtems-testrunner.dir/src/coveragetest-cfe-psp-support.c.o
[ 59%] Building C object psp/unit-test-coverage/pc-rtems/CMakeFiles/coverage-ut-pc-rtems-testrunner.dir/src/coveragetest-cfe-psp-watchdog.c.o
[ 59%] Building C object psp/unit-test-coverage/pc-rtems/CMakeFiles/coverage-ut-pc-rtems-testrunner.dir/src/coveragetest-psp-pc-rtems.c.o
[ 59%] Linking C executable coverage-ut-pc-rtems-testrunner
[ 59%] Built target coverage-ut-pc-rtems-testrunner
[ 59%] Building C object msg/CMakeFiles/msg.dir/fsw/src/cfe_msg_ccsdspri.c.o
[ 59%] Building C object msg/CMakeFiles/msg.dir/fsw/src/cfe_msg_init.c.o
[ 59%] Building C object msg/CMakeFiles/msg.dir/fsw/src/cfe_msg_integrity.c.o
[ 59%] Building C object msg/CMakeFiles/msg.dir/fsw/src/cfe_msg_msgid_shared.c.o
[ 59%] Building C object msg/CMakeFiles/msg.dir/fsw/src/cfe_msg_sechdr_checksum.c.o
[ 59%] Building C object msg/CMakeFiles/msg.dir/fsw/src/cfe_msg_sechdr_fc.c.o
[ 59%] Building C object msg/CMakeFiles/msg.dir/fsw/src/cfe_msg_sechdr_time.c.o
[ 60%] Building C object msg/CMakeFiles/msg.dir/fsw/src/cfe_msg_objtab.c.o
[ 60%] Building C object msg/CMakeFiles/msg.dir/fsw/src/cfe_msg_initdefaulthdr_pri.c.o
[ 60%] Building C object msg/CMakeFiles/msg.dir/fsw/src/cfe_msg_msgid_v1.c.o
[ 60%] Linking C static library libmsg.a
[ 60%] Built target msg
[ 60%] Building C object msg/ut-coverage/CMakeFiles/coverage-msg-ALL-object.dir/__/fsw/src/cfe_msg_ccsdspri.c.o
[ 60%] Building C object msg/ut-coverage/CMakeFiles/coverage-msg-ALL-object.dir/__/fsw/src/cfe_msg_init.c.o
[ 60%] Building C object msg/ut-coverage/CMakeFiles/coverage-msg-ALL-object.dir/__/fsw/src/cfe_msg_integrity.c.o
[ 60%] Building C object msg/ut-coverage/CMakeFiles/coverage-msg-ALL-object.dir/__/fsw/src/cfe_msg_msgid_shared.c.o
[ 60%] Building C object msg/ut-coverage/CMakeFiles/coverage-msg-ALL-object.dir/__/fsw/src/cfe_msg_sechdr_checksum.c.o
[ 60%] Building C object msg/ut-coverage/CMakeFiles/coverage-msg-ALL-object.dir/__/fsw/src/cfe_msg_sechdr_fc.c.o
[ 60%] Building C object msg/ut-coverage/CMakeFiles/coverage-msg-ALL-object.dir/__/fsw/src/cfe_msg_sechdr_time.c.o
[ 60%] Building C object msg/ut-coverage/CMakeFiles/coverage-msg-ALL-object.dir/__/fsw/src/cfe_msg_objtab.c.o
[ 60%] Building C object msg/ut-coverage/CMakeFiles/coverage-msg-ALL-object.dir/__/fsw/src/cfe_msg_initdefaulthdr_pri.c.o
[ 60%] Building C object msg/ut-coverage/CMakeFiles/coverage-msg-ALL-object.dir/__/fsw/src/cfe_msg_msgid_v1.c.o
[ 60%] Built target coverage-msg-ALL-object
[ 60%] Building C object msg/ut-coverage/CMakeFiles/coverage-msg-ALL-testrunner.dir/msg_UT.c.o
[ 60%] Building C object msg/ut-coverage/CMakeFiles/coverage-msg-ALL-testrunner.dir/test_msg_not.c.o
[ 60%] Building C object msg/ut-coverage/CMakeFiles/coverage-msg-ALL-testrunner.dir/test_msg_pri_not.c.o
[ 60%] Building C object msg/ut-coverage/CMakeFiles/coverage-msg-ALL-testrunner.dir/test_cfe_msg_init.c.o
[ 60%] Building C object msg/ut-coverage/CMakeFiles/coverage-msg-ALL-testrunner.dir/test_cfe_msg_integrity.c.o
[ 60%] Building C object msg/ut-coverage/CMakeFiles/coverage-msg-ALL-testrunner.dir/test_cfe_msg_ccsdspri.c.o
[ 60%] Building C object msg/ut-coverage/CMakeFiles/coverage-msg-ALL-testrunner.dir/test_cfe_msg_msgid_shared.c.o
[ 61%] Building C object msg/ut-coverage/CMakeFiles/coverage-msg-ALL-testrunner.dir/test_cfe_msg_checksum.c.o
[ 61%] Building C object msg/ut-coverage/CMakeFiles/coverage-msg-ALL-testrunner.dir/test_cfe_msg_fc.c.o
[ 61%] Building C object msg/ut-coverage/CMakeFiles/coverage-msg-ALL-testrunner.dir/test_cfe_msg_time.c.o
[ 61%] Building C object msg/ut-coverage/CMakeFiles/coverage-msg-ALL-testrunner.dir/test_msg_prionly.c.o
[ 61%] Building C object msg/ut-coverage/CMakeFiles/coverage-msg-ALL-testrunner.dir/test_cfe_msg_msgid_v1.c.o
[ 61%] Linking C executable coverage-msg-ALL-testrunner
[ 61%] Built target coverage-msg-ALL-testrunner
[ 61%] Building C object sbr/ut-coverage/CMakeFiles/ut_sbr_map_direct_objs.dir/__/fsw/src/cfe_sbr_map_direct.c.o
[ 61%] Built target ut_sbr_map_direct_objs
[ 61%] Building C object sbr/ut-coverage/CMakeFiles/sbr_map_direct_UT.dir/test_cfe_sbr_map_direct.c.o
[ 61%] Linking C executable sbr_map_direct_UT
[ 61%] Built target sbr_map_direct_UT
[ 61%] Building C object sbr/ut-coverage/CMakeFiles/ut_sbr_map_hash_objs.dir/__/fsw/src/cfe_sbr_route_unsorted.c.o
[ 61%] Building C object sbr/ut-coverage/CMakeFiles/ut_sbr_map_hash_objs.dir/__/fsw/src/cfe_sbr_map_hash.c.o
[ 61%] Built target ut_sbr_map_hash_objs
[ 61%] Building C object sbr/ut-coverage/CMakeFiles/sbr_map_hash_UT.dir/test_cfe_sbr_map_hash.c.o
[ 61%] Linking C executable sbr_map_hash_UT
[ 61%] Built target sbr_map_hash_UT
[ 61%] Building C object sbr/ut-coverage/CMakeFiles/ut_sbr_route_unsorted_objs.dir/__/fsw/src/cfe_sbr_map_hash.c.o
[ 61%] Building C object sbr/ut-coverage/CMakeFiles/ut_sbr_route_unsorted_objs.dir/__/fsw/src/cfe_sbr_route_unsorted.c.o
[ 61%] Built target ut_sbr_route_unsorted_objs
[ 61%] Building C object sbr/ut-coverage/CMakeFiles/sbr_route_unsorted_UT.dir/test_cfe_sbr_route_unsorted.c.o
[ 61%] Linking C executable sbr_route_unsorted_UT
[ 61%] Built target sbr_route_unsorted_UT
[ 61%] Building C object resourceid/CMakeFiles/resourceid.dir/fsw/src/cfe_resourceid_api.c.o
[ 61%] Building C object resourceid/CMakeFiles/resourceid.dir/fsw/src/cfe_resourceid_objtab.c.o
[ 61%] Linking C static library libresourceid.a
[ 61%] Built target resourceid
[ 61%] Building C object resourceid/ut-coverage/CMakeFiles/ut_resourceid_OBJS.dir/__/fsw/src/cfe_resourceid_api.c.o
[ 61%] Building C object resourceid/ut-coverage/CMakeFiles/ut_resourceid_OBJS.dir/__/fsw/src/cfe_resourceid_objtab.c.o
[ 61%] Built target ut_resourceid_OBJS
[ 61%] Building C object resourceid/ut-coverage/CMakeFiles/resourceid_UT.dir/test_cfe_resourceid.c.o
[ 61%] Linking C executable resourceid_UT
[ 61%] Built target resourceid_UT
[ 61%] Building C object apps/ci_lab/CMakeFiles/ci_lab.dir/fsw/src/ci_lab_app.c.o
[ 61%] Building C object apps/ci_lab/CMakeFiles/ci_lab.dir/fsw/src/ci_lab_cmds.c.o
[ 61%] Building C object apps/ci_lab/CMakeFiles/ci_lab.dir/fsw/src/ci_lab_dispatch.c.o
[ 61%] Building C object apps/ci_lab/CMakeFiles/ci_lab.dir/fsw/src/ci_lab_passthru_decode.c.o
[ 61%] Linking C shared module ci_lab.so
[ 61%] Built target ci_lab
[ 61%] Building C object apps/to_lab/CMakeFiles/to_lab.dir/fsw/src/to_lab_app.c.o
[ 61%] Building C object apps/to_lab/CMakeFiles/to_lab.dir/fsw/src/to_lab_cmds.c.o
[ 61%] Building C object apps/to_lab/CMakeFiles/to_lab.dir/fsw/src/to_lab_dispatch.c.o
[ 61%] Building C object apps/to_lab/CMakeFiles/to_lab.dir/fsw/src/to_lab_passthru_encode.c.o
[ 61%] Linking C shared module to_lab.so
[ 61%] Built target to_lab
[ 61%] Building C object apps/sch_lab/CMakeFiles/sch_lab.dir/fsw/src/sch_lab_app.c.o
[ 61%] Linking C shared module sch_lab.so
[ 61%] Built target sch_lab
[ 61%] Building C object osal/ut_assert/CMakeFiles/ut_assert_pic.dir/src/utassert.c.o
[ 61%] Building C object osal/ut_assert/CMakeFiles/ut_assert_pic.dir/src/utlist.c.o
[ 61%] Building C object osal/ut_assert/CMakeFiles/ut_assert_pic.dir/src/utstubs.c.o
[ 61%] Building C object osal/ut_assert/CMakeFiles/ut_assert_pic.dir/src/uttest.c.o
[ 61%] Building C object osal/ut_assert/CMakeFiles/ut_assert_pic.dir/src/uttools.c.o
[ 61%] Built target ut_assert_pic
[ 61%] Building C object apps/cfe_assert/CMakeFiles/cfe_assert.dir/src/cfe_assert_io.c.o
[ 61%] Building C object apps/cfe_assert/CMakeFiles/cfe_assert.dir/src/cfe_assert_init.c.o
[ 61%] Building C object apps/cfe_assert/CMakeFiles/cfe_assert.dir/src/cfe_assert_runner.c.o
[ 61%] Linking C shared module cfe_assert.so
[ 61%] Built target cfe_assert
[ 61%] Building C object apps/cfe_testcase/CMakeFiles/cfe_testcase.dir/src/cfe_test.c.o
[ 61%] Building C object apps/cfe_testcase/CMakeFiles/cfe_testcase.dir/src/cfe_test_table.c.o
[ 61%] Building C object apps/cfe_testcase/CMakeFiles/cfe_testcase.dir/src/es_application_control_test.c.o
[ 61%] Building C object apps/cfe_testcase/CMakeFiles/cfe_testcase.dir/src/es_behavior_test.c.o
[ 61%] Building C object apps/cfe_testcase/CMakeFiles/cfe_testcase.dir/src/es_error_test.c.o
[ 61%] Building C object apps/cfe_testcase/CMakeFiles/cfe_testcase.dir/src/es_info_test.c.o
[ 62%] Building C object apps/cfe_testcase/CMakeFiles/cfe_testcase.dir/src/es_task_test.c.o
[ 62%] Building C object apps/cfe_testcase/CMakeFiles/cfe_testcase.dir/src/es_cds_test.c.o
[ 62%] Building C object apps/cfe_testcase/CMakeFiles/cfe_testcase.dir/src/es_counter_test.c.o
[ 62%] Building C object apps/cfe_testcase/CMakeFiles/cfe_testcase.dir/src/es_misc_test.c.o
[ 62%] Building C object apps/cfe_testcase/CMakeFiles/cfe_testcase.dir/src/es_mempool_test.c.o
[ 62%] Building C object apps/cfe_testcase/CMakeFiles/cfe_testcase.dir/src/es_perf_test.c.o
[ 62%] Building C object apps/cfe_testcase/CMakeFiles/cfe_testcase.dir/src/es_resource_id_test.c.o
[ 62%] Building C object apps/cfe_testcase/CMakeFiles/cfe_testcase.dir/src/evs_filters_test.c.o
[ 62%] Building C object apps/cfe_testcase/CMakeFiles/cfe_testcase.dir/src/evs_send_test.c.o
[ 62%] Building C object apps/cfe_testcase/CMakeFiles/cfe_testcase.dir/src/fs_header_test.c.o
[ 62%] Building C object apps/cfe_testcase/CMakeFiles/cfe_testcase.dir/src/fs_util_test.c.o
[ 62%] Building C object apps/cfe_testcase/CMakeFiles/cfe_testcase.dir/src/message_id_test.c.o
[ 62%] Building C object apps/cfe_testcase/CMakeFiles/cfe_testcase.dir/src/msg_api_test.c.o
[ 62%] Building C object apps/cfe_testcase/CMakeFiles/cfe_testcase.dir/src/resource_id_misc_test.c.o
[ 62%] Building C object apps/cfe_testcase/CMakeFiles/cfe_testcase.dir/src/sb_performance_test.c.o
[ 62%] Building C object apps/cfe_testcase/CMakeFiles/cfe_testcase.dir/src/sb_pipe_mang_test.c.o
[ 62%] Building C object apps/cfe_testcase/CMakeFiles/cfe_testcase.dir/src/sb_sendrecv_test.c.o
[ 64%] Building C object apps/cfe_testcase/CMakeFiles/cfe_testcase.dir/src/sb_subscription_test.c.o
[ 64%] Building C object apps/cfe_testcase/CMakeFiles/cfe_testcase.dir/src/tbl_content_access_test.c.o
[ 64%] Building C object apps/cfe_testcase/CMakeFiles/cfe_testcase.dir/src/tbl_content_mang_test.c.o
[ 64%] Building C object apps/cfe_testcase/CMakeFiles/cfe_testcase.dir/src/tbl_information_test.c.o
[ 64%] Building C object apps/cfe_testcase/CMakeFiles/cfe_testcase.dir/src/tbl_registration_test.c.o
[ 64%] Building C object apps/cfe_testcase/CMakeFiles/cfe_testcase.dir/src/time_arithmetic_test.c.o
[ 64%] Building C object apps/cfe_testcase/CMakeFiles/cfe_testcase.dir/src/time_current_test.c.o
[ 64%] Building C object apps/cfe_testcase/CMakeFiles/cfe_testcase.dir/src/time_conversion_test.c.o
[ 64%] Building C object apps/cfe_testcase/CMakeFiles/cfe_testcase.dir/src/time_external_test.c.o
[ 64%] Building C object apps/cfe_testcase/CMakeFiles/cfe_testcase.dir/src/time_misc_test.c.o
[ 64%] Linking C shared module cfe_testcase.so
[ 64%] Built target cfe_testcase
[ 64%] Building C object apps/sample_app/CMakeFiles/sample_app.dir/fsw/src/sample_app.c.o
[ 64%] Building C object apps/sample_app/CMakeFiles/sample_app.dir/fsw/src/sample_app_cmds.c.o
[ 65%] Building C object apps/sample_app/CMakeFiles/sample_app.dir/fsw/src/sample_app_utils.c.o
[ 65%] Building C object apps/sample_app/CMakeFiles/sample_app.dir/fsw/src/sample_app_dispatch.c.o
[ 65%] Linking C shared module sample_app.so
[ 65%] Built target sample_app
[ 65%] Building C object apps/sample_app/unit-test/CMakeFiles/coverage-sample_app-stubs.dir/stubs/sample_app_global_stubs.c.o
[ 65%] Building C object apps/sample_app/unit-test/CMakeFiles/coverage-sample_app-stubs.dir/stubs/sample_app_stubs.c.o
[ 65%] Building C object apps/sample_app/unit-test/CMakeFiles/coverage-sample_app-stubs.dir/stubs/sample_app_cmds_stubs.c.o
[ 65%] Building C object apps/sample_app/unit-test/CMakeFiles/coverage-sample_app-stubs.dir/stubs/sample_app_dispatch_stubs.c.o
[ 65%] Building C object apps/sample_app/unit-test/CMakeFiles/coverage-sample_app-stubs.dir/stubs/sample_app_utils_stubs.c.o
[ 65%] Linking C static library libcoverage-sample_app-stubs.a
[ 65%] Built target coverage-sample_app-stubs
[ 65%] Building C object apps/sample_app/unit-test/CMakeFiles/sample_app_ut_common.dir/common/eventcheck.c.o
[ 65%] Building C object apps/sample_app/unit-test/CMakeFiles/sample_app_ut_common.dir/common/setup.c.o
[ 65%] Linking C static library libsample_app_ut_common.a
[ 65%] Built target sample_app_ut_common
[ 65%] Building C object apps/sample_app/unit-test/CMakeFiles/coverage-sample_app-sample_app-object.dir/home/user/work/procrace/cfs_cord/cFS/apps/sample_app/fsw/src/sample_app.c.o
[ 65%] Built target coverage-sample_app-sample_app-object
[ 65%] Building C object apps/sample_lib/ut-stubs/CMakeFiles/coverage-sample_lib-stubs.dir/sample_lib_stubs.c.o
[ 65%] Linking C static library libcoverage-sample_lib-stubs.a
[ 65%] Built target coverage-sample_lib-stubs
[ 65%] Building C object apps/sample_app/unit-test/CMakeFiles/coverage-sample_app-sample_app-testrunner.dir/coveragetest/coveragetest_sample_app.c.o
[ 65%] Linking C executable coverage-sample_app-sample_app-testrunner
[ 65%] Built target coverage-sample_app-sample_app-testrunner
[ 65%] Building C object apps/sample_app/unit-test/CMakeFiles/coverage-sample_app-sample_app_cmds-object.dir/home/user/work/procrace/cfs_cord/cFS/apps/sample_app/fsw/src/sample_app_cmds.c.o
[ 65%] Built target coverage-sample_app-sample_app_cmds-object
[ 65%] Building C object apps/sample_app/unit-test/CMakeFiles/coverage-sample_app-sample_app_cmds-testrunner.dir/coveragetest/coveragetest_sample_app_cmds.c.o
[ 65%] Linking C executable coverage-sample_app-sample_app_cmds-testrunner
[ 65%] Built target coverage-sample_app-sample_app_cmds-testrunner
[ 65%] Building C object apps/sample_app/unit-test/CMakeFiles/coverage-sample_app-sample_app_utils-object.dir/home/user/work/procrace/cfs_cord/cFS/apps/sample_app/fsw/src/sample_app_utils.c.o
[ 65%] Built target coverage-sample_app-sample_app_utils-object
[ 65%] Building C object apps/sample_app/unit-test/CMakeFiles/coverage-sample_app-sample_app_utils-testrunner.dir/coveragetest/coveragetest_sample_app_utils.c.o
[ 65%] Linking C executable coverage-sample_app-sample_app_utils-testrunner
[ 65%] Built target coverage-sample_app-sample_app_utils-testrunner
[ 66%] Building C object apps/sample_app/unit-test/CMakeFiles/coverage-sample_app-sample_app_dispatch-object.dir/home/user/work/procrace/cfs_cord/cFS/apps/sample_app/fsw/src/sample_app_dispatch.c.o
[ 66%] Built target coverage-sample_app-sample_app_dispatch-object
[ 66%] Building C object apps/sample_app/unit-test/CMakeFiles/coverage-sample_app-sample_app_dispatch-testrunner.dir/coveragetest/coveragetest_sample_app_dispatch.c.o
[ 66%] Linking C executable coverage-sample_app-sample_app_dispatch-testrunner
[ 66%] Built target coverage-sample_app-sample_app_dispatch-testrunner
[ 66%] Building C object apps/sample_lib/CMakeFiles/sample_lib.dir/fsw/src/sample_lib.c.o
[ 66%] Linking C shared module sample_lib.so
[ 66%] Built target sample_lib
[ 66%] Building C object apps/sample_lib/unit-test/CMakeFiles/coverage-sample_lib_overrides-stubs.dir/override_src/libc_string_stubs.c.o
[ 67%] Linking C static library libcoverage-sample_lib_overrides-stubs.a
[ 67%] Built target coverage-sample_lib_overrides-stubs
[ 67%] Building C object apps/sample_lib/unit-test/CMakeFiles/coverage-sample_lib-ALL-object.dir/home/user/work/procrace/cfs_cord/cFS/libs/sample_lib/fsw/src/sample_lib.c.o
[ 67%] Built target coverage-sample_lib-ALL-object
[ 67%] Building C object apps/sample_lib/unit-test/CMakeFiles/coverage-sample_lib-ALL-testrunner.dir/coveragetest/coveragetest_sample_lib.c.o
[ 67%] Linking C executable coverage-sample_lib-ALL-testrunner
[ 67%] Built target coverage-sample_lib-ALL-testrunner
[ 67%] Building C object apps/cf/CMakeFiles/cf.dir/fsw/src/cf_app.c.o
[ 67%] Building C object apps/cf/CMakeFiles/cf.dir/fsw/src/cf_cfdp.c.o
[ 67%] Building C object apps/cf/CMakeFiles/cf.dir/fsw/src/cf_cfdp_r.c.o
[ 67%] Building C object apps/cf/CMakeFiles/cf.dir/fsw/src/cf_cfdp_s.c.o
[ 67%] Building C object apps/cf/CMakeFiles/cf.dir/fsw/src/cf_cfdp_sbintf.c.o
[ 67%] Building C object apps/cf/CMakeFiles/cf.dir/fsw/src/cf_cfdp_dispatch.c.o
[ 67%] Building C object apps/cf/CMakeFiles/cf.dir/fsw/src/cf_chunk.c.o
[ 68%] Building C object apps/cf/CMakeFiles/cf.dir/fsw/src/cf_clist.c.o
[ 68%] Building C object apps/cf/CMakeFiles/cf.dir/fsw/src/cf_codec.c.o
[ 68%] Building C object apps/cf/CMakeFiles/cf.dir/fsw/src/cf_cmd.c.o
[ 68%] Building C object apps/cf/CMakeFiles/cf.dir/fsw/src/cf_crc.c.o
[ 68%] Building C object apps/cf/CMakeFiles/cf.dir/fsw/src/cf_timer.c.o
[ 68%] Building C object apps/cf/CMakeFiles/cf.dir/fsw/src/cf_utils.c.o
[ 68%] Building C object apps/cf/CMakeFiles/cf.dir/fsw/src/cf_dispatch.c.o
[ 68%] Linking C shared module cf.so
[ 68%] Built target cf
[ 68%] Building C object apps/cf/unit-test/CMakeFiles/coverage-cf_internal-stubs.dir/utilities/cf_test_utils.c.o
[ 69%] Building C object apps/cf/unit-test/CMakeFiles/coverage-cf_internal-stubs.dir/utilities/cf_test_alt_handler.c.o
[ 69%] Building C object apps/cf/unit-test/CMakeFiles/coverage-cf_internal-stubs.dir/stubs/cf_app_global.c.o
[ 69%] Building C object apps/cf/unit-test/CMakeFiles/coverage-cf_internal-stubs.dir/stubs/cf_app_stubs.c.o
[ 69%] Building C object apps/cf/unit-test/CMakeFiles/coverage-cf_internal-stubs.dir/stubs/cf_cfdp_handlers.c.o
[ 69%] Building C object apps/cf/unit-test/CMakeFiles/coverage-cf_internal-stubs.dir/stubs/cf_cfdp_dispatch_stubs.c.o
[ 69%] Building C object apps/cf/unit-test/CMakeFiles/coverage-cf_internal-stubs.dir/stubs/cf_cfdp_r_stubs.c.o
[ 69%] Building C object apps/cf/unit-test/CMakeFiles/coverage-cf_internal-stubs.dir/stubs/cf_cfdp_s_stubs.c.o
[ 69%] Building C object apps/cf/unit-test/CMakeFiles/coverage-cf_internal-stubs.dir/stubs/cf_cfdp_stubs.c.o
[ 69%] Building C object apps/cf/unit-test/CMakeFiles/coverage-cf_internal-stubs.dir/stubs/cf_cfdp_sbintf_handlers.c.o
[ 69%] Building C object apps/cf/unit-test/CMakeFiles/coverage-cf_internal-stubs.dir/stubs/cf_cfdp_sbintf_stubs.c.o
[ 69%] Building C object apps/cf/unit-test/CMakeFiles/coverage-cf_internal-stubs.dir/stubs/cf_chunk_handlers.c.o
[ 69%] Building C object apps/cf/unit-test/CMakeFiles/coverage-cf_internal-stubs.dir/stubs/cf_chunk_stubs.c.o
[ 69%] Building C object apps/cf/unit-test/CMakeFiles/coverage-cf_internal-stubs.dir/stubs/cf_clist_handlers.c.o
[ 69%] Building C object apps/cf/unit-test/CMakeFiles/coverage-cf_internal-stubs.dir/stubs/cf_clist_stubs.c.o
[ 69%] Building C object apps/cf/unit-test/CMakeFiles/coverage-cf_internal-stubs.dir/stubs/cf_cmd_handlers.c.o
[ 69%] Building C object apps/cf/unit-test/CMakeFiles/coverage-cf_internal-stubs.dir/stubs/cf_cmd_stubs.c.o
[ 69%] Building C object apps/cf/unit-test/CMakeFiles/coverage-cf_internal-stubs.dir/stubs/cf_codec_handlers.c.o
[ 69%] Building C object apps/cf/unit-test/CMakeFiles/coverage-cf_internal-stubs.dir/stubs/cf_codec_stubs.c.o
[ 70%] Building C object apps/cf/unit-test/CMakeFiles/coverage-cf_internal-stubs.dir/stubs/cf_crc_stubs.c.o
[ 70%] Building C object apps/cf/unit-test/CMakeFiles/coverage-cf_internal-stubs.dir/stubs/cf_dispatch_stubs.c.o
[ 70%] Building C object apps/cf/unit-test/CMakeFiles/coverage-cf_internal-stubs.dir/stubs/cf_timer_stubs.c.o
[ 70%] Building C object apps/cf/unit-test/CMakeFiles/coverage-cf_internal-stubs.dir/stubs/cf_utils_handlers.c.o
[ 70%] Building C object apps/cf/unit-test/CMakeFiles/coverage-cf_internal-stubs.dir/stubs/cf_utils_stubs.c.o
[ 70%] Linking C static library libcoverage-cf_internal-stubs.a
[ 70%] Built target coverage-cf_internal-stubs
[ 70%] Building C object apps/cf/unit-test/CMakeFiles/coverage-cf-cf_app-object.dir/home/user/work/procrace/cfs_cord/cFS/apps/cf/fsw/src/cf_app.c.o
[ 70%] Built target coverage-cf-cf_app-object
[ 70%] Building C object apps/cf/unit-test/CMakeFiles/coverage-cf-cf_app-testrunner.dir/cf_app_tests.c.o
[ 70%] Linking C executable coverage-cf-cf_app-testrunner
[ 70%] Built target coverage-cf-cf_app-testrunner
[ 70%] Building C object apps/cf/unit-test/CMakeFiles/coverage-cf-cf_cfdp-object.dir/home/user/work/procrace/cfs_cord/cFS/apps/cf/fsw/src/cf_cfdp.c.o
[ 70%] Built target coverage-cf-cf_cfdp-object
[ 70%] Building C object apps/cf/unit-test/CMakeFiles/coverage-cf-cf_cfdp-testrunner.dir/cf_cfdp_tests.c.o
[ 70%] Linking C executable coverage-cf-cf_cfdp-testrunner
[ 70%] Built target coverage-cf-cf_cfdp-testrunner
[ 70%] Building C object apps/cf/unit-test/CMakeFiles/coverage-cf-cf_cfdp_r-object.dir/home/user/work/procrace/cfs_cord/cFS/apps/cf/fsw/src/cf_cfdp_r.c.o
[ 70%] Built target coverage-cf-cf_cfdp_r-object
[ 70%] Building C object apps/cf/unit-test/CMakeFiles/coverage-cf-cf_cfdp_r-testrunner.dir/cf_cfdp_r_tests.c.o
[ 70%] Linking C executable coverage-cf-cf_cfdp_r-testrunner
[ 70%] Built target coverage-cf-cf_cfdp_r-testrunner
[ 70%] Building C object apps/cf/unit-test/CMakeFiles/coverage-cf-cf_cfdp_s-object.dir/home/user/work/procrace/cfs_cord/cFS/apps/cf/fsw/src/cf_cfdp_s.c.o
[ 70%] Built target coverage-cf-cf_cfdp_s-object
[ 70%] Building C object apps/cf/unit-test/CMakeFiles/coverage-cf-cf_cfdp_s-testrunner.dir/cf_cfdp_s_tests.c.o
[ 70%] Linking C executable coverage-cf-cf_cfdp_s-testrunner
[ 70%] Built target coverage-cf-cf_cfdp_s-testrunner
[ 70%] Building C object apps/cf/unit-test/CMakeFiles/coverage-cf-cf_cfdp_sbintf-object.dir/home/user/work/procrace/cfs_cord/cFS/apps/cf/fsw/src/cf_cfdp_sbintf.c.o
[ 70%] Built target coverage-cf-cf_cfdp_sbintf-object
[ 70%] Building C object apps/cf/unit-test/CMakeFiles/coverage-cf-cf_cfdp_sbintf-testrunner.dir/cf_cfdp_sbintf_tests.c.o
[ 70%] Linking C executable coverage-cf-cf_cfdp_sbintf-testrunner
[ 70%] Built target coverage-cf-cf_cfdp_sbintf-testrunner
[ 70%] Building C object apps/cf/unit-test/CMakeFiles/coverage-cf-cf_cfdp_dispatch-object.dir/home/user/work/procrace/cfs_cord/cFS/apps/cf/fsw/src/cf_cfdp_dispatch.c.o
[ 70%] Built target coverage-cf-cf_cfdp_dispatch-object
[ 70%] Building C object apps/cf/unit-test/CMakeFiles/coverage-cf-cf_cfdp_dispatch-testrunner.dir/cf_cfdp_dispatch_tests.c.o
[ 71%] Linking C executable coverage-cf-cf_cfdp_dispatch-testrunner
[ 71%] Built target coverage-cf-cf_cfdp_dispatch-testrunner
[ 71%] Building C object apps/cf/unit-test/CMakeFiles/coverage-cf-cf_chunk-object.dir/home/user/work/procrace/cfs_cord/cFS/apps/cf/fsw/src/cf_chunk.c.o
[ 71%] Built target coverage-cf-cf_chunk-object
[ 71%] Building C object apps/cf/unit-test/CMakeFiles/coverage-cf-cf_chunk-testrunner.dir/cf_chunk_tests.c.o
[ 71%] Linking C executable coverage-cf-cf_chunk-testrunner
[ 71%] Built target coverage-cf-cf_chunk-testrunner
[ 71%] Building C object apps/cf/unit-test/CMakeFiles/coverage-cf-cf_clist-object.dir/home/user/work/procrace/cfs_cord/cFS/apps/cf/fsw/src/cf_clist.c.o
[ 71%] Built target coverage-cf-cf_clist-object
[ 71%] Building C object apps/cf/unit-test/CMakeFiles/coverage-cf-cf_clist-testrunner.dir/cf_clist_tests.c.o
[ 71%] Linking C executable coverage-cf-cf_clist-testrunner
[ 71%] Built target coverage-cf-cf_clist-testrunner
[ 71%] Building C object apps/cf/unit-test/CMakeFiles/coverage-cf-cf_codec-object.dir/home/user/work/procrace/cfs_cord/cFS/apps/cf/fsw/src/cf_codec.c.o
[ 71%] Built target coverage-cf-cf_codec-object
[ 71%] Building C object apps/cf/unit-test/CMakeFiles/coverage-cf-cf_codec-testrunner.dir/cf_codec_tests.c.o
[ 71%] Linking C executable coverage-cf-cf_codec-testrunner
[ 71%] Built target coverage-cf-cf_codec-testrunner
[ 71%] Building C object apps/cf/unit-test/CMakeFiles/coverage-cf-cf_cmd-object.dir/home/user/work/procrace/cfs_cord/cFS/apps/cf/fsw/src/cf_cmd.c.o
[ 71%] Built target coverage-cf-cf_cmd-object
[ 73%] Building C object apps/cf/unit-test/CMakeFiles/coverage-cf-cf_cmd-testrunner.dir/cf_cmd_tests.c.o
[ 73%] Linking C executable coverage-cf-cf_cmd-testrunner
[ 73%] Built target coverage-cf-cf_cmd-testrunner
[ 73%] Building C object apps/cf/unit-test/CMakeFiles/coverage-cf-cf_crc-object.dir/home/user/work/procrace/cfs_cord/cFS/apps/cf/fsw/src/cf_crc.c.o
[ 73%] Built target coverage-cf-cf_crc-object
[ 73%] Building C object apps/cf/unit-test/CMakeFiles/coverage-cf-cf_crc-testrunner.dir/cf_crc_tests.c.o
[ 73%] Linking C executable coverage-cf-cf_crc-testrunner
[ 73%] Built target coverage-cf-cf_crc-testrunner
[ 73%] Building C object apps/cf/unit-test/CMakeFiles/coverage-cf-cf_timer-object.dir/home/user/work/procrace/cfs_cord/cFS/apps/cf/fsw/src/cf_timer.c.o
[ 73%] Built target coverage-cf-cf_timer-object
[ 73%] Building C object apps/cf/unit-test/CMakeFiles/coverage-cf-cf_timer-testrunner.dir/cf_timer_tests.c.o
[ 73%] Linking C executable coverage-cf-cf_timer-testrunner
[ 73%] Built target coverage-cf-cf_timer-testrunner
[ 73%] Building C object apps/cf/unit-test/CMakeFiles/coverage-cf-cf_utils-object.dir/home/user/work/procrace/cfs_cord/cFS/apps/cf/fsw/src/cf_utils.c.o
[ 73%] Built target coverage-cf-cf_utils-object
[ 73%] Building C object apps/cf/unit-test/CMakeFiles/coverage-cf-cf_utils-testrunner.dir/cf_utils_tests.c.o
[ 73%] Linking C executable coverage-cf-cf_utils-testrunner
[ 73%] Built target coverage-cf-cf_utils-testrunner
[ 73%] Building C object apps/cf/unit-test/CMakeFiles/coverage-cf-cf_dispatch-object.dir/home/user/work/procrace/cfs_cord/cFS/apps/cf/fsw/src/cf_dispatch.c.o
[ 73%] Built target coverage-cf-cf_dispatch-object
[ 73%] Building C object apps/cf/unit-test/CMakeFiles/coverage-cf-cf_dispatch-testrunner.dir/cf_dispatch_tests.c.o
[ 73%] Linking C executable coverage-cf-cf_dispatch-testrunner
[ 73%] Built target coverage-cf-cf_dispatch-testrunner
[ 73%] Building C object apps/hs/CMakeFiles/hs.dir/fsw/src/hs_monitors.c.o
[ 73%] Building C object apps/hs/CMakeFiles/hs.dir/fsw/src/hs_utils.c.o
[ 73%] Building C object apps/hs/CMakeFiles/hs.dir/fsw/src/hs_sysmon.c.o
[ 73%] Building C object apps/hs/CMakeFiles/hs.dir/fsw/src/hs_app.c.o
[ 73%] Building C object apps/hs/CMakeFiles/hs.dir/fsw/src/hs_cmds.c.o
[ 73%] Building C object apps/hs/CMakeFiles/hs.dir/fsw/src/hs_dispatch.c.o
[ 73%] Linking C shared module hs.so
[ 73%] Built target hs
[ 73%] Building C object apps/hs/unit-test/CMakeFiles/coverage-hs_internal-stubs.dir/utilities/hs_test_utils.c.o
[ 73%] Building C object apps/hs/unit-test/CMakeFiles/coverage-hs_internal-stubs.dir/stubs/hs_global_stubs.c.o
[ 74%] Building C object apps/hs/unit-test/CMakeFiles/coverage-hs_internal-stubs.dir/stubs/hs_app_stubs.c.o
[ 74%] Building C object apps/hs/unit-test/CMakeFiles/coverage-hs_internal-stubs.dir/stubs/hs_cmds_stubs.c.o
[ 74%] Building C object apps/hs/unit-test/CMakeFiles/coverage-hs_internal-stubs.dir/stubs/hs_dispatch_stubs.c.o
[ 74%] Building C object apps/hs/unit-test/CMakeFiles/coverage-hs_internal-stubs.dir/stubs/hs_monitors_stubs.c.o
[ 74%] Building C object apps/hs/unit-test/CMakeFiles/coverage-hs_internal-stubs.dir/stubs/hs_utils_stubs.c.o
[ 74%] Building C object apps/hs/unit-test/CMakeFiles/coverage-hs_internal-stubs.dir/stubs/hs_sysmon_stubs.c.o
[ 74%] Linking C static library libcoverage-hs_internal-stubs.a
[ 74%] Built target coverage-hs_internal-stubs
[ 74%] Building C object apps/hs/unit-test/CMakeFiles/coverage-hs-hs_monitors-object.dir/home/user/work/procrace/cfs_cord/cFS/apps/hs/fsw/src/hs_monitors.c.o
[ 74%] Built target coverage-hs-hs_monitors-object
[ 74%] Building C object apps/hs/unit-test/CMakeFiles/coverage-hs-hs_monitors-testrunner.dir/hs_monitors_tests.c.o
[ 74%] Linking C executable coverage-hs-hs_monitors-testrunner
[ 74%] Built target coverage-hs-hs_monitors-testrunner
[ 74%] Building C object apps/hs/unit-test/CMakeFiles/coverage-hs-hs_utils-object.dir/home/user/work/procrace/cfs_cord/cFS/apps/hs/fsw/src/hs_utils.c.o
[ 74%] Built target coverage-hs-hs_utils-object
[ 74%] Building C object apps/hs/unit-test/CMakeFiles/coverage-hs-hs_utils-testrunner.dir/hs_utils_tests.c.o
[ 74%] Linking C executable coverage-hs-hs_utils-testrunner
[ 74%] Built target coverage-hs-hs_utils-testrunner
[ 74%] Building C object apps/hs/unit-test/CMakeFiles/coverage-hs-hs_sysmon-object.dir/home/user/work/procrace/cfs_cord/cFS/apps/hs/fsw/src/hs_sysmon.c.o
[ 74%] Built target coverage-hs-hs_sysmon-object
[ 74%] Building C object apps/hs/unit-test/CMakeFiles/coverage-hs-hs_sysmon-testrunner.dir/hs_sysmon_tests.c.o
[ 74%] Linking C executable coverage-hs-hs_sysmon-testrunner
[ 74%] Built target coverage-hs-hs_sysmon-testrunner
[ 74%] Building C object apps/hs/unit-test/CMakeFiles/coverage-hs-hs_app-object.dir/home/user/work/procrace/cfs_cord/cFS/apps/hs/fsw/src/hs_app.c.o
[ 74%] Built target coverage-hs-hs_app-object
[ 74%] Building C object apps/hs/unit-test/CMakeFiles/coverage-hs-hs_app-testrunner.dir/hs_app_tests.c.o
[ 74%] Linking C executable coverage-hs-hs_app-testrunner
[ 74%] Built target coverage-hs-hs_app-testrunner
[ 75%] Building C object apps/hs/unit-test/CMakeFiles/coverage-hs-hs_cmds-object.dir/home/user/work/procrace/cfs_cord/cFS/apps/hs/fsw/src/hs_cmds.c.o
[ 75%] Built target coverage-hs-hs_cmds-object
[ 75%] Building C object apps/hs/unit-test/CMakeFiles/coverage-hs-hs_cmds-testrunner.dir/hs_cmds_tests.c.o
[ 75%] Linking C executable coverage-hs-hs_cmds-testrunner
[ 75%] Built target coverage-hs-hs_cmds-testrunner
[ 75%] Building C object apps/hs/unit-test/CMakeFiles/coverage-hs-hs_dispatch-object.dir/home/user/work/procrace/cfs_cord/cFS/apps/hs/fsw/src/hs_dispatch.c.o
[ 75%] Built target coverage-hs-hs_dispatch-object
[ 75%] Building C object apps/hs/unit-test/CMakeFiles/coverage-hs-hs_dispatch-testrunner.dir/hs_dispatch_tests.c.o
[ 75%] Linking C executable coverage-hs-hs_dispatch-testrunner
[ 75%] Built target coverage-hs-hs_dispatch-testrunner
[ 75%] Building C object apps/md/CMakeFiles/md.dir/fsw/src/md_dwell_tbl.c.o
[ 75%] Building C object apps/md/CMakeFiles/md.dir/fsw/src/md_utils.c.o
[ 75%] Building C object apps/md/CMakeFiles/md.dir/fsw/src/md_dwell_pkt.c.o
[ 75%] Building C object apps/md/CMakeFiles/md.dir/fsw/src/md_cmds.c.o
[ 75%] Building C object apps/md/CMakeFiles/md.dir/fsw/src/md_app.c.o
[ 75%] Building C object apps/md/CMakeFiles/md.dir/fsw/src/md_dispatch.c.o
[ 76%] Linking C shared module md.so
[ 76%] Built target md
[ 76%] Building C object apps/md/unit-test/CMakeFiles/coverage-md_internal-stubs.dir/utilities/md_test_utils.c.o
[ 76%] Building C object apps/md/unit-test/CMakeFiles/coverage-md_internal-stubs.dir/stubs/md_app_stubs.c.o
[ 76%] Building C object apps/md/unit-test/CMakeFiles/coverage-md_internal-stubs.dir/stubs/stub_libc_stdio.c.o
[ 76%] Building C object apps/md/unit-test/CMakeFiles/coverage-md_internal-stubs.dir/stubs/md_cmds_stubs.c.o
[ 76%] Building C object apps/md/unit-test/CMakeFiles/coverage-md_internal-stubs.dir/stubs/md_dwell_tbl_stubs.c.o
[ 76%] Building C object apps/md/unit-test/CMakeFiles/coverage-md_internal-stubs.dir/stubs/md_utils_stubs.c.o
[ 76%] Building C object apps/md/unit-test/CMakeFiles/coverage-md_internal-stubs.dir/stubs/md_dwell_pkt_stubs.c.o
[ 76%] Building C object apps/md/unit-test/CMakeFiles/coverage-md_internal-stubs.dir/stubs/md_global_stubs.c.o
[ 76%] Building C object apps/md/unit-test/CMakeFiles/coverage-md_internal-stubs.dir/stubs/md_dispatch_stubs.c.o
[ 76%] Linking C static library libcoverage-md_internal-stubs.a
[ 76%] Built target coverage-md_internal-stubs
[ 76%] Building C object apps/md/unit-test/CMakeFiles/coverage-md-md_dwell_tbl-object.dir/home/user/work/procrace/cfs_cord/cFS/apps/md/fsw/src/md_dwell_tbl.c.o
[ 76%] Built target coverage-md-md_dwell_tbl-object
[ 77%] Building C object apps/md/unit-test/CMakeFiles/coverage-md-md_dwell_tbl-testrunner.dir/md_dwell_tbl_tests.c.o
[ 77%] Linking C executable coverage-md-md_dwell_tbl-testrunner
[ 77%] Built target coverage-md-md_dwell_tbl-testrunner
[ 77%] Building C object apps/md/unit-test/CMakeFiles/coverage-md-md_utils-object.dir/home/user/work/procrace/cfs_cord/cFS/apps/md/fsw/src/md_utils.c.o
[ 77%] Built target coverage-md-md_utils-object
[ 77%] Building C object apps/md/unit-test/CMakeFiles/coverage-md-md_utils-testrunner.dir/md_utils_tests.c.o
[ 77%] Linking C executable coverage-md-md_utils-testrunner
[ 77%] Built target coverage-md-md_utils-testrunner
[ 77%] Building C object apps/md/unit-test/CMakeFiles/coverage-md-md_dwell_pkt-object.dir/home/user/work/procrace/cfs_cord/cFS/apps/md/fsw/src/md_dwell_pkt.c.o
[ 77%] Built target coverage-md-md_dwell_pkt-object
[ 77%] Building C object apps/md/unit-test/CMakeFiles/coverage-md-md_dwell_pkt-testrunner.dir/md_dwell_pkt_tests.c.o
[ 77%] Linking C executable coverage-md-md_dwell_pkt-testrunner
[ 77%] Built target coverage-md-md_dwell_pkt-testrunner
[ 77%] Building C object apps/md/unit-test/CMakeFiles/coverage-md-md_cmds-object.dir/home/user/work/procrace/cfs_cord/cFS/apps/md/fsw/src/md_cmds.c.o
[ 77%] Built target coverage-md-md_cmds-object
[ 77%] Building C object apps/md/unit-test/CMakeFiles/coverage-md-md_cmds-testrunner.dir/md_cmds_tests.c.o
[ 77%] Linking C executable coverage-md-md_cmds-testrunner
[ 77%] Built target coverage-md-md_cmds-testrunner
[ 77%] Building C object apps/md/unit-test/CMakeFiles/coverage-md-md_app-object.dir/home/user/work/procrace/cfs_cord/cFS/apps/md/fsw/src/md_app.c.o
[ 77%] Built target coverage-md-md_app-object
[ 77%] Building C object apps/md/unit-test/CMakeFiles/coverage-md-md_app-testrunner.dir/md_app_tests.c.o
[ 77%] Linking C executable coverage-md-md_app-testrunner
[ 77%] Built target coverage-md-md_app-testrunner
[ 77%] Building C object apps/md/unit-test/CMakeFiles/coverage-md-md_dispatch-object.dir/home/user/work/procrace/cfs_cord/cFS/apps/md/fsw/src/md_dispatch.c.o
[ 77%] Built target coverage-md-md_dispatch-object
[ 77%] Building C object apps/md/unit-test/CMakeFiles/coverage-md-md_dispatch-testrunner.dir/md_dispatch_tests.c.o
[ 77%] Linking C executable coverage-md-md_dispatch-testrunner
[ 77%] Built target coverage-md-md_dispatch-testrunner
[ 77%] Building C object apps/mm/CMakeFiles/mm.dir/fsw/src/mm_mem32.c.o
[ 77%] Building C object apps/mm/CMakeFiles/mm.dir/fsw/src/mm_app.c.o
[ 77%] Building C object apps/mm/CMakeFiles/mm.dir/fsw/src/mm_dump.c.o
[ 77%] Building C object apps/mm/CMakeFiles/mm.dir/fsw/src/mm_mem16.c.o
[ 77%] Building C object apps/mm/CMakeFiles/mm.dir/fsw/src/mm_utils.c.o
[ 77%] Building C object apps/mm/CMakeFiles/mm.dir/fsw/src/mm_mem8.c.o
[ 77%] Building C object apps/mm/CMakeFiles/mm.dir/fsw/src/mm_load.c.o
[ 77%] Building C object apps/mm/CMakeFiles/mm.dir/fsw/src/mm_cmds.c.o
[ 77%] Building C object apps/mm/CMakeFiles/mm.dir/fsw/src/mm_dispatch.c.o
[ 77%] Linking C shared module mm.so
[ 77%] Built target mm
[ 77%] Building C object apps/mm/unit-test/CMakeFiles/coverage-mm_internal-stubs.dir/utilities/mm_test_utils.c.o
[ 77%] Building C object apps/mm/unit-test/CMakeFiles/coverage-mm_internal-stubs.dir/stubs/mm_global_stubs.c.o
[ 77%] Building C object apps/mm/unit-test/CMakeFiles/coverage-mm_internal-stubs.dir/stubs/mm_app_stubs.c.o
[ 77%] Building C object apps/mm/unit-test/CMakeFiles/coverage-mm_internal-stubs.dir/stubs/mm_cmds_stubs.c.o
[ 77%] Building C object apps/mm/unit-test/CMakeFiles/coverage-mm_internal-stubs.dir/stubs/mm_dispatch_stubs.c.o
[ 77%] Building C object apps/mm/unit-test/CMakeFiles/coverage-mm_internal-stubs.dir/stubs/mm_dump_stubs.c.o
[ 77%] Building C object apps/mm/unit-test/CMakeFiles/coverage-mm_internal-stubs.dir/stubs/mm_load_stubs.c.o
[ 77%] Building C object apps/mm/unit-test/CMakeFiles/coverage-mm_internal-stubs.dir/stubs/mm_mem8_stubs.c.o
[ 77%] Building C object apps/mm/unit-test/CMakeFiles/coverage-mm_internal-stubs.dir/stubs/mm_mem16_stubs.c.o
[ 77%] Building C object apps/mm/unit-test/CMakeFiles/coverage-mm_internal-stubs.dir/stubs/mm_mem32_stubs.c.o
[ 77%] Building C object apps/mm/unit-test/CMakeFiles/coverage-mm_internal-stubs.dir/stubs/mm_utils_stubs.c.o
[ 78%] Linking C static library libcoverage-mm_internal-stubs.a
[ 78%] Built target coverage-mm_internal-stubs
[ 78%] Building C object apps/mm/unit-test/CMakeFiles/coverage-mm-mm_mem32-object.dir/home/user/work/procrace/cfs_cord/cFS/apps/mm/fsw/src/mm_mem32.c.o
[ 78%] Built target coverage-mm-mm_mem32-object
[ 78%] Building C object apps/mm/unit-test/CMakeFiles/coverage-mm-mm_mem32-testrunner.dir/mm_mem32_tests.c.o
[ 79%] Linking C executable coverage-mm-mm_mem32-testrunner
[ 79%] Built target coverage-mm-mm_mem32-testrunner
[ 79%] Building C object apps/mm/unit-test/CMakeFiles/coverage-mm-mm_app-object.dir/home/user/work/procrace/cfs_cord/cFS/apps/mm/fsw/src/mm_app.c.o
[ 79%] Built target coverage-mm-mm_app-object
[ 79%] Building C object apps/mm/unit-test/CMakeFiles/coverage-mm-mm_app-testrunner.dir/mm_app_tests.c.o
[ 79%] Linking C executable coverage-mm-mm_app-testrunner
[ 79%] Built target coverage-mm-mm_app-testrunner
[ 79%] Building C object apps/mm/unit-test/CMakeFiles/coverage-mm-mm_dump-object.dir/home/user/work/procrace/cfs_cord/cFS/apps/mm/fsw/src/mm_dump.c.o
[ 79%] Built target coverage-mm-mm_dump-object
[ 79%] Building C object apps/mm/unit-test/CMakeFiles/coverage-mm-mm_dump-testrunner.dir/mm_dump_tests.c.o
[ 79%] Linking C executable coverage-mm-mm_dump-testrunner
[ 79%] Built target coverage-mm-mm_dump-testrunner
[ 79%] Building C object apps/mm/unit-test/CMakeFiles/coverage-mm-mm_mem16-object.dir/home/user/work/procrace/cfs_cord/cFS/apps/mm/fsw/src/mm_mem16.c.o
[ 79%] Built target coverage-mm-mm_mem16-object
[ 79%] Building C object apps/mm/unit-test/CMakeFiles/coverage-mm-mm_mem16-testrunner.dir/mm_mem16_tests.c.o
[ 79%] Linking C executable coverage-mm-mm_mem16-testrunner
[ 79%] Built target coverage-mm-mm_mem16-testrunner
[ 79%] Building C object apps/mm/unit-test/CMakeFiles/coverage-mm-mm_utils-object.dir/home/user/work/procrace/cfs_cord/cFS/apps/mm/fsw/src/mm_utils.c.o
[ 79%] Built target coverage-mm-mm_utils-object
[ 79%] Building C object apps/mm/unit-test/CMakeFiles/coverage-mm-mm_utils-testrunner.dir/mm_utils_tests.c.o
[ 79%] Linking C executable coverage-mm-mm_utils-testrunner
[ 79%] Built target coverage-mm-mm_utils-testrunner
[ 79%] Building C object apps/mm/unit-test/CMakeFiles/coverage-mm-mm_mem8-object.dir/home/user/work/procrace/cfs_cord/cFS/apps/mm/fsw/src/mm_mem8.c.o
[ 79%] Built target coverage-mm-mm_mem8-object
[ 79%] Building C object apps/mm/unit-test/CMakeFiles/coverage-mm-mm_mem8-testrunner.dir/mm_mem8_tests.c.o
[ 79%] Linking C executable coverage-mm-mm_mem8-testrunner
[ 79%] Built target coverage-mm-mm_mem8-testrunner
[ 79%] Building C object apps/mm/unit-test/CMakeFiles/coverage-mm-mm_load-object.dir/home/user/work/procrace/cfs_cord/cFS/apps/mm/fsw/src/mm_load.c.o
[ 79%] Built target coverage-mm-mm_load-object
[ 79%] Building C object apps/mm/unit-test/CMakeFiles/coverage-mm-mm_load-testrunner.dir/mm_load_tests.c.o
[ 79%] Linking C executable coverage-mm-mm_load-testrunner
[ 79%] Built target coverage-mm-mm_load-testrunner
[ 80%] Building C object apps/mm/unit-test/CMakeFiles/coverage-mm-mm_cmds-object.dir/home/user/work/procrace/cfs_cord/cFS/apps/mm/fsw/src/mm_cmds.c.o
[ 80%] Built target coverage-mm-mm_cmds-object
[ 80%] Building C object apps/mm/unit-test/CMakeFiles/coverage-mm-mm_cmds-testrunner.dir/mm_cmds_tests.c.o
[ 80%] Linking C executable coverage-mm-mm_cmds-testrunner
[ 80%] Built target coverage-mm-mm_cmds-testrunner
[ 80%] Building C object apps/mm/unit-test/CMakeFiles/coverage-mm-mm_dispatch-object.dir/home/user/work/procrace/cfs_cord/cFS/apps/mm/fsw/src/mm_dispatch.c.o
[ 80%] Built target coverage-mm-mm_dispatch-object
[ 80%] Building C object apps/mm/unit-test/CMakeFiles/coverage-mm-mm_dispatch-testrunner.dir/mm_dispatch_tests.c.o
[ 80%] Linking C executable coverage-mm-mm_dispatch-testrunner
[ 80%] Built target coverage-mm-mm_dispatch-testrunner
[ 80%] Building C object apps/cs/CMakeFiles/cs.dir/fsw/src/cs_cmds.c.o
[ 80%] Building C object apps/cs/CMakeFiles/cs.dir/fsw/src/cs_table_processing.c.o
[ 80%] Building C object apps/cs/CMakeFiles/cs.dir/fsw/src/cs_app.c.o
[ 80%] Building C object apps/cs/CMakeFiles/cs.dir/fsw/src/cs_utils.c.o
[ 80%] Building C object apps/cs/CMakeFiles/cs.dir/fsw/src/cs_table_cmds.c.o
[ 80%] Building C object apps/cs/CMakeFiles/cs.dir/fsw/src/cs_app_cmds.c.o
[ 80%] Building C object apps/cs/CMakeFiles/cs.dir/fsw/src/cs_memory_cmds.c.o
[ 80%] Building C object apps/cs/CMakeFiles/cs.dir/fsw/src/cs_init.c.o
[ 80%] Building C object apps/cs/CMakeFiles/cs.dir/fsw/src/cs_eeprom_cmds.c.o
[ 80%] Building C object apps/cs/CMakeFiles/cs.dir/fsw/src/cs_compute.c.o
[ 80%] Building C object apps/cs/CMakeFiles/cs.dir/fsw/src/cs_dispatch.c.o
[ 80%] Linking C shared module cs.so
[ 80%] Built target cs
[ 80%] Building C object apps/cs/unit-test/CMakeFiles/coverage-cs_internal-stubs.dir/utilities/cs_test_utils.c.o
[ 82%] Building C object apps/cs/unit-test/CMakeFiles/coverage-cs_internal-stubs.dir/stubs/cs_appdata_global_stub.c.o
[ 82%] Building C object apps/cs/unit-test/CMakeFiles/coverage-cs_internal-stubs.dir/stubs/cs_utils_stubs.c.o
[ 82%] Building C object apps/cs/unit-test/CMakeFiles/coverage-cs_internal-stubs.dir/stubs/cs_compute_stubs.c.o
[ 82%] Building C object apps/cs/unit-test/CMakeFiles/coverage-cs_internal-stubs.dir/stubs/cs_table_processing_stubs.c.o
[ 82%] Building C object apps/cs/unit-test/CMakeFiles/coverage-cs_internal-stubs.dir/stubs/cs_table_cmds_stubs.c.o
[ 82%] Building C object apps/cs/unit-test/CMakeFiles/coverage-cs_internal-stubs.dir/stubs/cs_memory_cmds_stubs.c.o
[ 82%] Building C object apps/cs/unit-test/CMakeFiles/coverage-cs_internal-stubs.dir/stubs/cs_app_stubs.c.o
[ 82%] Building C object apps/cs/unit-test/CMakeFiles/coverage-cs_internal-stubs.dir/stubs/cs_app_cmds_stubs.c.o
[ 82%] Building C object apps/cs/unit-test/CMakeFiles/coverage-cs_internal-stubs.dir/stubs/cs_cmds_stubs.c.o
[ 82%] Building C object apps/cs/unit-test/CMakeFiles/coverage-cs_internal-stubs.dir/stubs/cs_init_stubs.c.o
[ 82%] Building C object apps/cs/unit-test/CMakeFiles/coverage-cs_internal-stubs.dir/stubs/cs_eeprom_cmds_stubs.c.o
[ 82%] Building C object apps/cs/unit-test/CMakeFiles/coverage-cs_internal-stubs.dir/stubs/cs_dispatch_stubs.c.o
[ 82%] Linking C static library libcoverage-cs_internal-stubs.a
[ 82%] Built target coverage-cs_internal-stubs
[ 82%] Building C object apps/cs/unit-test/CMakeFiles/coverage-cs-cs_cmds-object.dir/home/user/work/procrace/cfs_cord/cFS/apps/cs/fsw/src/cs_cmds.c.o
[ 82%] Built target coverage-cs-cs_cmds-object
[ 82%] Building C object apps/cs/unit-test/CMakeFiles/coverage-cs-cs_cmds-testrunner.dir/cs_cmds_tests.c.o
[ 82%] Linking C executable coverage-cs-cs_cmds-testrunner
[ 82%] Built target coverage-cs-cs_cmds-testrunner
[ 82%] Building C object apps/cs/unit-test/CMakeFiles/coverage-cs-cs_table_processing-object.dir/home/user/work/procrace/cfs_cord/cFS/apps/cs/fsw/src/cs_table_processing.c.o
[ 82%] Built target coverage-cs-cs_table_processing-object
[ 82%] Building C object apps/cs/unit-test/CMakeFiles/coverage-cs-cs_table_processing-testrunner.dir/cs_table_processing_tests.c.o
[ 82%] Linking C executable coverage-cs-cs_table_processing-testrunner
[ 82%] Built target coverage-cs-cs_table_processing-testrunner
[ 82%] Building C object apps/cs/unit-test/CMakeFiles/coverage-cs-cs_app-object.dir/home/user/work/procrace/cfs_cord/cFS/apps/cs/fsw/src/cs_app.c.o
[ 82%] Built target coverage-cs-cs_app-object
[ 82%] Building C object apps/cs/unit-test/CMakeFiles/coverage-cs-cs_app-testrunner.dir/cs_app_tests.c.o
[ 82%] Linking C executable coverage-cs-cs_app-testrunner
[ 82%] Built target coverage-cs-cs_app-testrunner
[ 82%] Building C object apps/cs/unit-test/CMakeFiles/coverage-cs-cs_utils-object.dir/home/user/work/procrace/cfs_cord/cFS/apps/cs/fsw/src/cs_utils.c.o
[ 82%] Built target coverage-cs-cs_utils-object
[ 82%] Building C object apps/cs/unit-test/CMakeFiles/coverage-cs-cs_utils-testrunner.dir/cs_utils_tests.c.o
[ 82%] Linking C executable coverage-cs-cs_utils-testrunner
[ 82%] Built target coverage-cs-cs_utils-testrunner
[ 82%] Building C object apps/cs/unit-test/CMakeFiles/coverage-cs-cs_table_cmds-object.dir/home/user/work/procrace/cfs_cord/cFS/apps/cs/fsw/src/cs_table_cmds.c.o
[ 82%] Built target coverage-cs-cs_table_cmds-object
[ 82%] Building C object apps/cs/unit-test/CMakeFiles/coverage-cs-cs_table_cmds-testrunner.dir/cs_table_cmds_tests.c.o
[ 82%] Linking C executable coverage-cs-cs_table_cmds-testrunner
[ 82%] Built target coverage-cs-cs_table_cmds-testrunner
[ 82%] Building C object apps/cs/unit-test/CMakeFiles/coverage-cs-cs_app_cmds-object.dir/home/user/work/procrace/cfs_cord/cFS/apps/cs/fsw/src/cs_app_cmds.c.o
[ 82%] Built target coverage-cs-cs_app_cmds-object
[ 82%] Building C object apps/cs/unit-test/CMakeFiles/coverage-cs-cs_app_cmds-testrunner.dir/cs_app_cmds_tests.c.o
[ 82%] Linking C executable coverage-cs-cs_app_cmds-testrunner
[ 82%] Built target coverage-cs-cs_app_cmds-testrunner
[ 82%] Building C object apps/cs/unit-test/CMakeFiles/coverage-cs-cs_memory_cmds-object.dir/home/user/work/procrace/cfs_cord/cFS/apps/cs/fsw/src/cs_memory_cmds.c.o
[ 82%] Built target coverage-cs-cs_memory_cmds-object
[ 82%] Building C object apps/cs/unit-test/CMakeFiles/coverage-cs-cs_memory_cmds-testrunner.dir/cs_memory_cmds_tests.c.o
[ 82%] Linking C executable coverage-cs-cs_memory_cmds-testrunner
[ 82%] Built target coverage-cs-cs_memory_cmds-testrunner
[ 82%] Building C object apps/cs/unit-test/CMakeFiles/coverage-cs-cs_init-object.dir/home/user/work/procrace/cfs_cord/cFS/apps/cs/fsw/src/cs_init.c.o
[ 82%] Built target coverage-cs-cs_init-object
[ 82%] Building C object apps/cs/unit-test/CMakeFiles/coverage-cs-cs_init-testrunner.dir/cs_init_tests.c.o
[ 82%] Linking C executable coverage-cs-cs_init-testrunner
[ 82%] Built target coverage-cs-cs_init-testrunner
[ 82%] Building C object apps/cs/unit-test/CMakeFiles/coverage-cs-cs_eeprom_cmds-object.dir/home/user/work/procrace/cfs_cord/cFS/apps/cs/fsw/src/cs_eeprom_cmds.c.o
[ 82%] Built target coverage-cs-cs_eeprom_cmds-object
[ 83%] Building C object apps/cs/unit-test/CMakeFiles/coverage-cs-cs_eeprom_cmds-testrunner.dir/cs_eeprom_cmds_tests.c.o
[ 83%] Linking C executable coverage-cs-cs_eeprom_cmds-testrunner
[ 83%] Built target coverage-cs-cs_eeprom_cmds-testrunner
[ 83%] Building C object apps/cs/unit-test/CMakeFiles/coverage-cs-cs_compute-object.dir/home/user/work/procrace/cfs_cord/cFS/apps/cs/fsw/src/cs_compute.c.o
[ 83%] Built target coverage-cs-cs_compute-object
[ 83%] Building C object apps/cs/unit-test/CMakeFiles/coverage-cs-cs_compute-testrunner.dir/cs_compute_tests.c.o
[ 83%] Linking C executable coverage-cs-cs_compute-testrunner
[ 83%] Built target coverage-cs-cs_compute-testrunner
[ 83%] Building C object apps/cs/unit-test/CMakeFiles/coverage-cs-cs_dispatch-object.dir/home/user/work/procrace/cfs_cord/cFS/apps/cs/fsw/src/cs_dispatch.c.o
[ 83%] Built target coverage-cs-cs_dispatch-object
[ 83%] Building C object apps/cs/unit-test/CMakeFiles/coverage-cs-cs_dispatch-testrunner.dir/cs_dispatch_tests.c.o
[ 83%] Linking C executable coverage-cs-cs_dispatch-testrunner
[ 83%] Built target coverage-cs-cs_dispatch-testrunner
[ 83%] Building C object apps/fm/CMakeFiles/fm.dir/fsw/src/fm_cmd_utils.c.o
[ 83%] Building C object apps/fm/CMakeFiles/fm.dir/fsw/src/fm_app.c.o
[ 83%] Building C object apps/fm/CMakeFiles/fm.dir/fsw/src/fm_cmds.c.o
[ 83%] Building C object apps/fm/CMakeFiles/fm.dir/fsw/src/fm_child.c.o
[ 83%] Building C object apps/fm/CMakeFiles/fm.dir/fsw/src/fm_table_utils.c.o
[ 83%] Building C object apps/fm/CMakeFiles/fm.dir/fsw/src/fm_dispatch.c.o
[ 83%] Building C object apps/fm/CMakeFiles/fm.dir/fsw/src/fm_compression_none.c.o
[ 84%] Linking C shared module fm.so
[ 84%] Built target fm
[ 84%] Building C object apps/fm/unit-test/CMakeFiles/coverage-fm_internal-stubs.dir/utilities/fm_test_utils.c.o
[ 84%] Building C object apps/fm/unit-test/CMakeFiles/coverage-fm_internal-stubs.dir/stubs/fm_global_stubs.c.o
[ 85%] Building C object apps/fm/unit-test/CMakeFiles/coverage-fm_internal-stubs.dir/stubs/fm_cmds_stubs.c.o
[ 85%] Building C object apps/fm/unit-test/CMakeFiles/coverage-fm_internal-stubs.dir/stubs/fm_cmd_utils_stubs.c.o
[ 85%] Building C object apps/fm/unit-test/CMakeFiles/coverage-fm_internal-stubs.dir/stubs/fm_cmd_utils_handlers.c.o
[ 85%] Building C object apps/fm/unit-test/CMakeFiles/coverage-fm_internal-stubs.dir/stubs/fm_compression_stubs.c.o
[ 85%] Building C object apps/fm/unit-test/CMakeFiles/coverage-fm_internal-stubs.dir/stubs/fm_dispatch_stubs.c.o
[ 85%] Building C object apps/fm/unit-test/CMakeFiles/coverage-fm_internal-stubs.dir/stubs/fm_app_stubs.c.o
[ 85%] Building C object apps/fm/unit-test/CMakeFiles/coverage-fm_internal-stubs.dir/stubs/fm_child_stubs.c.o
[ 85%] Building C object apps/fm/unit-test/CMakeFiles/coverage-fm_internal-stubs.dir/stubs/fm_table_utils_stubs.c.o
[ 85%] Linking C static library libcoverage-fm_internal-stubs.a
[ 85%] Built target coverage-fm_internal-stubs
[ 85%] Building C object apps/fm/unit-test/CMakeFiles/coverage-fm-fm_cmd_utils-object.dir/home/user/work/procrace/cfs_cord/cFS/apps/fm/fsw/src/fm_cmd_utils.c.o
[ 85%] Built target coverage-fm-fm_cmd_utils-object
[ 85%] Building C object apps/fm/unit-test/CMakeFiles/coverage-fm-fm_cmd_utils-testrunner.dir/fm_cmd_utils_tests.c.o
[ 85%] Linking C executable coverage-fm-fm_cmd_utils-testrunner
[ 85%] Built target coverage-fm-fm_cmd_utils-testrunner
[ 85%] Building C object apps/fm/unit-test/CMakeFiles/coverage-fm-fm_app-object.dir/home/user/work/procrace/cfs_cord/cFS/apps/fm/fsw/src/fm_app.c.o
[ 85%] Built target coverage-fm-fm_app-object
[ 85%] Building C object apps/fm/unit-test/CMakeFiles/coverage-fm-fm_app-testrunner.dir/fm_app_tests.c.o
[ 86%] Linking C executable coverage-fm-fm_app-testrunner
[ 86%] Built target coverage-fm-fm_app-testrunner
[ 86%] Building C object apps/fm/unit-test/CMakeFiles/coverage-fm-fm_cmds-object.dir/home/user/work/procrace/cfs_cord/cFS/apps/fm/fsw/src/fm_cmds.c.o
[ 86%] Built target coverage-fm-fm_cmds-object
[ 86%] Building C object apps/fm/unit-test/CMakeFiles/coverage-fm-fm_cmds-testrunner.dir/fm_cmds_tests.c.o
[ 86%] Linking C executable coverage-fm-fm_cmds-testrunner
[ 86%] Built target coverage-fm-fm_cmds-testrunner
[ 86%] Building C object apps/fm/unit-test/CMakeFiles/coverage-fm-fm_child-object.dir/home/user/work/procrace/cfs_cord/cFS/apps/fm/fsw/src/fm_child.c.o
[ 86%] Built target coverage-fm-fm_child-object
[ 86%] Building C object apps/fm/unit-test/CMakeFiles/coverage-fm-fm_child-testrunner.dir/fm_child_tests.c.o
[ 86%] Linking C executable coverage-fm-fm_child-testrunner
[ 86%] Built target coverage-fm-fm_child-testrunner
[ 86%] Building C object apps/fm/unit-test/CMakeFiles/coverage-fm-fm_table_utils-object.dir/home/user/work/procrace/cfs_cord/cFS/apps/fm/fsw/src/fm_table_utils.c.o
[ 86%] Built target coverage-fm-fm_table_utils-object
[ 86%] Building C object apps/fm/unit-test/CMakeFiles/coverage-fm-fm_table_utils-testrunner.dir/fm_table_utils_tests.c.o
[ 86%] Linking C executable coverage-fm-fm_table_utils-testrunner
[ 86%] Built target coverage-fm-fm_table_utils-testrunner
[ 86%] Building C object apps/fm/unit-test/CMakeFiles/coverage-fm-fm_dispatch-object.dir/home/user/work/procrace/cfs_cord/cFS/apps/fm/fsw/src/fm_dispatch.c.o
[ 86%] Built target coverage-fm-fm_dispatch-object
[ 86%] Building C object apps/fm/unit-test/CMakeFiles/coverage-fm-fm_dispatch-testrunner.dir/fm_dispatch_tests.c.o
[ 86%] Linking C executable coverage-fm-fm_dispatch-testrunner
[ 86%] Built target coverage-fm-fm_dispatch-testrunner
[ 86%] Building C object apps/lc/CMakeFiles/lc.dir/fsw/src/lc_custom.c.o
[ 86%] Building C object apps/lc/CMakeFiles/lc.dir/fsw/src/lc_app.c.o
[ 86%] Building C object apps/lc/CMakeFiles/lc.dir/fsw/src/lc_cmds.c.o
[ 86%] Building C object apps/lc/CMakeFiles/lc.dir/fsw/src/lc_watch.c.o
[ 86%] Building C object apps/lc/CMakeFiles/lc.dir/fsw/src/lc_action.c.o
[ 86%] Building C object apps/lc/CMakeFiles/lc.dir/fsw/src/lc_utils.c.o
[ 86%] Building C object apps/lc/CMakeFiles/lc.dir/fsw/src/lc_dispatch.c.o
[ 86%] Linking C shared module lc.so
[ 86%] Built target lc
[ 86%] Building C object apps/lc/unit-test/CMakeFiles/coverage-lc_internal-stubs.dir/utilities/lc_test_utils.c.o
[ 86%] Building C object apps/lc/unit-test/CMakeFiles/coverage-lc_internal-stubs.dir/stubs/lc_app_stubs.c.o
[ 86%] Building C object apps/lc/unit-test/CMakeFiles/coverage-lc_internal-stubs.dir/stubs/lc_cmds_stubs.c.o
[ 86%] Building C object apps/lc/unit-test/CMakeFiles/coverage-lc_internal-stubs.dir/stubs/lc_action_stubs.c.o
[ 86%] Building C object apps/lc/unit-test/CMakeFiles/coverage-lc_internal-stubs.dir/stubs/lc_custom_stubs.c.o
[ 87%] Building C object apps/lc/unit-test/CMakeFiles/coverage-lc_internal-stubs.dir/stubs/lc_dispatch_stubs.c.o
[ 87%] Building C object apps/lc/unit-test/CMakeFiles/coverage-lc_internal-stubs.dir/stubs/lc_utils_stubs.c.o
[ 87%] Building C object apps/lc/unit-test/CMakeFiles/coverage-lc_internal-stubs.dir/stubs/lc_watch_stubs.c.o
[ 87%] Building C object apps/lc/unit-test/CMakeFiles/coverage-lc_internal-stubs.dir/stubs/lc_global_stubs.c.o
[ 87%] Linking C static library libcoverage-lc_internal-stubs.a
[ 87%] Built target coverage-lc_internal-stubs
[ 87%] Building C object apps/lc/unit-test/CMakeFiles/coverage-lc-lc_custom-object.dir/home/user/work/procrace/cfs_cord/cFS/apps/lc/fsw/src/lc_custom.c.o
[ 87%] Built target coverage-lc-lc_custom-object
[ 87%] Building C object apps/lc/unit-test/CMakeFiles/coverage-lc-lc_custom-testrunner.dir/lc_custom_tests.c.o
[ 87%] Linking C executable coverage-lc-lc_custom-testrunner
[ 87%] Built target coverage-lc-lc_custom-testrunner
[ 87%] Building C object apps/lc/unit-test/CMakeFiles/coverage-lc-lc_app-object.dir/home/user/work/procrace/cfs_cord/cFS/apps/lc/fsw/src/lc_app.c.o
[ 87%] Built target coverage-lc-lc_app-object
[ 87%] Building C object apps/lc/unit-test/CMakeFiles/coverage-lc-lc_app-testrunner.dir/lc_app_tests.c.o
[ 87%] Linking C executable coverage-lc-lc_app-testrunner
[ 87%] Built target coverage-lc-lc_app-testrunner
[ 87%] Building C object apps/lc/unit-test/CMakeFiles/coverage-lc-lc_cmds-object.dir/home/user/work/procrace/cfs_cord/cFS/apps/lc/fsw/src/lc_cmds.c.o
[ 87%] Built target coverage-lc-lc_cmds-object
[ 87%] Building C object apps/lc/unit-test/CMakeFiles/coverage-lc-lc_cmds-testrunner.dir/lc_cmds_tests.c.o
[ 88%] Linking C executable coverage-lc-lc_cmds-testrunner
[ 88%] Built target coverage-lc-lc_cmds-testrunner
[ 88%] Building C object apps/lc/unit-test/CMakeFiles/coverage-lc-lc_watch-object.dir/home/user/work/procrace/cfs_cord/cFS/apps/lc/fsw/src/lc_watch.c.o
[ 88%] Built target coverage-lc-lc_watch-object
[ 88%] Building C object apps/lc/unit-test/CMakeFiles/coverage-lc-lc_watch-testrunner.dir/lc_watch_tests.c.o
[ 88%] Linking C executable coverage-lc-lc_watch-testrunner
[ 88%] Built target coverage-lc-lc_watch-testrunner
[ 88%] Building C object apps/lc/unit-test/CMakeFiles/coverage-lc-lc_action-object.dir/home/user/work/procrace/cfs_cord/cFS/apps/lc/fsw/src/lc_action.c.o
[ 88%] Built target coverage-lc-lc_action-object
[ 88%] Building C object apps/lc/unit-test/CMakeFiles/coverage-lc-lc_action-testrunner.dir/lc_action_tests.c.o
[ 88%] Linking C executable coverage-lc-lc_action-testrunner
[ 88%] Built target coverage-lc-lc_action-testrunner
[ 88%] Building C object apps/lc/unit-test/CMakeFiles/coverage-lc-lc_utils-object.dir/home/user/work/procrace/cfs_cord/cFS/apps/lc/fsw/src/lc_utils.c.o
[ 88%] Built target coverage-lc-lc_utils-object
[ 88%] Building C object apps/lc/unit-test/CMakeFiles/coverage-lc-lc_utils-testrunner.dir/lc_utils_tests.c.o
[ 88%] Linking C executable coverage-lc-lc_utils-testrunner
[ 88%] Built target coverage-lc-lc_utils-testrunner
[ 88%] Building C object apps/lc/unit-test/CMakeFiles/coverage-lc-lc_dispatch-object.dir/home/user/work/procrace/cfs_cord/cFS/apps/lc/fsw/src/lc_dispatch.c.o
[ 88%] Built target coverage-lc-lc_dispatch-object
[ 88%] Building C object apps/lc/unit-test/CMakeFiles/coverage-lc-lc_dispatch-testrunner.dir/lc_dispatch_tests.c.o
[ 88%] Linking C executable coverage-lc-lc_dispatch-testrunner
[ 88%] Built target coverage-lc-lc_dispatch-testrunner
[ 88%] Building C object apps/sc/CMakeFiles/sc.dir/fsw/src/sc_rtsrq.c.o
[ 88%] Building C object apps/sc/CMakeFiles/sc.dir/fsw/src/sc_utils.c.o
[ 88%] Building C object apps/sc/CMakeFiles/sc.dir/fsw/src/sc_app.c.o
[ 88%] Building C object apps/sc/CMakeFiles/sc.dir/fsw/src/sc_atsrq.c.o
[ 88%] Building C object apps/sc/CMakeFiles/sc.dir/fsw/src/sc_state.c.o
[ 88%] Building C object apps/sc/CMakeFiles/sc.dir/fsw/src/sc_loads.c.o
[ 88%] Building C object apps/sc/CMakeFiles/sc.dir/fsw/src/sc_cmds.c.o
[ 89%] Building C object apps/sc/CMakeFiles/sc.dir/fsw/src/sc_dispatch.c.o
[ 89%] Linking C shared module sc.so
[ 89%] Built target sc
[ 89%] Building C object apps/sc/unit-test/CMakeFiles/coverage-sc_internal-stubs.dir/utilities/sc_test_utils.c.o
[ 89%] Building C object apps/sc/unit-test/CMakeFiles/coverage-sc_internal-stubs.dir/stubs/sc_global_stubs.c.o
[ 89%] Building C object apps/sc/unit-test/CMakeFiles/coverage-sc_internal-stubs.dir/stubs/sc_loads_stubs.c.o
[ 89%] Building C object apps/sc/unit-test/CMakeFiles/coverage-sc_internal-stubs.dir/stubs/sc_cmds_stubs.c.o
[ 89%] Building C object apps/sc/unit-test/CMakeFiles/coverage-sc_internal-stubs.dir/stubs/sc_dispatch_stubs.c.o
[ 89%] Building C object apps/sc/unit-test/CMakeFiles/coverage-sc_internal-stubs.dir/stubs/sc_atsrq_stubs.c.o
[ 89%] Building C object apps/sc/unit-test/CMakeFiles/coverage-sc_internal-stubs.dir/stubs/sc_state_stubs.c.o
[ 89%] Building C object apps/sc/unit-test/CMakeFiles/coverage-sc_internal-stubs.dir/stubs/sc_app_stubs.c.o
[ 89%] Building C object apps/sc/unit-test/CMakeFiles/coverage-sc_internal-stubs.dir/stubs/sc_utils_stubs.c.o
[ 89%] Building C object apps/sc/unit-test/CMakeFiles/coverage-sc_internal-stubs.dir/stubs/sc_rtsrq_stubs.c.o
[ 89%] Linking C static library libcoverage-sc_internal-stubs.a
[ 89%] Built target coverage-sc_internal-stubs
[ 89%] Building C object apps/sc/unit-test/CMakeFiles/coverage-sc-sc_rtsrq-object.dir/home/user/work/procrace/cfs_cord/cFS/apps/sc/fsw/src/sc_rtsrq.c.o
[ 89%] Built target coverage-sc-sc_rtsrq-object
[ 89%] Building C object apps/sc/unit-test/CMakeFiles/coverage-sc-sc_rtsrq-testrunner.dir/sc_rtsrq_tests.c.o
[ 89%] Linking C executable coverage-sc-sc_rtsrq-testrunner
[ 89%] Built target coverage-sc-sc_rtsrq-testrunner
[ 89%] Building C object apps/sc/unit-test/CMakeFiles/coverage-sc-sc_utils-object.dir/home/user/work/procrace/cfs_cord/cFS/apps/sc/fsw/src/sc_utils.c.o
[ 89%] Built target coverage-sc-sc_utils-object
[ 91%] Building C object apps/sc/unit-test/CMakeFiles/coverage-sc-sc_utils-testrunner.dir/sc_utils_tests.c.o
[ 91%] Linking C executable coverage-sc-sc_utils-testrunner
[ 91%] Built target coverage-sc-sc_utils-testrunner
[ 91%] Building C object apps/sc/unit-test/CMakeFiles/coverage-sc-sc_app-object.dir/home/user/work/procrace/cfs_cord/cFS/apps/sc/fsw/src/sc_app.c.o
[ 91%] Built target coverage-sc-sc_app-object
[ 91%] Building C object apps/sc/unit-test/CMakeFiles/coverage-sc-sc_app-testrunner.dir/sc_app_tests.c.o
[ 91%] Linking C executable coverage-sc-sc_app-testrunner
[ 91%] Built target coverage-sc-sc_app-testrunner
[ 91%] Building C object apps/sc/unit-test/CMakeFiles/coverage-sc-sc_atsrq-object.dir/home/user/work/procrace/cfs_cord/cFS/apps/sc/fsw/src/sc_atsrq.c.o
[ 91%] Built target coverage-sc-sc_atsrq-object
[ 92%] Building C object apps/sc/unit-test/CMakeFiles/coverage-sc-sc_atsrq-testrunner.dir/sc_atsrq_tests.c.o
[ 92%] Linking C executable coverage-sc-sc_atsrq-testrunner
[ 92%] Built target coverage-sc-sc_atsrq-testrunner
[ 92%] Building C object apps/sc/unit-test/CMakeFiles/coverage-sc-sc_state-object.dir/home/user/work/procrace/cfs_cord/cFS/apps/sc/fsw/src/sc_state.c.o
[ 92%] Built target coverage-sc-sc_state-object
[ 92%] Building C object apps/sc/unit-test/CMakeFiles/coverage-sc-sc_state-testrunner.dir/sc_state_tests.c.o
[ 92%] Linking C executable coverage-sc-sc_state-testrunner
[ 92%] Built target coverage-sc-sc_state-testrunner
[ 92%] Building C object apps/sc/unit-test/CMakeFiles/coverage-sc-sc_loads-object.dir/home/user/work/procrace/cfs_cord/cFS/apps/sc/fsw/src/sc_loads.c.o
[ 92%] Built target coverage-sc-sc_loads-object
[ 92%] Building C object apps/sc/unit-test/CMakeFiles/coverage-sc-sc_loads-testrunner.dir/sc_loads_tests.c.o
[ 92%] Linking C executable coverage-sc-sc_loads-testrunner
[ 92%] Built target coverage-sc-sc_loads-testrunner
[ 92%] Building C object apps/sc/unit-test/CMakeFiles/coverage-sc-sc_cmds-object.dir/home/user/work/procrace/cfs_cord/cFS/apps/sc/fsw/src/sc_cmds.c.o
[ 92%] Built target coverage-sc-sc_cmds-object
[ 92%] Building C object apps/sc/unit-test/CMakeFiles/coverage-sc-sc_cmds-testrunner.dir/sc_cmds_tests.c.o
[ 92%] Linking C executable coverage-sc-sc_cmds-testrunner
[ 92%] Built target coverage-sc-sc_cmds-testrunner
[ 92%] Building C object apps/sc/unit-test/CMakeFiles/coverage-sc-sc_dispatch-object.dir/home/user/work/procrace/cfs_cord/cFS/apps/sc/fsw/src/sc_dispatch.c.o
[ 92%] Built target coverage-sc-sc_dispatch-object
[ 92%] Building C object apps/sc/unit-test/CMakeFiles/coverage-sc-sc_dispatch-testrunner.dir/sc_dispatch_tests.c.o
[ 92%] Linking C executable coverage-sc-sc_dispatch-testrunner
[ 92%] Built target coverage-sc-sc_dispatch-testrunner
[ 92%] Building C object apps/ds/CMakeFiles/ds.dir/fsw/src/ds_table.c.o
[ 92%] Building C object apps/ds/CMakeFiles/ds.dir/fsw/src/ds_cmds.c.o
[ 93%] Building C object apps/ds/CMakeFiles/ds.dir/fsw/src/ds_app.c.o
[ 93%] Building C object apps/ds/CMakeFiles/ds.dir/fsw/src/ds_file.c.o
[ 93%] Building C object apps/ds/CMakeFiles/ds.dir/fsw/src/ds_dispatch.c.o
[ 93%] Linking C shared module ds.so
[ 93%] Built target ds
[ 93%] Building C object apps/ds/unit-test/CMakeFiles/coverage-ds_internal-stubs.dir/utilities/ds_test_utils.c.o
[ 93%] Building C object apps/ds/unit-test/CMakeFiles/coverage-ds_internal-stubs.dir/stubs/ds_app_stubs.c.o
[ 93%] Building C object apps/ds/unit-test/CMakeFiles/coverage-ds_internal-stubs.dir/stubs/ds_cmds_stubs.c.o
[ 93%] Building C object apps/ds/unit-test/CMakeFiles/coverage-ds_internal-stubs.dir/stubs/ds_dispatch_stubs.c.o
[ 93%] Building C object apps/ds/unit-test/CMakeFiles/coverage-ds_internal-stubs.dir/stubs/ds_file_stubs.c.o
[ 93%] Building C object apps/ds/unit-test/CMakeFiles/coverage-ds_internal-stubs.dir/stubs/ds_global_stubs.c.o
[ 93%] Building C object apps/ds/unit-test/CMakeFiles/coverage-ds_internal-stubs.dir/stubs/ds_table_stubs.c.o
[ 93%] Building C object apps/ds/unit-test/CMakeFiles/coverage-ds_internal-stubs.dir/stubs/stub_libc_stdio.c.o
[ 94%] Linking C static library libcoverage-ds_internal-stubs.a
[ 94%] Built target coverage-ds_internal-stubs
[ 94%] Building C object apps/ds/unit-test/CMakeFiles/coverage-ds-ds_table-object.dir/home/user/work/procrace/cfs_cord/cFS/apps/ds/fsw/src/ds_table.c.o
[ 94%] Built target coverage-ds-ds_table-object
[ 94%] Building C object apps/ds/unit-test/CMakeFiles/coverage-ds-ds_table-testrunner.dir/ds_table_tests.c.o
[ 94%] Linking C executable coverage-ds-ds_table-testrunner
[ 94%] Built target coverage-ds-ds_table-testrunner
[ 94%] Building C object apps/ds/unit-test/CMakeFiles/coverage-ds-ds_cmds-object.dir/home/user/work/procrace/cfs_cord/cFS/apps/ds/fsw/src/ds_cmds.c.o
[ 94%] Built target coverage-ds-ds_cmds-object
[ 94%] Building C object apps/ds/unit-test/CMakeFiles/coverage-ds-ds_cmds-testrunner.dir/ds_cmds_tests.c.o
[ 95%] Linking C executable coverage-ds-ds_cmds-testrunner
[ 95%] Built target coverage-ds-ds_cmds-testrunner
[ 95%] Building C object apps/ds/unit-test/CMakeFiles/coverage-ds-ds_app-object.dir/home/user/work/procrace/cfs_cord/cFS/apps/ds/fsw/src/ds_app.c.o
[ 95%] Built target coverage-ds-ds_app-object
[ 95%] Building C object apps/ds/unit-test/CMakeFiles/coverage-ds-ds_app-testrunner.dir/ds_app_tests.c.o
[ 95%] Linking C executable coverage-ds-ds_app-testrunner
[ 95%] Built target coverage-ds-ds_app-testrunner
[ 95%] Building C object apps/ds/unit-test/CMakeFiles/coverage-ds-ds_file-object.dir/home/user/work/procrace/cfs_cord/cFS/apps/ds/fsw/src/ds_file.c.o
[ 95%] Built target coverage-ds-ds_file-object
[ 95%] Building C object apps/ds/unit-test/CMakeFiles/coverage-ds-ds_file-testrunner.dir/ds_file_tests.c.o
[ 95%] Linking C executable coverage-ds-ds_file-testrunner
[ 95%] Built target coverage-ds-ds_file-testrunner
[ 95%] Building C object apps/ds/unit-test/CMakeFiles/coverage-ds-ds_dispatch-object.dir/home/user/work/procrace/cfs_cord/cFS/apps/ds/fsw/src/ds_dispatch.c.o
[ 95%] Built target coverage-ds-ds_dispatch-object
[ 95%] Building C object apps/ds/unit-test/CMakeFiles/coverage-ds-ds_dispatch-testrunner.dir/ds_dispatch_tests.c.o
[ 95%] Linking C executable coverage-ds-ds_dispatch-testrunner
[ 95%] Built target coverage-ds-ds_dispatch-testrunner
[ 95%] Building C object apps/hk/CMakeFiles/hk.dir/fsw/src/hk_app.c.o
[ 95%] Building C object apps/hk/CMakeFiles/hk.dir/fsw/src/hk_cmds.c.o
[ 95%] Building C object apps/hk/CMakeFiles/hk.dir/fsw/src/hk_utils.c.o
[ 95%] Building C object apps/hk/CMakeFiles/hk.dir/fsw/src/hk_dispatch.c.o
[ 95%] Linking C shared module hk.so
[ 95%] Built target hk
[ 95%] Building C object apps/hk/unit-test/CMakeFiles/coverage-hk_internal-stubs.dir/utilities/hk_test_utils.c.o
[ 95%] Building C object apps/hk/unit-test/CMakeFiles/coverage-hk_internal-stubs.dir/stubs/hk_global_stubs.c.o
[ 95%] Building C object apps/hk/unit-test/CMakeFiles/coverage-hk_internal-stubs.dir/stubs/hk_utils_stubs.c.o
[ 95%] Building C object apps/hk/unit-test/CMakeFiles/coverage-hk_internal-stubs.dir/stubs/hk_app_stubs.c.o
[ 95%] Building C object apps/hk/unit-test/CMakeFiles/coverage-hk_internal-stubs.dir/stubs/hk_dispatch_stubs.c.o
[ 95%] Building C object apps/hk/unit-test/CMakeFiles/coverage-hk_internal-stubs.dir/stubs/hk_cmds_stubs.c.o
[ 95%] Linking C static library libcoverage-hk_internal-stubs.a
[ 95%] Built target coverage-hk_internal-stubs
[ 95%] Building C object apps/hk/unit-test/CMakeFiles/coverage-hk-hk_app-object.dir/home/user/work/procrace/cfs_cord/cFS/apps/hk/fsw/src/hk_app.c.o
[ 95%] Built target coverage-hk-hk_app-object
[ 95%] Building C object apps/hk/unit-test/CMakeFiles/coverage-hk-hk_app-testrunner.dir/hk_app_tests.c.o
[ 95%] Linking C executable coverage-hk-hk_app-testrunner
[ 95%] Built target coverage-hk-hk_app-testrunner
[ 95%] Building C object apps/hk/unit-test/CMakeFiles/coverage-hk-hk_cmds-object.dir/home/user/work/procrace/cfs_cord/cFS/apps/hk/fsw/src/hk_cmds.c.o
[ 95%] Built target coverage-hk-hk_cmds-object
[ 96%] Building C object apps/hk/unit-test/CMakeFiles/coverage-hk-hk_cmds-testrunner.dir/hk_cmds_tests.c.o
[ 96%] Linking C executable coverage-hk-hk_cmds-testrunner
[ 96%] Built target coverage-hk-hk_cmds-testrunner
[ 96%] Building C object apps/hk/unit-test/CMakeFiles/coverage-hk-hk_utils-object.dir/home/user/work/procrace/cfs_cord/cFS/apps/hk/fsw/src/hk_utils.c.o
[ 96%] Built target coverage-hk-hk_utils-object
[ 96%] Building C object apps/hk/unit-test/CMakeFiles/coverage-hk-hk_utils-testrunner.dir/hk_utils_tests.c.o
[ 96%] Linking C executable coverage-hk-hk_utils-testrunner
[ 96%] Built target coverage-hk-hk_utils-testrunner
[ 96%] Building C object apps/hk/unit-test/CMakeFiles/coverage-hk-hk_dispatch-object.dir/home/user/work/procrace/cfs_cord/cFS/apps/hk/fsw/src/hk_dispatch.c.o
[ 96%] Built target coverage-hk-hk_dispatch-object
[ 96%] Building C object apps/hk/unit-test/CMakeFiles/coverage-hk-hk_dispatch-testrunner.dir/hk_dispatch_tests.c.o
[ 96%] Linking C executable coverage-hk-hk_dispatch-testrunner
[ 96%] Built target coverage-hk-hk_dispatch-testrunner
[ 96%] Building C object apps/sbn/CMakeFiles/sbn.dir/fsw/src/sbn_app.c.o
[ 96%] Building C object apps/sbn/CMakeFiles/sbn.dir/fsw/src/sbn_cmds.c.o
[ 96%] Building C object apps/sbn/CMakeFiles/sbn.dir/fsw/src/sbn_pack.c.o
[ 96%] Building C object apps/sbn/CMakeFiles/sbn.dir/fsw/src/sbn_subs.c.o
[ 96%] Linking C shared module sbn.so
[ 96%] Built target sbn
[ 96%] Building C object apps/sbn/ut-stubs/CMakeFiles/ut_sbn_stubs.dir/sbn_stubs.c.o
[ 96%] Linking C static library libut_sbn_stubs.a
[ 96%] Built target ut_sbn_stubs
[ 96%] Building C object apps/sbn/unit-test/CMakeFiles/ut_sbn-sbn_app_object.dir/home/user/work/procrace/cfs_cord/cFS/apps/sbn/fsw/src/sbn_app.c.o
[ 96%] Building C object apps/sbn/unit-test/CMakeFiles/ut_sbn-sbn_app_object.dir/home/user/work/procrace/cfs_cord/cFS/apps/sbn/fsw/src/sbn_cmds.c.o
[ 96%] Building C object apps/sbn/unit-test/CMakeFiles/ut_sbn-sbn_app_object.dir/home/user/work/procrace/cfs_cord/cFS/apps/sbn/fsw/src/sbn_subs.c.o
[ 96%] Building C object apps/sbn/unit-test/CMakeFiles/ut_sbn-sbn_app_object.dir/home/user/work/procrace/cfs_cord/cFS/apps/sbn/fsw/src/sbn_pack.c.o
[ 96%] Built target ut_sbn-sbn_app_object
[ 97%] Building C object apps/sbn/unit-test/CMakeFiles/sbn-sbn_app-testrunner.dir/coveragetest/coveragetest_sbn_app.c.o
[ 97%] Building C object apps/sbn/unit-test/CMakeFiles/sbn-sbn_app-testrunner.dir/coveragetest/sbn_coveragetest_common.c.o
[ 97%] Linking C executable sbn-sbn_app-testrunner
[ 97%] Built target sbn-sbn_app-testrunner
[ 97%] Building C object apps/sbn/unit-test/CMakeFiles/ut_sbn-sbn_subs_object.dir/home/user/work/procrace/cfs_cord/cFS/apps/sbn/fsw/src/sbn_app.c.o
[ 97%] Building C object apps/sbn/unit-test/CMakeFiles/ut_sbn-sbn_subs_object.dir/home/user/work/procrace/cfs_cord/cFS/apps/sbn/fsw/src/sbn_cmds.c.o
[ 97%] Building C object apps/sbn/unit-test/CMakeFiles/ut_sbn-sbn_subs_object.dir/home/user/work/procrace/cfs_cord/cFS/apps/sbn/fsw/src/sbn_subs.c.o
[ 97%] Building C object apps/sbn/unit-test/CMakeFiles/ut_sbn-sbn_subs_object.dir/home/user/work/procrace/cfs_cord/cFS/apps/sbn/fsw/src/sbn_pack.c.o
[ 97%] Built target ut_sbn-sbn_subs_object
[ 97%] Building C object apps/sbn/unit-test/CMakeFiles/sbn-sbn_subs-testrunner.dir/coveragetest/coveragetest_sbn_subs.c.o
[ 97%] Building C object apps/sbn/unit-test/CMakeFiles/sbn-sbn_subs-testrunner.dir/coveragetest/sbn_coveragetest_common.c.o
[ 97%] Linking C executable sbn-sbn_subs-testrunner
[ 97%] Built target sbn-sbn_subs-testrunner
[ 97%] Building C object apps/sbn/unit-test/CMakeFiles/ut_sbn-sbn_pack_object.dir/home/user/work/procrace/cfs_cord/cFS/apps/sbn/fsw/src/sbn_app.c.o
[ 97%] Building C object apps/sbn/unit-test/CMakeFiles/ut_sbn-sbn_pack_object.dir/home/user/work/procrace/cfs_cord/cFS/apps/sbn/fsw/src/sbn_cmds.c.o
[ 97%] Building C object apps/sbn/unit-test/CMakeFiles/ut_sbn-sbn_pack_object.dir/home/user/work/procrace/cfs_cord/cFS/apps/sbn/fsw/src/sbn_subs.c.o
[ 97%] Building C object apps/sbn/unit-test/CMakeFiles/ut_sbn-sbn_pack_object.dir/home/user/work/procrace/cfs_cord/cFS/apps/sbn/fsw/src/sbn_pack.c.o
[ 97%] Built target ut_sbn-sbn_pack_object
[ 97%] Building C object apps/sbn/unit-test/CMakeFiles/sbn-sbn_pack-testrunner.dir/coveragetest/coveragetest_sbn_pack.c.o
[ 97%] Building C object apps/sbn/unit-test/CMakeFiles/sbn-sbn_pack-testrunner.dir/coveragetest/sbn_coveragetest_common.c.o
[ 97%] Linking C executable sbn-sbn_pack-testrunner
[ 97%] Built target sbn-sbn_pack-testrunner
[ 97%] Building C object apps/sbn/unit-test/CMakeFiles/ut_sbn-sbn_cmds_object.dir/home/user/work/procrace/cfs_cord/cFS/apps/sbn/fsw/src/sbn_app.c.o
[ 97%] Building C object apps/sbn/unit-test/CMakeFiles/ut_sbn-sbn_cmds_object.dir/home/user/work/procrace/cfs_cord/cFS/apps/sbn/fsw/src/sbn_cmds.c.o
[ 97%] Building C object apps/sbn/unit-test/CMakeFiles/ut_sbn-sbn_cmds_object.dir/home/user/work/procrace/cfs_cord/cFS/apps/sbn/fsw/src/sbn_subs.c.o
[ 98%] Building C object apps/sbn/unit-test/CMakeFiles/ut_sbn-sbn_cmds_object.dir/home/user/work/procrace/cfs_cord/cFS/apps/sbn/fsw/src/sbn_pack.c.o
[ 98%] Built target ut_sbn-sbn_cmds_object
[ 98%] Building C object apps/sbn/unit-test/CMakeFiles/sbn-sbn_cmds-testrunner.dir/coveragetest/coveragetest_sbn_cmds.c.o
[ 98%] Building C object apps/sbn/unit-test/CMakeFiles/sbn-sbn_cmds-testrunner.dir/coveragetest/sbn_coveragetest_common.c.o
[ 98%] Linking C executable sbn-sbn_cmds-testrunner
[ 98%] Built target sbn-sbn_cmds-testrunner
[ 98%] Building C object apps/sbn_udp/CMakeFiles/sbn_udp.dir/fsw/src/sbn_udp_if.c.o
[ 98%] Linking C shared module sbn_udp.so
[ 98%] Built target sbn_udp
[ 98%] Building C object apps/sbn_udp/unit-test/CMakeFiles/ut_sbn_udp-sbn_udp_if_object.dir/home/user/work/procrace/cfs_cord/cFS/apps/sbn_udp/fsw/src/sbn_udp_if.c.o
[ 98%] Built target ut_sbn_udp-sbn_udp_if_object
[ 98%] Building C object apps/sbn_udp/unit-test/CMakeFiles/sbn_udp-sbn_udp_if-testrunner.dir/coveragetest/coveragetest_sbn_udp_if.c.o
[ 98%] Linking C executable sbn_udp-sbn_udp_if-testrunner
[ 98%] Built target sbn_udp-sbn_udp_if-testrunner
[ 98%] Building C object apps/sbn_f_remap/CMakeFiles/sbn_f_remap.dir/fsw/src/sbn_f_remap.c.o
[ 98%] Linking C shared module sbn_f_remap.so
[ 98%] Built target sbn_f_remap
[ 98%] Generating cfe_module_version_table.c
[ 98%] Generating cfe_build_env_table.c
[ 98%] Building C object cpu1/CMakeFiles/core-cpu1.dir/home/user/work/procrace/cfs_cord/cFS/build-native_std/src/cfe_mission_strings.c.o
[ 98%] Building C object cpu1/CMakeFiles/core-cpu1.dir/cfe_module_version_table.c.o
[ 98%] Building C object cpu1/CMakeFiles/core-cpu1.dir/cfe_build_env_table.c.o
[ 98%] Building C object cpu1/CMakeFiles/core-cpu1.dir/cfe_psp_module_list.c.o
[ 98%] Building C object cpu1/CMakeFiles/core-cpu1.dir/cfe_static_symbol_list.c.o
[ 98%] Building C object cpu1/CMakeFiles/core-cpu1.dir/cfe_static_module_list.c.o
[100%] Building C object cpu1/CMakeFiles/core-cpu1.dir/src/target_config.c.o
[100%] Linking C executable core-cpu1
[100%] Built target core-cpu1
Install the project...
-- Install configuration: "debug"
-- Installing: /home/user/work/procrace/cfs_cord/cFS/build-native_std/exe/cpu1/container-start
-- Installing: /home/user/work/procrace/cfs_cord/cFS/build-native_std/exe/cpu1/coverage-vxworks-binsem-testrunner
-- Installing: /home/user/work/procrace/cfs_cord/cFS/build-native_std/exe/cpu1/coverage-vxworks-common-testrunner
-- Installing: /home/user/work/procrace/cfs_cord/cFS/build-native_std/exe/cpu1/coverage-vxworks-console-testrunner
-- Installing: /home/user/work/procrace/cfs_cord/cFS/build-native_std/exe/cpu1/coverage-vxworks-countsem-testrunner
-- Installing: /home/user/work/procrace/cfs_cord/cFS/build-native_std/exe/cpu1/coverage-vxworks-dirs-globals-testrunner
-- Installing: /home/user/work/procrace/cfs_cord/cFS/build-native_std/exe/cpu1/coverage-vxworks-files-testrunner
-- Installing: /home/user/work/procrace/cfs_cord/cFS/build-native_std/exe/cpu1/coverage-vxworks-filesys-testrunner
-- Installing: /home/user/work/procrace/cfs_cord/cFS/build-native_std/exe/cpu1/coverage-vxworks-idmap-testrunner
-- Installing: /home/user/work/procrace/cfs_cord/cFS/build-native_std/exe/cpu1/coverage-vxworks-heap-testrunner
-- Installing: /home/user/work/procrace/cfs_cord/cFS/build-native_std/exe/cpu1/coverage-vxworks-loader-testrunner
-- Installing: /home/user/work/procrace/cfs_cord/cFS/build-native_std/exe/cpu1/coverage-vxworks-mutex-testrunner
-- Installing: /home/user/work/procrace/cfs_cord/cFS/build-native_std/exe/cpu1/coverage-vxworks-network-testrunner
-- Installing: /home/user/work/procrace/cfs_cord/cFS/build-native_std/exe/cpu1/coverage-vxworks-queues-testrunner
-- Installing: /home/user/work/procrace/cfs_cord/cFS/build-native_std/exe/cpu1/coverage-vxworks-shell-testrunner
-- Installing: /home/user/work/procrace/cfs_cord/cFS/build-native_std/exe/cpu1/coverage-vxworks-sockets-testrunner
-- Installing: /home/user/work/procrace/cfs_cord/cFS/build-native_std/exe/cpu1/coverage-vxworks-symtab-testrunner
-- Installing: /home/user/work/procrace/cfs_cord/cFS/build-native_std/exe/cpu1/coverage-vxworks-tasks-testrunner
-- Installing: /home/user/work/procrace/cfs_cord/cFS/build-native_std/exe/cpu1/coverage-vxworks-timebase-testrunner
-- Installing: /home/user/work/procrace/cfs_cord/cFS/build-native_std/exe/cpu1/coverage-vxworks-posix-gettime-testrunner
-- Installing: /home/user/work/procrace/cfs_cord/cFS/build-native_std/exe/cpu1/coverage-vxworks-posix-io-testrunner
-- Installing: /home/user/work/procrace/cfs_cord/cFS/build-native_std/exe/cpu1/coverage-vxworks-posix-files-testrunner
-- Installing: /home/user/work/procrace/cfs_cord/cFS/build-native_std/exe/cpu1/coverage-vxworks-posix-file-allocate-testrunner
-- Installing: /home/user/work/procrace/cfs_cord/cFS/build-native_std/exe/cpu1/coverage-vxworks-posix-dirs-testrunner
-- Installing: /home/user/work/procrace/cfs_cord/cFS/build-native_std/exe/cpu1/coverage-vxworks-console-bsp-testrunner
-- Installing: /home/user/work/procrace/cfs_cord/cFS/build-native_std/exe/cpu1/coverage-vxworks-bsd-select-testrunner
-- Installing: /home/user/work/procrace/cfs_cord/cFS/build-native_std/exe/cpu1/coverage-vxworks-bsd-sockets-testrunner
-- Installing: /home/user/work/procrace/cfs_cord/cFS/build-native_std/exe/cpu1/coverage-vxworks-bsd-sockets-dns-testrunner
-- Installing: /home/user/work/procrace/cfs_cord/cFS/build-native_std/exe/cpu1/coverage-vxworks-bsd-sockets-no-dns-testrunner
-- Installing: /home/user/work/procrace/cfs_cord/cFS/build-native_std/exe/cpu1/coverage-vxworks-no-loader-testrunner
-- Installing: /home/user/work/procrace/cfs_cord/cFS/build-native_std/exe/cpu1/coverage-vxworks-no-shell-testrunner
-- Installing: /home/user/work/procrace/cfs_cord/cFS/build-native_std/exe/cpu1/coverage-vxworks-no-symtab-testrunner
-- Installing: /home/user/work/procrace/cfs_cord/cFS/build-native_std/exe/cpu1/coverage-vxworks-no-network-gethostname-testrunner
-- Installing: /home/user/work/procrace/cfs_cord/cFS/build-native_std/exe/cpu1/coverage-vxworks-no-network-gethostid-testrunner
-- Installing: /home/user/work/procrace/cfs_cord/cFS/build-native_std/exe/cpu1/coverage-vxworks-no-sockets-testrunner
-- Installing: /home/user/work/procrace/cfs_cord/cFS/build-native_std/exe/cpu1/coverage-vxworks-no-condvar-testrunner
-- Installing: /home/user/work/procrace/cfs_cord/cFS/build-native_std/exe/cpu1/coverage-vxworks-no-file-allocate-testrunner
-- Installing: /home/user/work/procrace/cfs_cord/cFS/build-native_std/exe/cpu1/coverage-shared-binsem-testrunner
-- Installing: /home/user/work/procrace/cfs_cord/cFS/build-native_std/exe/cpu1/coverage-shared-clock-testrunner
-- Installing: /home/user/work/procrace/cfs_cord/cFS/build-native_std/exe/cpu1/coverage-shared-common-testrunner
-- Installing: /home/user/work/procrace/cfs_cord/cFS/build-native_std/exe/cpu1/coverage-shared-condvar-testrunner
-- Installing: /home/user/work/procrace/cfs_cord/cFS/build-native_std/exe/cpu1/coverage-shared-countsem-testrunner
-- Installing: /home/user/work/procrace/cfs_cord/cFS/build-native_std/exe/cpu1/coverage-shared-dir-testrunner
-- Installing: /home/user/work/procrace/cfs_cord/cFS/build-native_std/exe/cpu1/coverage-shared-errors-testrunner
-- Installing: /home/user/work/procrace/cfs_cord/cFS/build-native_std/exe/cpu1/coverage-shared-file-testrunner
-- Installing: /home/user/work/procrace/cfs_cord/cFS/build-native_std/exe/cpu1/coverage-shared-filesys-testrunner
-- Installing: /home/user/work/procrace/cfs_cord/cFS/build-native_std/exe/cpu1/coverage-shared-heap-testrunner
-- Installing: /home/user/work/procrace/cfs_cord/cFS/build-native_std/exe/cpu1/coverage-shared-idmap-testrunner
-- Installing: /home/user/work/procrace/cfs_cord/cFS/build-native_std/exe/cpu1/coverage-shared-module-testrunner
-- Installing: /home/user/work/procrace/cfs_cord/cFS/build-native_std/exe/cpu1/coverage-shared-mutex-testrunner
-- Installing: /home/user/work/procrace/cfs_cord/cFS/build-native_std/exe/cpu1/coverage-shared-network-testrunner
-- Installing: /home/user/work/procrace/cfs_cord/cFS/build-native_std/exe/cpu1/coverage-shared-printf-testrunner
-- Installing: /home/user/work/procrace/cfs_cord/cFS/build-native_std/exe/cpu1/coverage-shared-queue-testrunner
-- Installing: /home/user/work/procrace/cfs_cord/cFS/build-native_std/exe/cpu1/coverage-shared-rwlock-testrunner
-- Installing: /home/user/work/procrace/cfs_cord/cFS/build-native_std/exe/cpu1/coverage-shared-select-testrunner
-- Installing: /home/user/work/procrace/cfs_cord/cFS/build-native_std/exe/cpu1/coverage-shared-sockets-testrunner
-- Installing: /home/user/work/procrace/cfs_cord/cFS/build-native_std/exe/cpu1/coverage-shared-task-testrunner
-- Installing: /home/user/work/procrace/cfs_cord/cFS/build-native_std/exe/cpu1/coverage-shared-timebase-testrunner
-- Installing: /home/user/work/procrace/cfs_cord/cFS/build-native_std/exe/cpu1/coverage-shared-time-testrunner
-- Installing: /home/user/work/procrace/cfs_cord/cFS/build-native_std/exe/cpu1/coverage-shared-version-testrunner
-- Installing: /home/user/work/procrace/cfs_cord/cFS/build-native_std/exe/cpu1/bin-sem-test
-- Installing: /home/user/work/procrace/cfs_cord/cFS/build-native_std/exe/cpu1/bin-sem-timeout-test
-- Installing: /home/user/work/procrace/cfs_cord/cFS/build-native_std/exe/cpu1/condvar-test
-- Installing: /home/user/work/procrace/cfs_cord/cFS/build-native_std/exe/cpu1/count-sem-test
-- Installing: /home/user/work/procrace/cfs_cord/cFS/build-native_std/exe/cpu1/count-sem-timeout-test
-- Installing: /home/user/work/procrace/cfs_cord/cFS/build-native_std/exe/cpu1/file-api-test
-- Installing: /home/user/work/procrace/cfs_cord/cFS/build-native_std/exe/cpu1/file-sys-add-fixed-map-api-test
-- Installing: /home/user/work/procrace/cfs_cord/cFS/build-native_std/exe/cpu1/idmap-api-test
-- Installing: /home/user/work/procrace/cfs_cord/cFS/build-native_std/exe/cpu1/mutex-test
-- Installing: /home/user/work/procrace/cfs_cord/cFS/build-native_std/exe/cpu1/network-api-test
-- Installing: /home/user/work/procrace/cfs_cord/cFS/build-native_std/exe/cpu1/osal-core-test
-- Installing: /home/user/work/procrace/cfs_cord/cFS/build-native_std/exe/cpu1/queue-test
-- Installing: /home/user/work/procrace/cfs_cord/cFS/build-native_std/exe/cpu1/rwlock-test
-- Installing: /home/user/work/procrace/cfs_cord/cFS/build-native_std/exe/cpu1/select-test
-- Installing: /home/user/work/procrace/cfs_cord/cFS/build-native_std/exe/cpu1/sem-speed-test
-- Installing: /home/user/work/procrace/cfs_cord/cFS/build-native_std/exe/cpu1/shell-test
-- Installing: /home/user/work/procrace/cfs_cord/cFS/build-native_std/exe/cpu1/symbol-api-test
-- Installing: /home/user/work/procrace/cfs_cord/cFS/build-native_std/exe/cpu1/time-base-api-test
-- Installing: /home/user/work/procrace/cfs_cord/cFS/build-native_std/exe/cpu1/timer-add-api-test
-- Installing: /home/user/work/procrace/cfs_cord/cFS/build-native_std/exe/cpu1/timer-test
-- Installing: /home/user/work/procrace/cfs_cord/cFS/build-native_std/exe/cpu1/osal_core_UT
-- Installing: /home/user/work/procrace/cfs_cord/cFS/build-native_std/exe/cpu1/osal_loader_UT
-- Installing: /home/user/work/procrace/cfs_cord/cFS/build-native_std/exe/cpu1/utmod/MODULE20.so
-- Installing: /home/user/work/procrace/cfs_cord/cFS/build-native_std/exe/cpu1/utmod/MODULE19.so
-- Installing: /home/user/work/procrace/cfs_cord/cFS/build-native_std/exe/cpu1/utmod/MODULE18.so
-- Installing: /home/user/work/procrace/cfs_cord/cFS/build-native_std/exe/cpu1/utmod/MODULE17.so
-- Installing: /home/user/work/procrace/cfs_cord/cFS/build-native_std/exe/cpu1/utmod/MODULE16.so
-- Installing: /home/user/work/procrace/cfs_cord/cFS/build-native_std/exe/cpu1/utmod/MODULE15.so
-- Installing: /home/user/work/procrace/cfs_cord/cFS/build-native_std/exe/cpu1/utmod/MODULE14.so
-- Installing: /home/user/work/procrace/cfs_cord/cFS/build-native_std/exe/cpu1/utmod/MODULE13.so
-- Installing: /home/user/work/procrace/cfs_cord/cFS/build-native_std/exe/cpu1/utmod/MODULE12.so
-- Installing: /home/user/work/procrace/cfs_cord/cFS/build-native_std/exe/cpu1/utmod/MODULE11.so
-- Installing: /home/user/work/procrace/cfs_cord/cFS/build-native_std/exe/cpu1/utmod/MODULE10.so
-- Installing: /home/user/work/procrace/cfs_cord/cFS/build-native_std/exe/cpu1/utmod/MODULE9.so
-- Installing: /home/user/work/procrace/cfs_cord/cFS/build-native_std/exe/cpu1/utmod/MODULE8.so
-- Installing: /home/user/work/procrace/cfs_cord/cFS/build-native_std/exe/cpu1/utmod/MODULE7.so
-- Installing: /home/user/work/procrace/cfs_cord/cFS/build-native_std/exe/cpu1/utmod/MODULE6.so
-- Installing: /home/user/work/procrace/cfs_cord/cFS/build-native_std/exe/cpu1/utmod/MODULE5.so
-- Installing: /home/user/work/procrace/cfs_cord/cFS/build-native_std/exe/cpu1/utmod/MODULE4.so
-- Installing: /home/user/work/procrace/cfs_cord/cFS/build-native_std/exe/cpu1/utmod/MODULE3.so
-- Installing: /home/user/work/procrace/cfs_cord/cFS/build-native_std/exe/cpu1/utmod/MODULE2.so
-- Installing: /home/user/work/procrace/cfs_cord/cFS/build-native_std/exe/cpu1/utmod/MODULE1.so
-- Installing: /home/user/work/procrace/cfs_cord/cFS/build-native_std/exe/cpu1/utmod/MODULE0.so
-- Installing: /home/user/work/procrace/cfs_cord/cFS/build-native_std/exe/cpu1/osal_filesys_UT
-- Installing: /home/user/work/procrace/cfs_cord/cFS/build-native_std/exe/cpu1/osal_file_UT
-- Installing: /home/user/work/procrace/cfs_cord/cFS/build-native_std/exe/cpu1/osal_network_UT
-- Installing: /home/user/work/procrace/cfs_cord/cFS/build-native_std/exe/cpu1/osal_timer_UT
-- Installing: /home/user/work/procrace/cfs_cord/cFS/build-native_std/exe/cpu1/coverage-config-ALL-testrunner
-- Installing: /home/user/work/procrace/cfs_cord/cFS/build-native_std/exe/cpu1/coverage-es-ALL-testrunner
-- Installing: /home/user/work/procrace/cfs_cord/cFS/build-native_std/exe/cpu1/coverage-evs-ALL-testrunner
-- Installing: /home/user/work/procrace/cfs_cord/cFS/build-native_std/exe/cpu1/coverage-fs-ALL-testrunner
-- Installing: /home/user/work/procrace/cfs_cord/cFS/build-native_std/exe/cpu1/coverage-sb-ALL-testrunner
-- Installing: /home/user/work/procrace/cfs_cord/cFS/build-native_std/exe/cpu1/coverage-tbl-ALL-testrunner
-- Installing: /home/user/work/procrace/cfs_cord/cFS/build-native_std/exe/cpu1/coverage-time-ALL-testrunner
-- Installing: /home/user/work/procrace/cfs_cord/cFS/build-native_std/exe/cpu1/coverage-pspmod-timebase_vxworks-testrunner
-- Installing: /home/user/work/procrace/cfs_cord/cFS/build-native_std/exe/cpu1/coverage-pspmod-vxworks_sysmon-testrunner
-- Installing: /home/user/work/procrace/cfs_cord/cFS/build-native_std/exe/cpu1/coverage-pspmod-ram_notimpl-testrunner
-- Installing: /home/user/work/procrace/cfs_cord/cFS/build-native_std/exe/cpu1/coverage-pspmod-ram_direct-testrunner
-- Installing: /home/user/work/procrace/cfs_cord/cFS/build-native_std/exe/cpu1/coverage-pspmod-port_notimpl-testrunner
-- Installing: /home/user/work/procrace/cfs_cord/cFS/build-native_std/exe/cpu1/coverage-pspmod-port_direct-testrunner
-- Installing: /home/user/work/procrace/cfs_cord/cFS/build-native_std/exe/cpu1/coverage-pspmod-eeprom_notimpl-testrunner
-- Installing: /home/user/work/procrace/cfs_cord/cFS/build-native_std/exe/cpu1/coverage-pspmod-eeprom_mmap_file-testrunner
-- Installing: /home/user/work/procrace/cfs_cord/cFS/build-native_std/exe/cpu1/coverage-pspmod-eeprom_direct-testrunner
-- Installing: /home/user/work/procrace/cfs_cord/cFS/build-native_std/exe/cpu1/coverage-pspmod-iodriver-testrunner
-- Installing: /home/user/work/procrace/cfs_cord/cFS/build-native_std/exe/cpu1/coverage-pspmod-soft_timebase-testrunner
-- Installing: /home/user/work/procrace/cfs_cord/cFS/build-native_std/exe/cpu1/coverage-pspmod-network_pc686_rtems-testrunner
-- Installing: /home/user/work/procrace/cfs_cord/cFS/build-native_std/exe/cpu1/coverage-pspmod-endian_api-testrunner
-- Installing: /home/user/work/procrace/cfs_cord/cFS/build-native_std/exe/cpu1/coverage-ut-mcp750-vxworks-testrunner
-- Installing: /home/user/work/procrace/cfs_cord/cFS/build-native_std/exe/cpu1/coverage-ut-pc-rtems-testrunner
-- Installing: /home/user/work/procrace/cfs_cord/cFS/build-native_std/exe/cpu1/coverage-msg-ALL-testrunner
-- Installing: /home/user/work/procrace/cfs_cord/cFS/build-native_std/exe/cpu1/sbr_map_direct_UT
-- Installing: /home/user/work/procrace/cfs_cord/cFS/build-native_std/exe/cpu1/sbr_map_hash_UT
-- Installing: /home/user/work/procrace/cfs_cord/cFS/build-native_std/exe/cpu1/sbr_route_unsorted_UT
-- Installing: /home/user/work/procrace/cfs_cord/cFS/build-native_std/exe/cpu1/resourceid_UT
-- Installing: /home/user/work/procrace/cfs_cord/cFS/build-native_std/exe/cpu1/cf/ci_lab.so
-- Installing: /home/user/work/procrace/cfs_cord/cFS/build-native_std/exe/cpu1/cf/to_lab.so
-- Installing: /home/user/work/procrace/cfs_cord/cFS/build-native_std/exe/cpu1/cf/sch_lab.so
-- Installing: /home/user/work/procrace/cfs_cord/cFS/build-native_std/exe/cpu1/cf/cfe_assert.so
-- Installing: /home/user/work/procrace/cfs_cord/cFS/build-native_std/exe/cpu1/cf/cfe_testcase.so
-- Installing: /home/user/work/procrace/cfs_cord/cFS/build-native_std/exe/cpu1/cf/sample_app.so
-- Installing: /home/user/work/procrace/cfs_cord/cFS/build-native_std/exe/cpu1/coverage-sample_app-sample_app-testrunner
-- Installing: /home/user/work/procrace/cfs_cord/cFS/build-native_std/exe/cpu1/coverage-sample_app-sample_app_cmds-testrunner
-- Installing: /home/user/work/procrace/cfs_cord/cFS/build-native_std/exe/cpu1/coverage-sample_app-sample_app_utils-testrunner
-- Installing: /home/user/work/procrace/cfs_cord/cFS/build-native_std/exe/cpu1/coverage-sample_app-sample_app_dispatch-testrunner
-- Installing: /home/user/work/procrace/cfs_cord/cFS/build-native_std/exe/cpu1/cf/sample_lib.so
-- Installing: /home/user/work/procrace/cfs_cord/cFS/build-native_std/exe/cpu1/coverage-sample_lib-ALL-testrunner
-- Installing: /home/user/work/procrace/cfs_cord/cFS/build-native_std/exe/cpu1/cf/cf.so
-- Installing: /home/user/work/procrace/cfs_cord/cFS/build-native_std/exe/cpu1/coverage-cf-cf_app-testrunner
-- Installing: /home/user/work/procrace/cfs_cord/cFS/build-native_std/exe/cpu1/coverage-cf-cf_cfdp-testrunner
-- Installing: /home/user/work/procrace/cfs_cord/cFS/build-native_std/exe/cpu1/coverage-cf-cf_cfdp_r-testrunner
-- Installing: /home/user/work/procrace/cfs_cord/cFS/build-native_std/exe/cpu1/coverage-cf-cf_cfdp_s-testrunner
-- Installing: /home/user/work/procrace/cfs_cord/cFS/build-native_std/exe/cpu1/coverage-cf-cf_cfdp_sbintf-testrunner
-- Installing: /home/user/work/procrace/cfs_cord/cFS/build-native_std/exe/cpu1/coverage-cf-cf_cfdp_dispatch-testrunner
-- Installing: /home/user/work/procrace/cfs_cord/cFS/build-native_std/exe/cpu1/coverage-cf-cf_chunk-testrunner
-- Installing: /home/user/work/procrace/cfs_cord/cFS/build-native_std/exe/cpu1/coverage-cf-cf_clist-testrunner
-- Installing: /home/user/work/procrace/cfs_cord/cFS/build-native_std/exe/cpu1/coverage-cf-cf_codec-testrunner
-- Installing: /home/user/work/procrace/cfs_cord/cFS/build-native_std/exe/cpu1/coverage-cf-cf_cmd-testrunner
-- Installing: /home/user/work/procrace/cfs_cord/cFS/build-native_std/exe/cpu1/coverage-cf-cf_crc-testrunner
-- Installing: /home/user/work/procrace/cfs_cord/cFS/build-native_std/exe/cpu1/coverage-cf-cf_timer-testrunner
-- Installing: /home/user/work/procrace/cfs_cord/cFS/build-native_std/exe/cpu1/coverage-cf-cf_utils-testrunner
-- Installing: /home/user/work/procrace/cfs_cord/cFS/build-native_std/exe/cpu1/coverage-cf-cf_dispatch-testrunner
-- Installing: /home/user/work/procrace/cfs_cord/cFS/build-native_std/exe/cpu1/cf/hs.so
-- Installing: /home/user/work/procrace/cfs_cord/cFS/build-native_std/exe/cpu1/coverage-hs-hs_monitors-testrunner
-- Installing: /home/user/work/procrace/cfs_cord/cFS/build-native_std/exe/cpu1/coverage-hs-hs_utils-testrunner
-- Installing: /home/user/work/procrace/cfs_cord/cFS/build-native_std/exe/cpu1/coverage-hs-hs_sysmon-testrunner
-- Installing: /home/user/work/procrace/cfs_cord/cFS/build-native_std/exe/cpu1/coverage-hs-hs_app-testrunner
-- Installing: /home/user/work/procrace/cfs_cord/cFS/build-native_std/exe/cpu1/coverage-hs-hs_cmds-testrunner
-- Installing: /home/user/work/procrace/cfs_cord/cFS/build-native_std/exe/cpu1/coverage-hs-hs_dispatch-testrunner
-- Installing: /home/user/work/procrace/cfs_cord/cFS/build-native_std/exe/cpu1/cf/md.so
-- Installing: /home/user/work/procrace/cfs_cord/cFS/build-native_std/exe/cpu1/coverage-md-md_dwell_tbl-testrunner
-- Installing: /home/user/work/procrace/cfs_cord/cFS/build-native_std/exe/cpu1/coverage-md-md_utils-testrunner
-- Installing: /home/user/work/procrace/cfs_cord/cFS/build-native_std/exe/cpu1/coverage-md-md_dwell_pkt-testrunner
-- Installing: /home/user/work/procrace/cfs_cord/cFS/build-native_std/exe/cpu1/coverage-md-md_cmds-testrunner
-- Installing: /home/user/work/procrace/cfs_cord/cFS/build-native_std/exe/cpu1/coverage-md-md_app-testrunner
-- Installing: /home/user/work/procrace/cfs_cord/cFS/build-native_std/exe/cpu1/coverage-md-md_dispatch-testrunner
-- Installing: /home/user/work/procrace/cfs_cord/cFS/build-native_std/exe/cpu1/cf/mm.so
-- Installing: /home/user/work/procrace/cfs_cord/cFS/build-native_std/exe/cpu1/coverage-mm-mm_mem32-testrunner
-- Installing: /home/user/work/procrace/cfs_cord/cFS/build-native_std/exe/cpu1/coverage-mm-mm_app-testrunner
-- Installing: /home/user/work/procrace/cfs_cord/cFS/build-native_std/exe/cpu1/coverage-mm-mm_dump-testrunner
-- Installing: /home/user/work/procrace/cfs_cord/cFS/build-native_std/exe/cpu1/coverage-mm-mm_mem16-testrunner
-- Installing: /home/user/work/procrace/cfs_cord/cFS/build-native_std/exe/cpu1/coverage-mm-mm_utils-testrunner
-- Installing: /home/user/work/procrace/cfs_cord/cFS/build-native_std/exe/cpu1/coverage-mm-mm_mem8-testrunner
-- Installing: /home/user/work/procrace/cfs_cord/cFS/build-native_std/exe/cpu1/coverage-mm-mm_load-testrunner
-- Installing: /home/user/work/procrace/cfs_cord/cFS/build-native_std/exe/cpu1/coverage-mm-mm_cmds-testrunner
-- Installing: /home/user/work/procrace/cfs_cord/cFS/build-native_std/exe/cpu1/coverage-mm-mm_dispatch-testrunner
-- Installing: /home/user/work/procrace/cfs_cord/cFS/build-native_std/exe/cpu1/cf/cs.so
-- Installing: /home/user/work/procrace/cfs_cord/cFS/build-native_std/exe/cpu1/coverage-cs-cs_cmds-testrunner
-- Installing: /home/user/work/procrace/cfs_cord/cFS/build-native_std/exe/cpu1/coverage-cs-cs_table_processing-testrunner
-- Installing: /home/user/work/procrace/cfs_cord/cFS/build-native_std/exe/cpu1/coverage-cs-cs_app-testrunner
-- Installing: /home/user/work/procrace/cfs_cord/cFS/build-native_std/exe/cpu1/coverage-cs-cs_utils-testrunner
-- Installing: /home/user/work/procrace/cfs_cord/cFS/build-native_std/exe/cpu1/coverage-cs-cs_table_cmds-testrunner
-- Installing: /home/user/work/procrace/cfs_cord/cFS/build-native_std/exe/cpu1/coverage-cs-cs_app_cmds-testrunner
-- Installing: /home/user/work/procrace/cfs_cord/cFS/build-native_std/exe/cpu1/coverage-cs-cs_memory_cmds-testrunner
-- Installing: /home/user/work/procrace/cfs_cord/cFS/build-native_std/exe/cpu1/coverage-cs-cs_init-testrunner
-- Installing: /home/user/work/procrace/cfs_cord/cFS/build-native_std/exe/cpu1/coverage-cs-cs_eeprom_cmds-testrunner
-- Installing: /home/user/work/procrace/cfs_cord/cFS/build-native_std/exe/cpu1/coverage-cs-cs_compute-testrunner
-- Installing: /home/user/work/procrace/cfs_cord/cFS/build-native_std/exe/cpu1/coverage-cs-cs_dispatch-testrunner
-- Installing: /home/user/work/procrace/cfs_cord/cFS/build-native_std/exe/cpu1/cf/fm.so
-- Installing: /home/user/work/procrace/cfs_cord/cFS/build-native_std/exe/cpu1/coverage-fm-fm_cmd_utils-testrunner
-- Installing: /home/user/work/procrace/cfs_cord/cFS/build-native_std/exe/cpu1/coverage-fm-fm_app-testrunner
-- Installing: /home/user/work/procrace/cfs_cord/cFS/build-native_std/exe/cpu1/coverage-fm-fm_cmds-testrunner
-- Installing: /home/user/work/procrace/cfs_cord/cFS/build-native_std/exe/cpu1/coverage-fm-fm_child-testrunner
-- Installing: /home/user/work/procrace/cfs_cord/cFS/build-native_std/exe/cpu1/coverage-fm-fm_table_utils-testrunner
-- Installing: /home/user/work/procrace/cfs_cord/cFS/build-native_std/exe/cpu1/coverage-fm-fm_dispatch-testrunner
-- Installing: /home/user/work/procrace/cfs_cord/cFS/build-native_std/exe/cpu1/cf/lc.so
-- Installing: /home/user/work/procrace/cfs_cord/cFS/build-native_std/exe/cpu1/coverage-lc-lc_custom-testrunner
-- Installing: /home/user/work/procrace/cfs_cord/cFS/build-native_std/exe/cpu1/coverage-lc-lc_app-testrunner
-- Installing: /home/user/work/procrace/cfs_cord/cFS/build-native_std/exe/cpu1/coverage-lc-lc_cmds-testrunner
-- Installing: /home/user/work/procrace/cfs_cord/cFS/build-native_std/exe/cpu1/coverage-lc-lc_watch-testrunner
-- Installing: /home/user/work/procrace/cfs_cord/cFS/build-native_std/exe/cpu1/coverage-lc-lc_action-testrunner
-- Installing: /home/user/work/procrace/cfs_cord/cFS/build-native_std/exe/cpu1/coverage-lc-lc_utils-testrunner
-- Installing: /home/user/work/procrace/cfs_cord/cFS/build-native_std/exe/cpu1/coverage-lc-lc_dispatch-testrunner
-- Installing: /home/user/work/procrace/cfs_cord/cFS/build-native_std/exe/cpu1/cf/sc.so
-- Installing: /home/user/work/procrace/cfs_cord/cFS/build-native_std/exe/cpu1/coverage-sc-sc_rtsrq-testrunner
-- Installing: /home/user/work/procrace/cfs_cord/cFS/build-native_std/exe/cpu1/coverage-sc-sc_utils-testrunner
-- Installing: /home/user/work/procrace/cfs_cord/cFS/build-native_std/exe/cpu1/coverage-sc-sc_app-testrunner
-- Installing: /home/user/work/procrace/cfs_cord/cFS/build-native_std/exe/cpu1/coverage-sc-sc_atsrq-testrunner
-- Installing: /home/user/work/procrace/cfs_cord/cFS/build-native_std/exe/cpu1/coverage-sc-sc_state-testrunner
-- Installing: /home/user/work/procrace/cfs_cord/cFS/build-native_std/exe/cpu1/coverage-sc-sc_loads-testrunner
-- Installing: /home/user/work/procrace/cfs_cord/cFS/build-native_std/exe/cpu1/coverage-sc-sc_cmds-testrunner
-- Installing: /home/user/work/procrace/cfs_cord/cFS/build-native_std/exe/cpu1/coverage-sc-sc_dispatch-testrunner
-- Installing: /home/user/work/procrace/cfs_cord/cFS/build-native_std/exe/cpu1/cf/ds.so
-- Installing: /home/user/work/procrace/cfs_cord/cFS/build-native_std/exe/cpu1/coverage-ds-ds_table-testrunner
-- Installing: /home/user/work/procrace/cfs_cord/cFS/build-native_std/exe/cpu1/coverage-ds-ds_cmds-testrunner
-- Installing: /home/user/work/procrace/cfs_cord/cFS/build-native_std/exe/cpu1/coverage-ds-ds_app-testrunner
-- Installing: /home/user/work/procrace/cfs_cord/cFS/build-native_std/exe/cpu1/coverage-ds-ds_file-testrunner
-- Installing: /home/user/work/procrace/cfs_cord/cFS/build-native_std/exe/cpu1/coverage-ds-ds_dispatch-testrunner
-- Installing: /home/user/work/procrace/cfs_cord/cFS/build-native_std/exe/cpu1/cf/hk.so
-- Installing: /home/user/work/procrace/cfs_cord/cFS/build-native_std/exe/cpu1/coverage-hk-hk_app-testrunner
-- Installing: /home/user/work/procrace/cfs_cord/cFS/build-native_std/exe/cpu1/coverage-hk-hk_cmds-testrunner
-- Installing: /home/user/work/procrace/cfs_cord/cFS/build-native_std/exe/cpu1/coverage-hk-hk_utils-testrunner
-- Installing: /home/user/work/procrace/cfs_cord/cFS/build-native_std/exe/cpu1/coverage-hk-hk_dispatch-testrunner
-- Installing: /home/user/work/procrace/cfs_cord/cFS/build-native_std/exe/cpu1/cf/sbn.so
-- Installing: /home/user/work/procrace/cfs_cord/cFS/build-native_std/exe/cpu1/cf/sbn_udp.so
-- Installing: /home/user/work/procrace/cfs_cord/cFS/build-native_std/exe/cpu1/cf/sbn_f_remap.so
-- Installing: /home/user/work/procrace/cfs_cord/cFS/build-native_std/exe/cpu1/core-cpu1
[100%] Built target native_default_cpu1-install
[  0%] Building C object osal/generic-linux_impl/CMakeFiles/osal_generic-linux_impl.dir/src/bsp_start.c.o
[  0%] Building C object osal/generic-linux_impl/CMakeFiles/osal_generic-linux_impl.dir/src/bsp_console.c.o
[  0%] Built target osal_generic-linux_impl
[  0%] Building C object osal/CMakeFiles/osal_bsp.dir/src/bsp/shared/src/osapi-bsp.c.o
[  0%] Building C object osal/CMakeFiles/osal_bsp.dir/src/bsp/shared/src/bsp_default_app_run.c.o
[  0%] Building C object osal/CMakeFiles/osal_bsp.dir/src/bsp/shared/src/bsp_default_app_startup.c.o
[  0%] Building C object osal/CMakeFiles/osal_bsp.dir/src/bsp/shared/src/bsp_default_symtab.c.o
[  0%] Building C object osal/CMakeFiles/osal_bsp.dir/src/bsp/shared/src/bsp_default_resourcecfg.c.o
[  0%] Linking C static library libosal_bsp.a
[  0%] Built target osal_bsp
[  0%] Building C object osal/posix_impl/CMakeFiles/osal_posix_impl.dir/src/os-impl-binsem.c.o
[  0%] Building C object osal/posix_impl/CMakeFiles/osal_posix_impl.dir/src/os-impl-common.c.o
[  0%] Building C object osal/posix_impl/CMakeFiles/osal_posix_impl.dir/src/os-impl-console.c.o
[  0%] Building C object osal/posix_impl/CMakeFiles/osal_posix_impl.dir/src/os-impl-condvar.c.o
[  0%] Building C object osal/posix_impl/CMakeFiles/osal_posix_impl.dir/src/os-impl-countsem.c.o
[  0%] Building C object osal/posix_impl/CMakeFiles/osal_posix_impl.dir/src/os-impl-dirs.c.o
[  0%] Building C object osal/posix_impl/CMakeFiles/osal_posix_impl.dir/src/os-impl-errors.c.o
[  0%] Building C object osal/posix_impl/CMakeFiles/osal_posix_impl.dir/src/os-impl-files.c.o
[  0%] Building C object osal/posix_impl/CMakeFiles/osal_posix_impl.dir/src/os-impl-filesys.c.o
[  0%] Building C object osal/posix_impl/CMakeFiles/osal_posix_impl.dir/src/os-impl-heap.c.o
[  0%] Building C object osal/posix_impl/CMakeFiles/osal_posix_impl.dir/src/os-impl-idmap.c.o
[  0%] Building C object osal/posix_impl/CMakeFiles/osal_posix_impl.dir/src/os-impl-mutex.c.o
[  0%] Building C object osal/posix_impl/CMakeFiles/osal_posix_impl.dir/src/os-impl-queues.c.o
[  0%] Building C object osal/posix_impl/CMakeFiles/osal_posix_impl.dir/src/os-impl-tasks.c.o
[  0%] Building C object osal/posix_impl/CMakeFiles/osal_posix_impl.dir/src/os-impl-timebase.c.o
[  0%] Building C object osal/posix_impl/CMakeFiles/osal_posix_impl.dir/home/user/work/procrace/cfs_cord/cFS/osal/src/os/portable/os-impl-posix-gettime.c.o
[  0%] Building C object osal/posix_impl/CMakeFiles/osal_posix_impl.dir/home/user/work/procrace/cfs_cord/cFS/osal/src/os/portable/os-impl-posix-gettime-monotonic.c.o
[  1%] Building C object osal/posix_impl/CMakeFiles/osal_posix_impl.dir/home/user/work/procrace/cfs_cord/cFS/osal/src/os/portable/os-impl-console-bsp.c.o
[  1%] Building C object osal/posix_impl/CMakeFiles/osal_posix_impl.dir/home/user/work/procrace/cfs_cord/cFS/osal/src/os/portable/os-impl-bsd-select.c.o
[  1%] Building C object osal/posix_impl/CMakeFiles/osal_posix_impl.dir/home/user/work/procrace/cfs_cord/cFS/osal/src/os/portable/os-impl-posix-io.c.o
[  1%] Building C object osal/posix_impl/CMakeFiles/osal_posix_impl.dir/home/user/work/procrace/cfs_cord/cFS/osal/src/os/portable/os-impl-posix-files.c.o
[  1%] Building C object osal/posix_impl/CMakeFiles/osal_posix_impl.dir/home/user/work/procrace/cfs_cord/cFS/osal/src/os/portable/os-impl-posix-file-allocate.c.o
[  1%] Building C object osal/posix_impl/CMakeFiles/osal_posix_impl.dir/home/user/work/procrace/cfs_cord/cFS/osal/src/os/portable/os-impl-posix-dirs.c.o
[  1%] Building C object osal/posix_impl/CMakeFiles/osal_posix_impl.dir/home/user/work/procrace/cfs_cord/cFS/osal/src/os/portable/os-impl-no-shell.c.o
[  1%] Building C object osal/posix_impl/CMakeFiles/osal_posix_impl.dir/src/os-impl-loader.c.o
[  1%] Building C object osal/posix_impl/CMakeFiles/osal_posix_impl.dir/home/user/work/procrace/cfs_cord/cFS/osal/src/os/portable/os-impl-posix-dl-loader.c.o
[  1%] Building C object osal/posix_impl/CMakeFiles/osal_posix_impl.dir/home/user/work/procrace/cfs_cord/cFS/osal/src/os/portable/os-impl-posix-dl-symtab.c.o
[  1%] Building C object osal/posix_impl/CMakeFiles/osal_posix_impl.dir/home/user/work/procrace/cfs_cord/cFS/osal/src/os/portable/os-impl-bsd-sockets.c.o
[  1%] Building C object osal/posix_impl/CMakeFiles/osal_posix_impl.dir/home/user/work/procrace/cfs_cord/cFS/osal/src/os/portable/os-impl-posix-network-gethostname.c.o
[  1%] Building C object osal/posix_impl/CMakeFiles/osal_posix_impl.dir/home/user/work/procrace/cfs_cord/cFS/osal/src/os/portable/os-impl-posix-network-gethostid.c.o
[  1%] Building C object osal/posix_impl/CMakeFiles/osal_posix_impl.dir/home/user/work/procrace/cfs_cord/cFS/osal/src/os/portable/os-impl-bsd-sockets-dns.c.o
[  1%] Building C object osal/posix_impl/CMakeFiles/osal_posix_impl.dir/src/os-impl-rwlock.c.o
[  1%] Built target osal_posix_impl
[  1%] Building C object osal/CMakeFiles/osal.dir/src/os/shared/src/osapi-binsem.c.o
[  1%] Building C object osal/CMakeFiles/osal.dir/src/os/shared/src/osapi-clock.c.o
[  1%] Building C object osal/CMakeFiles/osal.dir/src/os/shared/src/osapi-common.c.o
[  1%] Building C object osal/CMakeFiles/osal.dir/src/os/shared/src/osapi-condvar.c.o
[  1%] Building C object osal/CMakeFiles/osal.dir/src/os/shared/src/osapi-countsem.c.o
[  2%] Building C object osal/CMakeFiles/osal.dir/src/os/shared/src/osapi-dir.c.o
[  2%] Building C object osal/CMakeFiles/osal.dir/src/os/shared/src/osapi-errors.c.o
[  2%] Building C object osal/CMakeFiles/osal.dir/src/os/shared/src/osapi-file.c.o
[  2%] Building C object osal/CMakeFiles/osal.dir/src/os/shared/src/osapi-filesys.c.o
[  2%] Building C object osal/CMakeFiles/osal.dir/src/os/shared/src/osapi-heap.c.o
[  2%] Building C object osal/CMakeFiles/osal.dir/src/os/shared/src/osapi-idmap.c.o
[  2%] Building C object osal/CMakeFiles/osal.dir/src/os/shared/src/osapi-module.c.o
[  2%] Building C object osal/CMakeFiles/osal.dir/src/os/shared/src/osapi-mutex.c.o
[  2%] Building C object osal/CMakeFiles/osal.dir/src/os/shared/src/osapi-network.c.o
[  2%] Building C object osal/CMakeFiles/osal.dir/src/os/shared/src/osapi-printf.c.o
[  2%] Building C object osal/CMakeFiles/osal.dir/src/os/shared/src/osapi-queue.c.o
[  2%] Building C object osal/CMakeFiles/osal.dir/src/os/shared/src/osapi-rwlock.c.o
[  2%] Building C object osal/CMakeFiles/osal.dir/src/os/shared/src/osapi-select.c.o
[  2%] Building C object osal/CMakeFiles/osal.dir/src/os/shared/src/osapi-shell.c.o
[  2%] Building C object osal/CMakeFiles/osal.dir/src/os/shared/src/osapi-sockets.c.o
[  2%] Building C object osal/CMakeFiles/osal.dir/src/os/shared/src/osapi-task.c.o
[  2%] Building C object osal/CMakeFiles/osal.dir/src/os/shared/src/osapi-timebase.c.o
[  2%] Building C object osal/CMakeFiles/osal.dir/src/os/shared/src/osapi-time.c.o
[  3%] Building C object osal/CMakeFiles/osal.dir/src/os/shared/src/osapi-version.c.o
[  3%] Building C object osal/CMakeFiles/osal.dir/src/os/shared/src/osapi-debug.c.o
[  3%] Linking C static library libosal.a
[  3%] Built target osal
[  3%] Building C object osal/ut_assert/CMakeFiles/ut_assert.dir/src/utassert.c.o
[  3%] Building C object osal/ut_assert/CMakeFiles/ut_assert.dir/src/utlist.c.o
[  3%] Building C object osal/ut_assert/CMakeFiles/ut_assert.dir/src/utstubs.c.o
[  4%] Building C object osal/ut_assert/CMakeFiles/ut_assert.dir/src/uttest.c.o
[  4%] Building C object osal/ut_assert/CMakeFiles/ut_assert.dir/src/uttools.c.o
[  4%] Building C object osal/ut_assert/CMakeFiles/ut_assert.dir/src/utbsp.c.o
[  4%] Linking C static library libut_assert.a
[  4%] Built target ut_assert
[  4%] Building C object osal/ut-stubs/CMakeFiles/ut_osapi_stubs.dir/utstub-helpers.c.o
[  4%] Building C object osal/ut-stubs/CMakeFiles/ut_osapi_stubs.dir/osapi-binsem-stubs.c.o
[  4%] Building C object osal/ut-stubs/CMakeFiles/ut_osapi_stubs.dir/osapi-binsem-handlers.c.o
[  4%] Building C object osal/ut-stubs/CMakeFiles/ut_osapi_stubs.dir/osapi-clock-stubs.c.o
[  4%] Building C object osal/ut-stubs/CMakeFiles/ut_osapi_stubs.dir/osapi-clock-handlers.c.o
[  5%] Building C object osal/ut-stubs/CMakeFiles/ut_osapi_stubs.dir/osapi-common-stubs.c.o
[  5%] Building C object osal/ut-stubs/CMakeFiles/ut_osapi_stubs.dir/osapi-common-handlers.c.o
[  5%] Building C object osal/ut-stubs/CMakeFiles/ut_osapi_stubs.dir/osapi-condvar-stubs.c.o
[  5%] Building C object osal/ut-stubs/CMakeFiles/ut_osapi_stubs.dir/osapi-countsem-stubs.c.o
[  5%] Building C object osal/ut-stubs/CMakeFiles/ut_osapi_stubs.dir/osapi-countsem-handlers.c.o
[  5%] Building C object osal/ut-stubs/CMakeFiles/ut_osapi_stubs.dir/osapi-dir-stubs.c.o
[  5%] Building C object osal/ut-stubs/CMakeFiles/ut_osapi_stubs.dir/osapi-dir-handlers.c.o
[  5%] Building C object osal/ut-stubs/CMakeFiles/ut_osapi_stubs.dir/osapi-error-stubs.c.o
[  5%] Building C object osal/ut-stubs/CMakeFiles/ut_osapi_stubs.dir/osapi-error-handlers.c.o
[  5%] Building C object osal/ut-stubs/CMakeFiles/ut_osapi_stubs.dir/osapi-file-stubs.c.o
[  5%] Building C object osal/ut-stubs/CMakeFiles/ut_osapi_stubs.dir/osapi-file-handlers.c.o
[  5%] Building C object osal/ut-stubs/CMakeFiles/ut_osapi_stubs.dir/osapi-filesys-stubs.c.o
[  5%] Building C object osal/ut-stubs/CMakeFiles/ut_osapi_stubs.dir/osapi-filesys-handlers.c.o
[  5%] Building C object osal/ut-stubs/CMakeFiles/ut_osapi_stubs.dir/osapi-heap-stubs.c.o
[  5%] Building C object osal/ut-stubs/CMakeFiles/ut_osapi_stubs.dir/osapi-heap-handlers.c.o
[  5%] Building C object osal/ut-stubs/CMakeFiles/ut_osapi_stubs.dir/osapi-idmap-stubs.c.o
[  5%] Building C object osal/ut-stubs/CMakeFiles/ut_osapi_stubs.dir/osapi-idmap-handlers.c.o
[  6%] Building C object osal/ut-stubs/CMakeFiles/ut_osapi_stubs.dir/osapi-module-stubs.c.o
[  6%] Building C object osal/ut-stubs/CMakeFiles/ut_osapi_stubs.dir/osapi-module-handlers.c.o
[  6%] Building C object osal/ut-stubs/CMakeFiles/ut_osapi_stubs.dir/osapi-mutex-stubs.c.o
[  6%] Building C object osal/ut-stubs/CMakeFiles/ut_osapi_stubs.dir/osapi-mutex-handlers.c.o
[  6%] Building C object osal/ut-stubs/CMakeFiles/ut_osapi_stubs.dir/osapi-network-stubs.c.o
[  6%] Building C object osal/ut-stubs/CMakeFiles/ut_osapi_stubs.dir/osapi-network-handlers.c.o
[  6%] Building C object osal/ut-stubs/CMakeFiles/ut_osapi_stubs.dir/osapi-printf-stubs.c.o
[  6%] Building C object osal/ut-stubs/CMakeFiles/ut_osapi_stubs.dir/osapi-printf-handlers.c.o
[  6%] Building C object osal/ut-stubs/CMakeFiles/ut_osapi_stubs.dir/osapi-queue-stubs.c.o
[  6%] Building C object osal/ut-stubs/CMakeFiles/ut_osapi_stubs.dir/osapi-queue-handlers.c.o
[  6%] Building C object osal/ut-stubs/CMakeFiles/ut_osapi_stubs.dir/osapi-rwlock-stubs.c.o
[  6%] Building C object osal/ut-stubs/CMakeFiles/ut_osapi_stubs.dir/osapi-rwlock-handlers.c.o
[  6%] Building C object osal/ut-stubs/CMakeFiles/ut_osapi_stubs.dir/osapi-select-stubs.c.o
[  6%] Building C object osal/ut-stubs/CMakeFiles/ut_osapi_stubs.dir/osapi-shell-stubs.c.o
[  6%] Building C object osal/ut-stubs/CMakeFiles/ut_osapi_stubs.dir/osapi-sockets-stubs.c.o
[  6%] Building C object osal/ut-stubs/CMakeFiles/ut_osapi_stubs.dir/osapi-sockets-handlers.c.o
[  6%] Building C object osal/ut-stubs/CMakeFiles/ut_osapi_stubs.dir/osapi-task-stubs.c.o
[  6%] Building C object osal/ut-stubs/CMakeFiles/ut_osapi_stubs.dir/osapi-task-handlers.c.o
[  7%] Building C object osal/ut-stubs/CMakeFiles/ut_osapi_stubs.dir/osapi-timer-stubs.c.o
[  7%] Building C object osal/ut-stubs/CMakeFiles/ut_osapi_stubs.dir/osapi-timer-handlers.c.o
[  7%] Building C object osal/ut-stubs/CMakeFiles/ut_osapi_stubs.dir/osapi-timebase-stubs.c.o
[  7%] Building C object osal/ut-stubs/CMakeFiles/ut_osapi_stubs.dir/osapi-timebase-handlers.c.o
[  7%] Building C object osal/ut-stubs/CMakeFiles/ut_osapi_stubs.dir/osapi-version-stubs.c.o
[  7%] Building C object osal/ut-stubs/CMakeFiles/ut_osapi_stubs.dir/osapi-version-handlers.c.o
[  7%] Linking C static library libut_osapi_stubs.a
[  7%] Built target ut_osapi_stubs
[  8%] Building C object osal/unit-test-coverage/vxworks/CMakeFiles/utobj_coverage-vxworks-binsem.dir/home/user/work/procrace/cfs_cord/cFS/osal/src/os/vxworks/src/os-impl-binsem.c.o
[  8%] Built target utobj_coverage-vxworks-binsem
[  8%] Building C object osal/unit-test-coverage/vxworks/adaptors/CMakeFiles/ut-adaptor-vxworks.dir/src/ut-adaptor-binsem.c.o
[  8%] Building C object osal/unit-test-coverage/vxworks/adaptors/CMakeFiles/ut-adaptor-vxworks.dir/src/ut-adaptor-common.c.o
[  8%] Building C object osal/unit-test-coverage/vxworks/adaptors/CMakeFiles/ut-adaptor-vxworks.dir/src/ut-adaptor-console.c.o
[  8%] Building C object osal/unit-test-coverage/vxworks/adaptors/CMakeFiles/ut-adaptor-vxworks.dir/src/ut-adaptor-countsem.c.o
[  8%] Building C object osal/unit-test-coverage/vxworks/adaptors/CMakeFiles/ut-adaptor-vxworks.dir/src/ut-adaptor-dirs.c.o
[  8%] Building C object osal/unit-test-coverage/vxworks/adaptors/CMakeFiles/ut-adaptor-vxworks.dir/src/ut-adaptor-dirtable-stub.c.o
[ 10%] Building C object osal/unit-test-coverage/vxworks/adaptors/CMakeFiles/ut-adaptor-vxworks.dir/src/ut-adaptor-files.c.o
[ 10%] Building C object osal/unit-test-coverage/vxworks/adaptors/CMakeFiles/ut-adaptor-vxworks.dir/src/ut-adaptor-filesys.c.o
[ 10%] Building C object osal/unit-test-coverage/vxworks/adaptors/CMakeFiles/ut-adaptor-vxworks.dir/src/ut-adaptor-idmap.c.o
[ 10%] Building C object osal/unit-test-coverage/vxworks/adaptors/CMakeFiles/ut-adaptor-vxworks.dir/src/ut-adaptor-loader.c.o
[ 10%] Building C object osal/unit-test-coverage/vxworks/adaptors/CMakeFiles/ut-adaptor-vxworks.dir/src/ut-adaptor-mutex.c.o
[ 10%] Building C object osal/unit-test-coverage/vxworks/adaptors/CMakeFiles/ut-adaptor-vxworks.dir/src/ut-adaptor-queues.c.o
[ 10%] Building C object osal/unit-test-coverage/vxworks/adaptors/CMakeFiles/ut-adaptor-vxworks.dir/src/ut-adaptor-filetable-stub.c.o
[ 10%] Building C object osal/unit-test-coverage/vxworks/adaptors/CMakeFiles/ut-adaptor-vxworks.dir/src/ut-adaptor-sockets.c.o
[ 10%] Building C object osal/unit-test-coverage/vxworks/adaptors/CMakeFiles/ut-adaptor-vxworks.dir/src/ut-adaptor-symtab.c.o
[ 10%] Building C object osal/unit-test-coverage/vxworks/adaptors/CMakeFiles/ut-adaptor-vxworks.dir/src/ut-adaptor-tasks.c.o
[ 10%] Building C object osal/unit-test-coverage/vxworks/adaptors/CMakeFiles/ut-adaptor-vxworks.dir/src/ut-adaptor-timebase.c.o
[ 10%] Building C object osal/unit-test-coverage/vxworks/adaptors/CMakeFiles/ut-adaptor-vxworks.dir/home/user/work/procrace/cfs_cord/cFS/osal/src/unit-test-coverage/portable/adaptors/src/ut-adaptor-portable-posix-io.c.o
[ 10%] Building C object osal/unit-test-coverage/vxworks/adaptors/CMakeFiles/ut-adaptor-vxworks.dir/home/user/work/procrace/cfs_cord/cFS/osal/src/unit-test-coverage/portable/adaptors/src/ut-adaptor-portable-posix-files.c.o
[ 10%] Linking C static library libut-adaptor-vxworks.a
[ 10%] Built target ut-adaptor-vxworks
[ 10%] Building C object osal/unit-test-coverage/ut-stubs/CMakeFiles/ut_libc_stubs.dir/src/arpa-inet-stubs.c.o
[ 10%] Building C object osal/unit-test-coverage/ut-stubs/CMakeFiles/ut_libc_stubs.dir/src/libc-ctype-stubs.c.o
[ 10%] Building C object osal/unit-test-coverage/ut-stubs/CMakeFiles/ut_libc_stubs.dir/src/libc-stdio-stubs.c.o
[ 10%] Building C object osal/unit-test-coverage/ut-stubs/CMakeFiles/ut_libc_stubs.dir/src/libc-stdlib-stubs.c.o
[ 10%] Building C object osal/unit-test-coverage/ut-stubs/CMakeFiles/ut_libc_stubs.dir/src/libc-string-stubs.c.o
[ 10%] Building C object osal/unit-test-coverage/ut-stubs/CMakeFiles/ut_libc_stubs.dir/src/netinet-in-stubs.c.o
[ 10%] Building C object osal/unit-test-coverage/ut-stubs/CMakeFiles/ut_libc_stubs.dir/src/posix-dirent-stubs.c.o
[ 10%] Building C object osal/unit-test-coverage/ut-stubs/CMakeFiles/ut_libc_stubs.dir/src/posix-dlfcn-stubs.c.o
[ 10%] Building C object osal/unit-test-coverage/ut-stubs/CMakeFiles/ut_libc_stubs.dir/src/posix-errno-stubs.c.o
[ 10%] Building C object osal/unit-test-coverage/ut-stubs/CMakeFiles/ut_libc_stubs.dir/src/posix-fcntl-stubs.c.o
[ 10%] Building C object osal/unit-test-coverage/ut-stubs/CMakeFiles/ut_libc_stubs.dir/src/posix-ioctl-stubs.c.o
[ 10%] Building C object osal/unit-test-coverage/ut-stubs/CMakeFiles/ut_libc_stubs.dir/src/posix-mqueue-stubs.c.o
[ 11%] Building C object osal/unit-test-coverage/ut-stubs/CMakeFiles/ut_libc_stubs.dir/src/posix-netdb-stubs.c.o
[ 11%] Building C object osal/unit-test-coverage/ut-stubs/CMakeFiles/ut_libc_stubs.dir/src/posix-pthread-stubs.c.o
[ 11%] Building C object osal/unit-test-coverage/ut-stubs/CMakeFiles/ut_libc_stubs.dir/src/posix-sched-stubs.c.o
[ 11%] Building C object osal/unit-test-coverage/ut-stubs/CMakeFiles/ut_libc_stubs.dir/src/posix-semaphore-stubs.c.o
[ 11%] Building C object osal/unit-test-coverage/ut-stubs/CMakeFiles/ut_libc_stubs.dir/src/posix-signal-stubs.c.o
[ 11%] Building C object osal/unit-test-coverage/ut-stubs/CMakeFiles/ut_libc_stubs.dir/src/posix-stat-stubs.c.o
[ 11%] Building C object osal/unit-test-coverage/ut-stubs/CMakeFiles/ut_libc_stubs.dir/src/posix-time-stubs.c.o
[ 11%] Building C object osal/unit-test-coverage/ut-stubs/CMakeFiles/ut_libc_stubs.dir/src/posix-unistd-stubs.c.o
[ 11%] Building C object osal/unit-test-coverage/ut-stubs/CMakeFiles/ut_libc_stubs.dir/src/sys-socket-stubs.c.o
[ 11%] Building C object osal/unit-test-coverage/ut-stubs/CMakeFiles/ut_libc_stubs.dir/src/sys-select-stubs.c.o
[ 11%] Building C object osal/unit-test-coverage/ut-stubs/CMakeFiles/ut_libc_stubs.dir/src/vxworks-ataDrv-stubs.c.o
[ 11%] Building C object osal/unit-test-coverage/ut-stubs/CMakeFiles/ut_libc_stubs.dir/src/vxworks-dosFsLib-stubs.c.o
[ 11%] Building C object osal/unit-test-coverage/ut-stubs/CMakeFiles/ut_libc_stubs.dir/src/vxworks-errnoLib-stubs.c.o
[ 11%] Building C object osal/unit-test-coverage/ut-stubs/CMakeFiles/ut_libc_stubs.dir/src/vxworks-hostLib-stubs.c.o
[ 11%] Building C object osal/unit-test-coverage/ut-stubs/CMakeFiles/ut_libc_stubs.dir/src/vxworks-intLib-stubs.c.o
[ 11%] Building C object osal/unit-test-coverage/ut-stubs/CMakeFiles/ut_libc_stubs.dir/src/vxworks-loadLib-stubs.c.o
[ 11%] Building C object osal/unit-test-coverage/ut-stubs/CMakeFiles/ut_libc_stubs.dir/src/vxworks-memPartLib-stubs.c.o
[ 12%] Building C object osal/unit-test-coverage/ut-stubs/CMakeFiles/ut_libc_stubs.dir/src/vxworks-moduleLib-stubs.c.o
[ 12%] Building C object osal/unit-test-coverage/ut-stubs/CMakeFiles/ut_libc_stubs.dir/src/vxworks-msgQLib-stubs.c.o
[ 12%] Building C object osal/unit-test-coverage/ut-stubs/CMakeFiles/ut_libc_stubs.dir/src/vxworks-ramDrv-stubs.c.o
[ 12%] Building C object osal/unit-test-coverage/ut-stubs/CMakeFiles/ut_libc_stubs.dir/src/vxworks-semLib-stubs.c.o
[ 12%] Building C object osal/unit-test-coverage/ut-stubs/CMakeFiles/ut_libc_stubs.dir/src/vxworks-shellLib-stubs.c.o
[ 12%] Building C object osal/unit-test-coverage/ut-stubs/CMakeFiles/ut_libc_stubs.dir/src/vxworks-symLib-stubs.c.o
[ 12%] Building C object osal/unit-test-coverage/ut-stubs/CMakeFiles/ut_libc_stubs.dir/src/vxworks-sysLib-stubs.c.o
[ 12%] Building C object osal/unit-test-coverage/ut-stubs/CMakeFiles/ut_libc_stubs.dir/src/vxworks-taskLib-stubs.c.o
[ 12%] Building C object osal/unit-test-coverage/ut-stubs/CMakeFiles/ut_libc_stubs.dir/src/vxworks-taskVarLib-stubs.c.o
[ 12%] Building C object osal/unit-test-coverage/ut-stubs/CMakeFiles/ut_libc_stubs.dir/src/vxworks-xbdBlkDev-stubs.c.o
[ 12%] Linking C static library libut_libc_stubs.a
[ 12%] Built target ut_libc_stubs
[ 12%] Building C object osal/unit-test-coverage/ut-stubs/CMakeFiles/ut_osapi_impl_stubs.dir/src/os-shared-binsem-impl-stubs.c.o
[ 12%] Building C object osal/unit-test-coverage/ut-stubs/CMakeFiles/ut_osapi_impl_stubs.dir/src/os-shared-clock-impl-handlers.c.o
[ 12%] Building C object osal/unit-test-coverage/ut-stubs/CMakeFiles/ut_osapi_impl_stubs.dir/src/os-shared-clock-impl-stubs.c.o
[ 12%] Building C object osal/unit-test-coverage/ut-stubs/CMakeFiles/ut_osapi_impl_stubs.dir/src/os-shared-common-impl-stubs.c.o
[ 12%] Building C object osal/unit-test-coverage/ut-stubs/CMakeFiles/ut_osapi_impl_stubs.dir/src/os-shared-condvar-impl-stubs.c.o
[ 12%] Building C object osal/unit-test-coverage/ut-stubs/CMakeFiles/ut_osapi_impl_stubs.dir/src/os-shared-condvar-init-stubs.c.o
[ 12%] Building C object osal/unit-test-coverage/ut-stubs/CMakeFiles/ut_osapi_impl_stubs.dir/src/os-shared-console-impl-stubs.c.o
[ 13%] Building C object osal/unit-test-coverage/ut-stubs/CMakeFiles/ut_osapi_impl_stubs.dir/src/os-shared-countsem-impl-stubs.c.o
[ 13%] Building C object osal/unit-test-coverage/ut-stubs/CMakeFiles/ut_osapi_impl_stubs.dir/src/os-shared-dir-impl-stubs.c.o
[ 13%] Building C object osal/unit-test-coverage/ut-stubs/CMakeFiles/ut_osapi_impl_stubs.dir/src/os-shared-file-impl-handlers.c.o
[ 13%] Building C object osal/unit-test-coverage/ut-stubs/CMakeFiles/ut_osapi_impl_stubs.dir/src/os-shared-file-impl-stubs.c.o
[ 13%] Building C object osal/unit-test-coverage/ut-stubs/CMakeFiles/ut_osapi_impl_stubs.dir/src/os-shared-filesys-impl-handlers.c.o
[ 13%] Building C object osal/unit-test-coverage/ut-stubs/CMakeFiles/ut_osapi_impl_stubs.dir/src/os-shared-filesys-impl-stubs.c.o
[ 13%] Building C object osal/unit-test-coverage/ut-stubs/CMakeFiles/ut_osapi_impl_stubs.dir/src/os-shared-heap-impl-stubs.c.o
[ 13%] Building C object osal/unit-test-coverage/ut-stubs/CMakeFiles/ut_osapi_impl_stubs.dir/src/os-shared-idmap-impl-stubs.c.o
[ 13%] Building C object osal/unit-test-coverage/ut-stubs/CMakeFiles/ut_osapi_impl_stubs.dir/src/os-shared-module-impl-stubs.c.o
[ 13%] Building C object osal/unit-test-coverage/ut-stubs/CMakeFiles/ut_osapi_impl_stubs.dir/src/os-shared-mutex-impl-stubs.c.o
[ 13%] Building C object osal/unit-test-coverage/ut-stubs/CMakeFiles/ut_osapi_impl_stubs.dir/src/os-shared-network-impl-handlers.c.o
[ 13%] Building C object osal/unit-test-coverage/ut-stubs/CMakeFiles/ut_osapi_impl_stubs.dir/src/os-shared-network-impl-stubs.c.o
[ 13%] Building C object osal/unit-test-coverage/ut-stubs/CMakeFiles/ut_osapi_impl_stubs.dir/src/os-shared-printf-impl-stubs.c.o
[ 13%] Building C object osal/unit-test-coverage/ut-stubs/CMakeFiles/ut_osapi_impl_stubs.dir/src/os-shared-queue-impl-stubs.c.o
[ 13%] Building C object osal/unit-test-coverage/ut-stubs/CMakeFiles/ut_osapi_impl_stubs.dir/src/os-shared-rwlock-impl-stubs.c.o
[ 13%] Building C object osal/unit-test-coverage/ut-stubs/CMakeFiles/ut_osapi_impl_stubs.dir/src/os-shared-select-impl-stubs.c.o
[ 13%] Building C object osal/unit-test-coverage/ut-stubs/CMakeFiles/ut_osapi_impl_stubs.dir/src/os-shared-shell-impl-stubs.c.o
[ 13%] Building C object osal/unit-test-coverage/ut-stubs/CMakeFiles/ut_osapi_impl_stubs.dir/src/os-shared-sockets-impl-handlers.c.o
[ 14%] Building C object osal/unit-test-coverage/ut-stubs/CMakeFiles/ut_osapi_impl_stubs.dir/src/os-shared-sockets-impl-stubs.c.o
[ 14%] Building C object osal/unit-test-coverage/ut-stubs/CMakeFiles/ut_osapi_impl_stubs.dir/src/os-shared-task-impl-stubs.c.o
[ 14%] Building C object osal/unit-test-coverage/ut-stubs/CMakeFiles/ut_osapi_impl_stubs.dir/src/os-shared-timebase-impl-stubs.c.o
[ 14%] Linking C static library libut_osapi_impl_stubs.a
[ 14%] Built target ut_osapi_impl_stubs
[ 14%] Building C object osal/unit-test-coverage/ut-stubs/CMakeFiles/ut_osapi_init_stubs.dir/src/os-shared-binsem-init-stubs.c.o
[ 14%] Building C object osal/unit-test-coverage/ut-stubs/CMakeFiles/ut_osapi_init_stubs.dir/src/os-shared-common-init-stubs.c.o
[ 14%] Building C object osal/unit-test-coverage/ut-stubs/CMakeFiles/ut_osapi_init_stubs.dir/src/os-shared-console-init-stubs.c.o
[ 14%] Building C object osal/unit-test-coverage/ut-stubs/CMakeFiles/ut_osapi_init_stubs.dir/src/os-shared-countsem-init-stubs.c.o
[ 14%] Building C object osal/unit-test-coverage/ut-stubs/CMakeFiles/ut_osapi_init_stubs.dir/src/os-shared-dir-init-stubs.c.o
[ 14%] Building C object osal/unit-test-coverage/ut-stubs/CMakeFiles/ut_osapi_init_stubs.dir/src/os-shared-file-init-stubs.c.o
[ 14%] Building C object osal/unit-test-coverage/ut-stubs/CMakeFiles/ut_osapi_init_stubs.dir/src/os-shared-filesys-init-stubs.c.o
[ 14%] Building C object osal/unit-test-coverage/ut-stubs/CMakeFiles/ut_osapi_init_stubs.dir/src/os-shared-module-init-stubs.c.o
[ 14%] Building C object osal/unit-test-coverage/ut-stubs/CMakeFiles/ut_osapi_init_stubs.dir/src/os-shared-mutex-init-stubs.c.o
[ 14%] Building C object osal/unit-test-coverage/ut-stubs/CMakeFiles/ut_osapi_init_stubs.dir/src/os-shared-network-init-stubs.c.o
[ 14%] Building C object osal/unit-test-coverage/ut-stubs/CMakeFiles/ut_osapi_init_stubs.dir/src/os-shared-queue-init-stubs.c.o
[ 14%] Building C object osal/unit-test-coverage/ut-stubs/CMakeFiles/ut_osapi_init_stubs.dir/src/os-shared-sockets-init-stubs.c.o
[ 14%] Building C object osal/unit-test-coverage/ut-stubs/CMakeFiles/ut_osapi_init_stubs.dir/src/os-shared-task-init-stubs.c.o
[ 14%] Building C object osal/unit-test-coverage/ut-stubs/CMakeFiles/ut_osapi_init_stubs.dir/src/os-shared-timebase-init-stubs.c.o
[ 15%] Building C object osal/unit-test-coverage/ut-stubs/CMakeFiles/ut_osapi_init_stubs.dir/src/os-shared-time-init-stubs.c.o
[ 15%] Linking C static library libut_osapi_init_stubs.a
[ 15%] Built target ut_osapi_init_stubs
[ 15%] Building C object osal/unit-test-coverage/ut-stubs/CMakeFiles/ut_osapi_shared_stubs.dir/src/os-shared-common-stubs.c.o
[ 15%] Building C object osal/unit-test-coverage/ut-stubs/CMakeFiles/ut_osapi_shared_stubs.dir/src/os-shared-file-stubs.c.o
[ 15%] Building C object osal/unit-test-coverage/ut-stubs/CMakeFiles/ut_osapi_shared_stubs.dir/src/os-shared-filesys-stubs.c.o
[ 15%] Building C object osal/unit-test-coverage/ut-stubs/CMakeFiles/ut_osapi_shared_stubs.dir/src/os-shared-globaldefs-stubs.c.o
[ 15%] Building C object osal/unit-test-coverage/ut-stubs/CMakeFiles/ut_osapi_shared_stubs.dir/src/os-shared-idmap-handlers.c.o
[ 15%] Building C object osal/unit-test-coverage/ut-stubs/CMakeFiles/ut_osapi_shared_stubs.dir/src/os-shared-idmap-stubs.c.o
[ 15%] Building C object osal/unit-test-coverage/ut-stubs/CMakeFiles/ut_osapi_shared_stubs.dir/src/os-shared-module-stubs.c.o
[ 15%] Building C object osal/unit-test-coverage/ut-stubs/CMakeFiles/ut_osapi_shared_stubs.dir/src/os-shared-sockets-stubs.c.o
[ 15%] Building C object osal/unit-test-coverage/ut-stubs/CMakeFiles/ut_osapi_shared_stubs.dir/src/os-shared-task-stubs.c.o
[ 15%] Building C object osal/unit-test-coverage/ut-stubs/CMakeFiles/ut_osapi_shared_stubs.dir/src/os-shared-timebase-stubs.c.o
[ 15%] Linking C static library libut_osapi_shared_stubs.a
[ 15%] Built target ut_osapi_shared_stubs
[ 15%] Building C object osal/unit-test-coverage/ut-stubs/CMakeFiles/ut_osapi_table_stubs.dir/src/osapi-shared-binsem-table-stubs.c.o
[ 15%] Building C object osal/unit-test-coverage/ut-stubs/CMakeFiles/ut_osapi_table_stubs.dir/src/osapi-shared-console-table-stubs.c.o
[ 15%] Building C object osal/unit-test-coverage/ut-stubs/CMakeFiles/ut_osapi_table_stubs.dir/src/osapi-shared-common-stubs.c.o
[ 15%] Building C object osal/unit-test-coverage/ut-stubs/CMakeFiles/ut_osapi_table_stubs.dir/src/osapi-shared-countsem-table-stubs.c.o
[ 15%] Building C object osal/unit-test-coverage/ut-stubs/CMakeFiles/ut_osapi_table_stubs.dir/src/osapi-shared-error-impl-table-stubs.c.o
[ 15%] Building C object osal/unit-test-coverage/ut-stubs/CMakeFiles/ut_osapi_table_stubs.dir/src/osapi-shared-dir-table-stubs.c.o
[ 15%] Building C object osal/unit-test-coverage/ut-stubs/CMakeFiles/ut_osapi_table_stubs.dir/src/osapi-shared-filesys-table-stubs.c.o
[ 15%] Building C object osal/unit-test-coverage/ut-stubs/CMakeFiles/ut_osapi_table_stubs.dir/src/osapi-shared-idmap-table-stubs.c.o
[ 15%] Building C object osal/unit-test-coverage/ut-stubs/CMakeFiles/ut_osapi_table_stubs.dir/src/osapi-shared-module-table-stubs.c.o
[ 15%] Building C object osal/unit-test-coverage/ut-stubs/CMakeFiles/ut_osapi_table_stubs.dir/src/osapi-shared-mutex-table-stubs.c.o
[ 15%] Building C object osal/unit-test-coverage/ut-stubs/CMakeFiles/ut_osapi_table_stubs.dir/src/osapi-shared-queue-table-stubs.c.o
[ 16%] Building C object osal/unit-test-coverage/ut-stubs/CMakeFiles/ut_osapi_table_stubs.dir/src/osapi-shared-rwlock-table-stubs.c.o
[ 16%] Building C object osal/unit-test-coverage/ut-stubs/CMakeFiles/ut_osapi_table_stubs.dir/src/osapi-shared-stream-table-stubs.c.o
[ 16%] Building C object osal/unit-test-coverage/ut-stubs/CMakeFiles/ut_osapi_table_stubs.dir/src/osapi-shared-task-table-stubs.c.o
[ 16%] Building C object osal/unit-test-coverage/ut-stubs/CMakeFiles/ut_osapi_table_stubs.dir/src/osapi-shared-timebase-table-stubs.c.o
[ 16%] Building C object osal/unit-test-coverage/ut-stubs/CMakeFiles/ut_osapi_table_stubs.dir/src/osapi-shared-timecb-table-stubs.c.o
[ 16%] Linking C static library libut_osapi_table_stubs.a
[ 16%] Built target ut_osapi_table_stubs
[ 16%] Building C object osal/unit-test-coverage/ut-stubs/CMakeFiles/ut_bsp_impl_stubs.dir/src/bsp-console-impl-stubs.c.o
[ 16%] Linking C static library libut_bsp_impl_stubs.a
[ 16%] Built target ut_bsp_impl_stubs
[ 17%] Building C object osal/unit-test-coverage/vxworks/ut-stubs/CMakeFiles/ut_vxworks_impl_stubs.dir/src/vxworks-os-impl-binsem-stubs.c.o
[ 17%] Building C object osal/unit-test-coverage/vxworks/ut-stubs/CMakeFiles/ut_vxworks_impl_stubs.dir/src/vxworks-os-impl-common-stubs.c.o
[ 17%] Building C object osal/unit-test-coverage/vxworks/ut-stubs/CMakeFiles/ut_vxworks_impl_stubs.dir/src/vxworks-os-impl-countsem-stubs.c.o
[ 17%] Building C object osal/unit-test-coverage/vxworks/ut-stubs/CMakeFiles/ut_vxworks_impl_stubs.dir/src/vxworks-os-impl-dir-stubs.c.o
[ 17%] Building C object osal/unit-test-coverage/vxworks/ut-stubs/CMakeFiles/ut_vxworks_impl_stubs.dir/src/vxworks-os-impl-file-stubs.c.o
[ 17%] Building C object osal/unit-test-coverage/vxworks/ut-stubs/CMakeFiles/ut_vxworks_impl_stubs.dir/src/vxworks-os-impl-idmap-stubs.c.o
[ 17%] Building C object osal/unit-test-coverage/vxworks/ut-stubs/CMakeFiles/ut_vxworks_impl_stubs.dir/src/vxworks-os-impl-module-stubs.c.o
[ 17%] Building C object osal/unit-test-coverage/vxworks/ut-stubs/CMakeFiles/ut_vxworks_impl_stubs.dir/src/vxworks-os-impl-mutex-stubs.c.o
[ 17%] Building C object osal/unit-test-coverage/vxworks/ut-stubs/CMakeFiles/ut_vxworks_impl_stubs.dir/src/vxworks-os-impl-queue-stubs.c.o
[ 17%] Building C object osal/unit-test-coverage/vxworks/ut-stubs/CMakeFiles/ut_vxworks_impl_stubs.dir/src/vxworks-os-impl-sockets-stubs.c.o
[ 17%] Building C object osal/unit-test-coverage/vxworks/ut-stubs/CMakeFiles/ut_vxworks_impl_stubs.dir/src/vxworks-os-impl-task-stubs.c.o
[ 17%] Building C object osal/unit-test-coverage/vxworks/ut-stubs/CMakeFiles/ut_vxworks_impl_stubs.dir/src/vxworks-os-impl-timer-stubs.c.o
[ 17%] Linking C static library libut_vxworks_impl_stubs.a
[ 17%] Built target ut_vxworks_impl_stubs
[ 17%] Building C object osal/unit-test-coverage/vxworks/CMakeFiles/coverage-vxworks-binsem-testrunner.dir/src/coveragetest-binsem.c.o
[ 17%] Linking C executable coverage-vxworks-binsem-testrunner
[ 17%] Built target coverage-vxworks-binsem-testrunner
[ 17%] Building C object osal/unit-test-coverage/vxworks/CMakeFiles/utobj_coverage-vxworks-common.dir/home/user/work/procrace/cfs_cord/cFS/osal/src/os/vxworks/src/os-impl-common.c.o
[ 17%] Built target utobj_coverage-vxworks-common
[ 17%] Building C object osal/unit-test-coverage/vxworks/CMakeFiles/coverage-vxworks-common-testrunner.dir/src/coveragetest-common.c.o
[ 17%] Linking C executable coverage-vxworks-common-testrunner
[ 17%] Built target coverage-vxworks-common-testrunner
[ 17%] Building C object osal/unit-test-coverage/vxworks/CMakeFiles/utobj_coverage-vxworks-console.dir/home/user/work/procrace/cfs_cord/cFS/osal/src/os/vxworks/src/os-impl-console.c.o
[ 17%] Built target utobj_coverage-vxworks-console
[ 17%] Building C object osal/unit-test-coverage/vxworks/CMakeFiles/coverage-vxworks-console-testrunner.dir/src/coveragetest-console.c.o
[ 19%] Linking C executable coverage-vxworks-console-testrunner
[ 19%] Built target coverage-vxworks-console-testrunner
[ 19%] Building C object osal/unit-test-coverage/vxworks/CMakeFiles/utobj_coverage-vxworks-countsem.dir/home/user/work/procrace/cfs_cord/cFS/osal/src/os/vxworks/src/os-impl-countsem.c.o
[ 19%] Built target utobj_coverage-vxworks-countsem
[ 19%] Building C object osal/unit-test-coverage/vxworks/CMakeFiles/coverage-vxworks-countsem-testrunner.dir/src/coveragetest-countsem.c.o
[ 19%] Linking C executable coverage-vxworks-countsem-testrunner
[ 19%] Built target coverage-vxworks-countsem-testrunner
[ 19%] Building C object osal/unit-test-coverage/vxworks/CMakeFiles/utobj_coverage-vxworks-dirs-globals.dir/home/user/work/procrace/cfs_cord/cFS/osal/src/os/vxworks/src/os-impl-dirs-globals.c.o
[ 19%] Built target utobj_coverage-vxworks-dirs-globals
[ 19%] Building C object osal/unit-test-coverage/vxworks/CMakeFiles/coverage-vxworks-dirs-globals-testrunner.dir/src/coveragetest-dirs-globals.c.o
[ 19%] Linking C executable coverage-vxworks-dirs-globals-testrunner
[ 19%] Built target coverage-vxworks-dirs-globals-testrunner
[ 19%] Building C object osal/unit-test-coverage/vxworks/CMakeFiles/utobj_coverage-vxworks-files.dir/home/user/work/procrace/cfs_cord/cFS/osal/src/os/vxworks/src/os-impl-files.c.o
[ 19%] Built target utobj_coverage-vxworks-files
[ 19%] Building C object osal/unit-test-coverage/vxworks/CMakeFiles/coverage-vxworks-files-testrunner.dir/src/coveragetest-files.c.o
[ 19%] Linking C executable coverage-vxworks-files-testrunner
[ 19%] Built target coverage-vxworks-files-testrunner
[ 19%] Building C object osal/unit-test-coverage/vxworks/CMakeFiles/utobj_coverage-vxworks-filesys.dir/home/user/work/procrace/cfs_cord/cFS/osal/src/os/vxworks/src/os-impl-filesys.c.o
[ 19%] Built target utobj_coverage-vxworks-filesys
[ 19%] Building C object osal/unit-test-coverage/vxworks/CMakeFiles/coverage-vxworks-filesys-testrunner.dir/src/coveragetest-filesys.c.o
[ 19%] Linking C executable coverage-vxworks-filesys-testrunner
[ 19%] Built target coverage-vxworks-filesys-testrunner
[ 19%] Building C object osal/unit-test-coverage/vxworks/CMakeFiles/utobj_coverage-vxworks-idmap.dir/home/user/work/procrace/cfs_cord/cFS/osal/src/os/vxworks/src/os-impl-idmap.c.o
[ 19%] Built target utobj_coverage-vxworks-idmap
[ 19%] Building C object osal/unit-test-coverage/vxworks/CMakeFiles/coverage-vxworks-idmap-testrunner.dir/src/coveragetest-idmap.c.o
[ 19%] Linking C executable coverage-vxworks-idmap-testrunner
[ 19%] Built target coverage-vxworks-idmap-testrunner
[ 19%] Building C object osal/unit-test-coverage/vxworks/CMakeFiles/utobj_coverage-vxworks-heap.dir/home/user/work/procrace/cfs_cord/cFS/osal/src/os/vxworks/src/os-impl-heap.c.o
[ 19%] Built target utobj_coverage-vxworks-heap
[ 19%] Building C object osal/unit-test-coverage/vxworks/CMakeFiles/coverage-vxworks-heap-testrunner.dir/src/coveragetest-heap.c.o
[ 19%] Linking C executable coverage-vxworks-heap-testrunner
[ 19%] Built target coverage-vxworks-heap-testrunner
[ 19%] Building C object osal/unit-test-coverage/vxworks/CMakeFiles/utobj_coverage-vxworks-loader.dir/home/user/work/procrace/cfs_cord/cFS/osal/src/os/vxworks/src/os-impl-loader.c.o
[ 19%] Built target utobj_coverage-vxworks-loader
[ 19%] Building C object osal/unit-test-coverage/vxworks/CMakeFiles/coverage-vxworks-loader-testrunner.dir/src/coveragetest-loader.c.o
[ 19%] Linking C executable coverage-vxworks-loader-testrunner
[ 19%] Built target coverage-vxworks-loader-testrunner
[ 19%] Building C object osal/unit-test-coverage/vxworks/CMakeFiles/utobj_coverage-vxworks-mutex.dir/home/user/work/procrace/cfs_cord/cFS/osal/src/os/vxworks/src/os-impl-mutex.c.o
[ 19%] Built target utobj_coverage-vxworks-mutex
[ 19%] Building C object osal/unit-test-coverage/vxworks/CMakeFiles/coverage-vxworks-mutex-testrunner.dir/src/coveragetest-mutex.c.o
[ 19%] Linking C executable coverage-vxworks-mutex-testrunner
[ 19%] Built target coverage-vxworks-mutex-testrunner
[ 19%] Building C object osal/unit-test-coverage/vxworks/CMakeFiles/utobj_coverage-vxworks-network.dir/home/user/work/procrace/cfs_cord/cFS/osal/src/os/vxworks/src/os-impl-network.c.o
[ 19%] Built target utobj_coverage-vxworks-network
[ 19%] Building C object osal/unit-test-coverage/vxworks/CMakeFiles/coverage-vxworks-network-testrunner.dir/src/coveragetest-network.c.o
[ 20%] Linking C executable coverage-vxworks-network-testrunner
[ 20%] Built target coverage-vxworks-network-testrunner
[ 20%] Building C object osal/unit-test-coverage/vxworks/CMakeFiles/utobj_coverage-vxworks-queues.dir/home/user/work/procrace/cfs_cord/cFS/osal/src/os/vxworks/src/os-impl-queues.c.o
[ 20%] Built target utobj_coverage-vxworks-queues
[ 20%] Building C object osal/unit-test-coverage/vxworks/CMakeFiles/coverage-vxworks-queues-testrunner.dir/src/coveragetest-queues.c.o
[ 20%] Linking C executable coverage-vxworks-queues-testrunner
[ 20%] Built target coverage-vxworks-queues-testrunner
[ 20%] Building C object osal/unit-test-coverage/vxworks/CMakeFiles/utobj_coverage-vxworks-shell.dir/home/user/work/procrace/cfs_cord/cFS/osal/src/os/vxworks/src/os-impl-shell.c.o
[ 20%] Built target utobj_coverage-vxworks-shell
[ 20%] Building C object osal/unit-test-coverage/vxworks/CMakeFiles/coverage-vxworks-shell-testrunner.dir/src/coveragetest-shell.c.o
[ 20%] Linking C executable coverage-vxworks-shell-testrunner
[ 20%] Built target coverage-vxworks-shell-testrunner
[ 20%] Building C object osal/unit-test-coverage/vxworks/CMakeFiles/utobj_coverage-vxworks-sockets.dir/home/user/work/procrace/cfs_cord/cFS/osal/src/os/vxworks/src/os-impl-sockets.c.o
[ 20%] Built target utobj_coverage-vxworks-sockets
[ 20%] Building C object osal/unit-test-coverage/vxworks/CMakeFiles/coverage-vxworks-sockets-testrunner.dir/src/coveragetest-sockets.c.o
[ 20%] Linking C executable coverage-vxworks-sockets-testrunner
[ 20%] Built target coverage-vxworks-sockets-testrunner
[ 20%] Building C object osal/unit-test-coverage/vxworks/CMakeFiles/utobj_coverage-vxworks-symtab.dir/home/user/work/procrace/cfs_cord/cFS/osal/src/os/vxworks/src/os-impl-symtab.c.o
[ 20%] Built target utobj_coverage-vxworks-symtab
[ 20%] Building C object osal/unit-test-coverage/vxworks/CMakeFiles/coverage-vxworks-symtab-testrunner.dir/src/coveragetest-symtab.c.o
[ 20%] Linking C executable coverage-vxworks-symtab-testrunner
[ 20%] Built target coverage-vxworks-symtab-testrunner
[ 20%] Building C object osal/unit-test-coverage/vxworks/CMakeFiles/utobj_coverage-vxworks-tasks.dir/home/user/work/procrace/cfs_cord/cFS/osal/src/os/vxworks/src/os-impl-tasks.c.o
[ 20%] Built target utobj_coverage-vxworks-tasks
[ 21%] Building C object osal/unit-test-coverage/vxworks/CMakeFiles/coverage-vxworks-tasks-testrunner.dir/src/coveragetest-tasks.c.o
[ 21%] Linking C executable coverage-vxworks-tasks-testrunner
[ 21%] Built target coverage-vxworks-tasks-testrunner
[ 22%] Building C object osal/unit-test-coverage/vxworks/CMakeFiles/utobj_coverage-vxworks-timebase.dir/home/user/work/procrace/cfs_cord/cFS/osal/src/os/vxworks/src/os-impl-timebase.c.o
[ 22%] Built target utobj_coverage-vxworks-timebase
[ 22%] Building C object osal/unit-test-coverage/vxworks/CMakeFiles/coverage-vxworks-timebase-testrunner.dir/src/coveragetest-timebase.c.o
[ 22%] Linking C executable coverage-vxworks-timebase-testrunner
[ 22%] Built target coverage-vxworks-timebase-testrunner
[ 22%] Building C object osal/unit-test-coverage/vxworks/CMakeFiles/utobj_coverage-vxworks-posix-gettime.dir/home/user/work/procrace/cfs_cord/cFS/osal/src/os/portable/os-impl-posix-gettime.c.o
[ 22%] Built target utobj_coverage-vxworks-posix-gettime
[ 22%] Building C object osal/unit-test-coverage/vxworks/CMakeFiles/coverage-vxworks-posix-gettime-testrunner.dir/home/user/work/procrace/cfs_cord/cFS/osal/src/unit-test-coverage/portable/src/coveragetest-posix-gettime.c.o
[ 22%] Linking C executable coverage-vxworks-posix-gettime-testrunner
[ 22%] Built target coverage-vxworks-posix-gettime-testrunner
[ 22%] Building C object osal/unit-test-coverage/vxworks/CMakeFiles/utobj_coverage-vxworks-posix-io.dir/home/user/work/procrace/cfs_cord/cFS/osal/src/os/portable/os-impl-posix-io.c.o
[ 22%] Built target utobj_coverage-vxworks-posix-io
[ 22%] Building C object osal/unit-test-coverage/vxworks/CMakeFiles/coverage-vxworks-posix-io-testrunner.dir/home/user/work/procrace/cfs_cord/cFS/osal/src/unit-test-coverage/portable/src/coveragetest-posix-io.c.o
[ 22%] Linking C executable coverage-vxworks-posix-io-testrunner
[ 22%] Built target coverage-vxworks-posix-io-testrunner
[ 22%] Building C object osal/unit-test-coverage/vxworks/CMakeFiles/utobj_coverage-vxworks-posix-files.dir/home/user/work/procrace/cfs_cord/cFS/osal/src/os/portable/os-impl-posix-files.c.o
[ 22%] Built target utobj_coverage-vxworks-posix-files
[ 22%] Building C object osal/unit-test-coverage/vxworks/CMakeFiles/coverage-vxworks-posix-files-testrunner.dir/home/user/work/procrace/cfs_cord/cFS/osal/src/unit-test-coverage/portable/src/coveragetest-posix-files.c.o
[ 22%] Linking C executable coverage-vxworks-posix-files-testrunner
[ 22%] Built target coverage-vxworks-posix-files-testrunner
[ 22%] Building C object osal/unit-test-coverage/vxworks/CMakeFiles/utobj_coverage-vxworks-posix-file-allocate.dir/home/user/work/procrace/cfs_cord/cFS/osal/src/os/portable/os-impl-posix-file-allocate.c.o
[ 22%] Built target utobj_coverage-vxworks-posix-file-allocate
[ 22%] Building C object osal/unit-test-coverage/vxworks/CMakeFiles/coverage-vxworks-posix-file-allocate-testrunner.dir/home/user/work/procrace/cfs_cord/cFS/osal/src/unit-test-coverage/portable/src/coveragetest-posix-file-allocate.c.o
[ 22%] Linking C executable coverage-vxworks-posix-file-allocate-testrunner
[ 22%] Built target coverage-vxworks-posix-file-allocate-testrunner
[ 22%] Building C object osal/unit-test-coverage/vxworks/CMakeFiles/utobj_coverage-vxworks-posix-dirs.dir/home/user/work/procrace/cfs_cord/cFS/osal/src/os/portable/os-impl-posix-dirs.c.o
[ 22%] Built target utobj_coverage-vxworks-posix-dirs
[ 22%] Building C object osal/unit-test-coverage/vxworks/CMakeFiles/coverage-vxworks-posix-dirs-testrunner.dir/home/user/work/procrace/cfs_cord/cFS/osal/src/unit-test-coverage/portable/src/coveragetest-posix-dirs.c.o
[ 23%] Linking C executable coverage-vxworks-posix-dirs-testrunner
[ 23%] Built target coverage-vxworks-posix-dirs-testrunner
[ 23%] Building C object osal/unit-test-coverage/vxworks/CMakeFiles/utobj_coverage-vxworks-console-bsp.dir/home/user/work/procrace/cfs_cord/cFS/osal/src/os/portable/os-impl-console-bsp.c.o
[ 23%] Built target utobj_coverage-vxworks-console-bsp
[ 23%] Building C object osal/unit-test-coverage/vxworks/CMakeFiles/coverage-vxworks-console-bsp-testrunner.dir/home/user/work/procrace/cfs_cord/cFS/osal/src/unit-test-coverage/portable/src/coveragetest-console-bsp.c.o
[ 23%] Linking C executable coverage-vxworks-console-bsp-testrunner
[ 23%] Built target coverage-vxworks-console-bsp-testrunner
[ 23%] Building C object osal/unit-test-coverage/vxworks/CMakeFiles/utobj_coverage-vxworks-bsd-select.dir/home/user/work/procrace/cfs_cord/cFS/osal/src/os/portable/os-impl-bsd-select.c.o
[ 23%] Built target utobj_coverage-vxworks-bsd-select
[ 23%] Building C object osal/unit-test-coverage/vxworks/CMakeFiles/coverage-vxworks-bsd-select-testrunner.dir/home/user/work/procrace/cfs_cord/cFS/osal/src/unit-test-coverage/portable/src/coveragetest-bsd-select.c.o
[ 23%] Linking C executable coverage-vxworks-bsd-select-testrunner
[ 23%] Built target coverage-vxworks-bsd-select-testrunner
[ 23%] Building C object osal/unit-test-coverage/vxworks/CMakeFiles/utobj_coverage-vxworks-bsd-sockets.dir/home/user/work/procrace/cfs_cord/cFS/osal/src/os/portable/os-impl-bsd-sockets.c.o
[ 23%] Built target utobj_coverage-vxworks-bsd-sockets
[ 23%] Building C object osal/unit-test-coverage/vxworks/CMakeFiles/coverage-vxworks-bsd-sockets-testrunner.dir/home/user/work/procrace/cfs_cord/cFS/osal/src/unit-test-coverage/portable/src/coveragetest-bsd-sockets.c.o
[ 23%] Linking C executable coverage-vxworks-bsd-sockets-testrunner
[ 23%] Built target coverage-vxworks-bsd-sockets-testrunner
[ 23%] Building C object osal/unit-test-coverage/vxworks/CMakeFiles/utobj_coverage-vxworks-bsd-sockets-dns.dir/home/user/work/procrace/cfs_cord/cFS/osal/src/os/portable/os-impl-bsd-sockets-dns.c.o
[ 23%] Built target utobj_coverage-vxworks-bsd-sockets-dns
[ 23%] Building C object osal/unit-test-coverage/vxworks/CMakeFiles/coverage-vxworks-bsd-sockets-dns-testrunner.dir/home/user/work/procrace/cfs_cord/cFS/osal/src/unit-test-coverage/portable/src/coveragetest-bsd-sockets-dns.c.o
[ 23%] Linking C executable coverage-vxworks-bsd-sockets-dns-testrunner
[ 23%] Built target coverage-vxworks-bsd-sockets-dns-testrunner
[ 23%] Building C object osal/unit-test-coverage/vxworks/CMakeFiles/utobj_coverage-vxworks-bsd-sockets-no-dns.dir/home/user/work/procrace/cfs_cord/cFS/osal/src/os/portable/os-impl-bsd-sockets-no-dns.c.o
[ 23%] Built target utobj_coverage-vxworks-bsd-sockets-no-dns
[ 23%] Building C object osal/unit-test-coverage/vxworks/CMakeFiles/coverage-vxworks-bsd-sockets-no-dns-testrunner.dir/home/user/work/procrace/cfs_cord/cFS/osal/src/unit-test-coverage/portable/src/coveragetest-bsd-sockets-no-dns.c.o
[ 23%] Linking C executable coverage-vxworks-bsd-sockets-no-dns-testrunner
[ 23%] Built target coverage-vxworks-bsd-sockets-no-dns-testrunner
[ 23%] Building C object osal/unit-test-coverage/vxworks/CMakeFiles/utobj_coverage-vxworks-no-loader.dir/home/user/work/procrace/cfs_cord/cFS/osal/src/os/portable/os-impl-no-loader.c.o
[ 23%] Built target utobj_coverage-vxworks-no-loader
[ 23%] Building C object osal/unit-test-coverage/vxworks/CMakeFiles/coverage-vxworks-no-loader-testrunner.dir/home/user/work/procrace/cfs_cord/cFS/osal/src/unit-test-coverage/portable/src/coveragetest-no-loader.c.o
[ 23%] Linking C executable coverage-vxworks-no-loader-testrunner
[ 23%] Built target coverage-vxworks-no-loader-testrunner
[ 23%] Building C object osal/unit-test-coverage/vxworks/CMakeFiles/utobj_coverage-vxworks-no-shell.dir/home/user/work/procrace/cfs_cord/cFS/osal/src/os/portable/os-impl-no-shell.c.o
[ 23%] Built target utobj_coverage-vxworks-no-shell
[ 23%] Building C object osal/unit-test-coverage/vxworks/CMakeFiles/coverage-vxworks-no-shell-testrunner.dir/home/user/work/procrace/cfs_cord/cFS/osal/src/unit-test-coverage/portable/src/coveragetest-no-shell.c.o
[ 23%] Linking C executable coverage-vxworks-no-shell-testrunner
[ 23%] Built target coverage-vxworks-no-shell-testrunner
[ 23%] Building C object osal/unit-test-coverage/vxworks/CMakeFiles/utobj_coverage-vxworks-no-symtab.dir/home/user/work/procrace/cfs_cord/cFS/osal/src/os/portable/os-impl-no-symtab.c.o
[ 23%] Built target utobj_coverage-vxworks-no-symtab
[ 23%] Building C object osal/unit-test-coverage/vxworks/CMakeFiles/coverage-vxworks-no-symtab-testrunner.dir/home/user/work/procrace/cfs_cord/cFS/osal/src/unit-test-coverage/portable/src/coveragetest-no-symtab.c.o
[ 23%] Linking C executable coverage-vxworks-no-symtab-testrunner
[ 23%] Built target coverage-vxworks-no-symtab-testrunner
[ 23%] Building C object osal/unit-test-coverage/vxworks/CMakeFiles/utobj_coverage-vxworks-no-network-gethostname.dir/home/user/work/procrace/cfs_cord/cFS/osal/src/os/portable/os-impl-no-network-gethostname.c.o
[ 23%] Built target utobj_coverage-vxworks-no-network-gethostname
[ 23%] Building C object osal/unit-test-coverage/vxworks/CMakeFiles/coverage-vxworks-no-network-gethostname-testrunner.dir/home/user/work/procrace/cfs_cord/cFS/osal/src/unit-test-coverage/portable/src/coveragetest-no-network-gethostname.c.o
[ 23%] Linking C executable coverage-vxworks-no-network-gethostname-testrunner
[ 23%] Built target coverage-vxworks-no-network-gethostname-testrunner
[ 23%] Building C object osal/unit-test-coverage/vxworks/CMakeFiles/utobj_coverage-vxworks-no-network-gethostid.dir/home/user/work/procrace/cfs_cord/cFS/osal/src/os/portable/os-impl-no-network-gethostid.c.o
[ 23%] Built target utobj_coverage-vxworks-no-network-gethostid
[ 23%] Building C object osal/unit-test-coverage/vxworks/CMakeFiles/coverage-vxworks-no-network-gethostid-testrunner.dir/home/user/work/procrace/cfs_cord/cFS/osal/src/unit-test-coverage/portable/src/coveragetest-no-network-gethostid.c.o
[ 23%] Linking C executable coverage-vxworks-no-network-gethostid-testrunner
[ 23%] Built target coverage-vxworks-no-network-gethostid-testrunner
[ 23%] Building C object osal/unit-test-coverage/vxworks/CMakeFiles/utobj_coverage-vxworks-no-sockets.dir/home/user/work/procrace/cfs_cord/cFS/osal/src/os/portable/os-impl-no-sockets.c.o
[ 23%] Built target utobj_coverage-vxworks-no-sockets
[ 23%] Building C object osal/unit-test-coverage/vxworks/CMakeFiles/coverage-vxworks-no-sockets-testrunner.dir/home/user/work/procrace/cfs_cord/cFS/osal/src/unit-test-coverage/portable/src/coveragetest-no-sockets.c.o
[ 23%] Linking C executable coverage-vxworks-no-sockets-testrunner
[ 23%] Built target coverage-vxworks-no-sockets-testrunner
[ 23%] Building C object osal/unit-test-coverage/vxworks/CMakeFiles/utobj_coverage-vxworks-no-condvar.dir/home/user/work/procrace/cfs_cord/cFS/osal/src/os/portable/os-impl-no-condvar.c.o
[ 23%] Built target utobj_coverage-vxworks-no-condvar
[ 23%] Building C object osal/unit-test-coverage/vxworks/CMakeFiles/coverage-vxworks-no-condvar-testrunner.dir/home/user/work/procrace/cfs_cord/cFS/osal/src/unit-test-coverage/portable/src/coveragetest-no-condvar.c.o
[ 23%] Linking C executable coverage-vxworks-no-condvar-testrunner
[ 23%] Built target coverage-vxworks-no-condvar-testrunner
[ 24%] Building C object osal/unit-test-coverage/vxworks/CMakeFiles/utobj_coverage-vxworks-no-file-allocate.dir/home/user/work/procrace/cfs_cord/cFS/osal/src/os/portable/os-impl-no-file-allocate.c.o
[ 24%] Built target utobj_coverage-vxworks-no-file-allocate
[ 24%] Building C object osal/unit-test-coverage/vxworks/CMakeFiles/coverage-vxworks-no-file-allocate-testrunner.dir/home/user/work/procrace/cfs_cord/cFS/osal/src/unit-test-coverage/portable/src/coveragetest-no-file-allocate.c.o
[ 24%] Linking C executable coverage-vxworks-no-file-allocate-testrunner
[ 24%] Built target coverage-vxworks-no-file-allocate-testrunner
[ 24%] Building C object osal/unit-test-coverage/shared/CMakeFiles/os-shared-coverage-support.dir/src/os-shared-coverage-support.c.o
[ 24%] Linking C static library libos-shared-coverage-support.a
[ 24%] Built target os-shared-coverage-support
[ 24%] Building C object osal/unit-test-coverage/shared/CMakeFiles/utobj_coverage-shared-binsem.dir/home/user/work/procrace/cfs_cord/cFS/osal/src/os/shared/src/osapi-binsem.c.o
[ 24%] Built target utobj_coverage-shared-binsem
[ 24%] Building C object osal/unit-test-coverage/shared/adaptors/CMakeFiles/ut-adaptor-shared.dir/src/ut-adaptor-module.c.o
[ 24%] Linking C static library libut-adaptor-shared.a
[ 24%] Built target ut-adaptor-shared
[ 24%] Building C object osal/unit-test-coverage/shared/CMakeFiles/coverage-shared-binsem-testrunner.dir/src/coveragetest-binsem.c.o
[ 24%] Linking C executable coverage-shared-binsem-testrunner
[ 24%] Built target coverage-shared-binsem-testrunner
[ 24%] Building C object osal/unit-test-coverage/shared/CMakeFiles/utobj_coverage-shared-clock.dir/home/user/work/procrace/cfs_cord/cFS/osal/src/os/shared/src/osapi-clock.c.o
[ 24%] Built target utobj_coverage-shared-clock
[ 24%] Building C object osal/unit-test-coverage/shared/CMakeFiles/coverage-shared-clock-testrunner.dir/src/coveragetest-clock.c.o
[ 24%] Linking C executable coverage-shared-clock-testrunner
[ 24%] Built target coverage-shared-clock-testrunner
[ 24%] Building C object osal/unit-test-coverage/shared/CMakeFiles/utobj_coverage-shared-common.dir/home/user/work/procrace/cfs_cord/cFS/osal/src/os/shared/src/osapi-common.c.o
[ 24%] Built target utobj_coverage-shared-common
[ 25%] Building C object osal/unit-test-coverage/shared/CMakeFiles/coverage-shared-common-testrunner.dir/src/coveragetest-common.c.o
[ 25%] Linking C executable coverage-shared-common-testrunner
[ 25%] Built target coverage-shared-common-testrunner
[ 25%] Building C object osal/unit-test-coverage/shared/CMakeFiles/utobj_coverage-shared-condvar.dir/home/user/work/procrace/cfs_cord/cFS/osal/src/os/shared/src/osapi-condvar.c.o
[ 25%] Built target utobj_coverage-shared-condvar
[ 25%] Building C object osal/unit-test-coverage/shared/CMakeFiles/coverage-shared-condvar-testrunner.dir/src/coveragetest-condvar.c.o
[ 25%] Linking C executable coverage-shared-condvar-testrunner
[ 25%] Built target coverage-shared-condvar-testrunner
[ 25%] Building C object osal/unit-test-coverage/shared/CMakeFiles/utobj_coverage-shared-countsem.dir/home/user/work/procrace/cfs_cord/cFS/osal/src/os/shared/src/osapi-countsem.c.o
[ 25%] Built target utobj_coverage-shared-countsem
[ 25%] Building C object osal/unit-test-coverage/shared/CMakeFiles/coverage-shared-countsem-testrunner.dir/src/coveragetest-countsem.c.o
[ 25%] Linking C executable coverage-shared-countsem-testrunner
[ 25%] Built target coverage-shared-countsem-testrunner
[ 26%] Building C object osal/unit-test-coverage/shared/CMakeFiles/utobj_coverage-shared-dir.dir/home/user/work/procrace/cfs_cord/cFS/osal/src/os/shared/src/osapi-dir.c.o
[ 26%] Built target utobj_coverage-shared-dir
[ 26%] Building C object osal/unit-test-coverage/shared/CMakeFiles/coverage-shared-dir-testrunner.dir/src/coveragetest-dir.c.o
[ 26%] Linking C executable coverage-shared-dir-testrunner
[ 26%] Built target coverage-shared-dir-testrunner
[ 26%] Building C object osal/unit-test-coverage/shared/CMakeFiles/utobj_coverage-shared-errors.dir/home/user/work/procrace/cfs_cord/cFS/osal/src/os/shared/src/osapi-errors.c.o
[ 26%] Built target utobj_coverage-shared-errors
[ 26%] Building C object osal/unit-test-coverage/shared/CMakeFiles/coverage-shared-errors-testrunner.dir/src/coveragetest-errors.c.o
[ 26%] Linking C executable coverage-shared-errors-testrunner
[ 26%] Built target coverage-shared-errors-testrunner
[ 26%] Building C object osal/unit-test-coverage/shared/CMakeFiles/utobj_coverage-shared-file.dir/home/user/work/procrace/cfs_cord/cFS/osal/src/os/shared/src/osapi-file.c.o
[ 26%] Built target utobj_coverage-shared-file
[ 26%] Building C object osal/unit-test-coverage/shared/CMakeFiles/coverage-shared-file-testrunner.dir/src/coveragetest-file.c.o
[ 26%] Linking C executable coverage-shared-file-testrunner
[ 26%] Built target coverage-shared-file-testrunner
[ 26%] Building C object osal/unit-test-coverage/shared/CMakeFiles/utobj_coverage-shared-filesys.dir/home/user/work/procrace/cfs_cord/cFS/osal/src/os/shared/src/osapi-filesys.c.o
[ 26%] Built target utobj_coverage-shared-filesys
[ 26%] Building C object osal/unit-test-coverage/shared/CMakeFiles/coverage-shared-filesys-testrunner.dir/src/coveragetest-filesys.c.o
[ 26%] Linking C executable coverage-shared-filesys-testrunner
[ 26%] Built target coverage-shared-filesys-testrunner
[ 26%] Building C object osal/unit-test-coverage/shared/CMakeFiles/utobj_coverage-shared-heap.dir/home/user/work/procrace/cfs_cord/cFS/osal/src/os/shared/src/osapi-heap.c.o
[ 26%] Built target utobj_coverage-shared-heap
[ 26%] Building C object osal/unit-test-coverage/shared/CMakeFiles/coverage-shared-heap-testrunner.dir/src/coveragetest-heap.c.o
[ 26%] Linking C executable coverage-shared-heap-testrunner
[ 26%] Built target coverage-shared-heap-testrunner
[ 26%] Building C object osal/unit-test-coverage/shared/CMakeFiles/utobj_coverage-shared-idmap.dir/home/user/work/procrace/cfs_cord/cFS/osal/src/os/shared/src/osapi-idmap.c.o
[ 26%] Built target utobj_coverage-shared-idmap
[ 26%] Building C object osal/unit-test-coverage/shared/CMakeFiles/coverage-shared-idmap-testrunner.dir/src/coveragetest-idmap.c.o
[ 26%] Linking C executable coverage-shared-idmap-testrunner
[ 26%] Built target coverage-shared-idmap-testrunner
[ 26%] Building C object osal/unit-test-coverage/shared/CMakeFiles/utobj_coverage-shared-module.dir/home/user/work/procrace/cfs_cord/cFS/osal/src/os/shared/src/osapi-module.c.o
[ 26%] Built target utobj_coverage-shared-module
[ 28%] Building C object osal/unit-test-coverage/shared/CMakeFiles/coverage-shared-module-testrunner.dir/src/coveragetest-module.c.o
[ 28%] Linking C executable coverage-shared-module-testrunner
[ 28%] Built target coverage-shared-module-testrunner
[ 28%] Building C object osal/unit-test-coverage/shared/CMakeFiles/utobj_coverage-shared-mutex.dir/home/user/work/procrace/cfs_cord/cFS/osal/src/os/shared/src/osapi-mutex.c.o
[ 28%] Built target utobj_coverage-shared-mutex
[ 28%] Building C object osal/unit-test-coverage/shared/CMakeFiles/coverage-shared-mutex-testrunner.dir/src/coveragetest-mutex.c.o
[ 28%] Linking C executable coverage-shared-mutex-testrunner
[ 28%] Built target coverage-shared-mutex-testrunner
[ 28%] Building C object osal/unit-test-coverage/shared/CMakeFiles/utobj_coverage-shared-network.dir/home/user/work/procrace/cfs_cord/cFS/osal/src/os/shared/src/osapi-network.c.o
[ 28%] Built target utobj_coverage-shared-network
[ 28%] Building C object osal/unit-test-coverage/shared/CMakeFiles/coverage-shared-network-testrunner.dir/src/coveragetest-network.c.o
[ 28%] Linking C executable coverage-shared-network-testrunner
[ 28%] Built target coverage-shared-network-testrunner
[ 28%] Building C object osal/unit-test-coverage/shared/CMakeFiles/utobj_coverage-shared-printf.dir/home/user/work/procrace/cfs_cord/cFS/osal/src/os/shared/src/osapi-printf.c.o
[ 28%] Built target utobj_coverage-shared-printf
[ 28%] Building C object osal/unit-test-coverage/shared/CMakeFiles/coverage-shared-printf-testrunner.dir/src/coveragetest-printf.c.o
[ 28%] Linking C executable coverage-shared-printf-testrunner
[ 28%] Built target coverage-shared-printf-testrunner
[ 28%] Building C object osal/unit-test-coverage/shared/CMakeFiles/utobj_coverage-shared-queue.dir/home/user/work/procrace/cfs_cord/cFS/osal/src/os/shared/src/osapi-queue.c.o
[ 28%] Built target utobj_coverage-shared-queue
[ 28%] Building C object osal/unit-test-coverage/shared/CMakeFiles/coverage-shared-queue-testrunner.dir/src/coveragetest-queue.c.o
[ 28%] Linking C executable coverage-shared-queue-testrunner
[ 28%] Built target coverage-shared-queue-testrunner
[ 28%] Building C object osal/unit-test-coverage/shared/CMakeFiles/utobj_coverage-shared-rwlock.dir/home/user/work/procrace/cfs_cord/cFS/osal/src/os/shared/src/osapi-rwlock.c.o
[ 28%] Built target utobj_coverage-shared-rwlock
[ 28%] Building C object osal/unit-test-coverage/shared/CMakeFiles/coverage-shared-rwlock-testrunner.dir/src/coveragetest-rwlock.c.o
[ 28%] Linking C executable coverage-shared-rwlock-testrunner
[ 28%] Built target coverage-shared-rwlock-testrunner
[ 28%] Building C object osal/unit-test-coverage/shared/CMakeFiles/utobj_coverage-shared-select.dir/home/user/work/procrace/cfs_cord/cFS/osal/src/os/shared/src/osapi-select.c.o
[ 28%] Built target utobj_coverage-shared-select
[ 28%] Building C object osal/unit-test-coverage/shared/CMakeFiles/coverage-shared-select-testrunner.dir/src/coveragetest-select.c.o
[ 28%] Linking C executable coverage-shared-select-testrunner
[ 28%] Built target coverage-shared-select-testrunner
[ 28%] Building C object osal/unit-test-coverage/shared/CMakeFiles/utobj_coverage-shared-sockets.dir/home/user/work/procrace/cfs_cord/cFS/osal/src/os/shared/src/osapi-sockets.c.o
[ 28%] Built target utobj_coverage-shared-sockets
[ 28%] Building C object osal/unit-test-coverage/shared/CMakeFiles/coverage-shared-sockets-testrunner.dir/src/coveragetest-sockets.c.o
[ 28%] Linking C executable coverage-shared-sockets-testrunner
[ 28%] Built target coverage-shared-sockets-testrunner
[ 28%] Building C object osal/unit-test-coverage/shared/CMakeFiles/utobj_coverage-shared-task.dir/home/user/work/procrace/cfs_cord/cFS/osal/src/os/shared/src/osapi-task.c.o
[ 28%] Built target utobj_coverage-shared-task
[ 28%] Building C object osal/unit-test-coverage/shared/CMakeFiles/coverage-shared-task-testrunner.dir/src/coveragetest-task.c.o
[ 28%] Linking C executable coverage-shared-task-testrunner
[ 28%] Built target coverage-shared-task-testrunner
[ 28%] Building C object osal/unit-test-coverage/shared/CMakeFiles/utobj_coverage-shared-timebase.dir/home/user/work/procrace/cfs_cord/cFS/osal/src/os/shared/src/osapi-timebase.c.o
[ 28%] Built target utobj_coverage-shared-timebase
[ 28%] Building C object osal/unit-test-coverage/shared/CMakeFiles/coverage-shared-timebase-testrunner.dir/src/coveragetest-timebase.c.o
[ 28%] Linking C executable coverage-shared-timebase-testrunner
[ 28%] Built target coverage-shared-timebase-testrunner
[ 28%] Building C object osal/unit-test-coverage/shared/CMakeFiles/utobj_coverage-shared-time.dir/home/user/work/procrace/cfs_cord/cFS/osal/src/os/shared/src/osapi-time.c.o
[ 28%] Built target utobj_coverage-shared-time
[ 29%] Building C object osal/unit-test-coverage/shared/CMakeFiles/coverage-shared-time-testrunner.dir/src/coveragetest-time.c.o
[ 29%] Linking C executable coverage-shared-time-testrunner
[ 29%] Built target coverage-shared-time-testrunner
[ 29%] Building C object osal/unit-test-coverage/shared/CMakeFiles/utobj_coverage-shared-version.dir/home/user/work/procrace/cfs_cord/cFS/osal/src/os/shared/src/osapi-version.c.o
[ 29%] Built target utobj_coverage-shared-version
[ 29%] Building C object osal/unit-test-coverage/shared/CMakeFiles/coverage-shared-version-testrunner.dir/src/coveragetest-version.c.o
[ 29%] Linking C executable coverage-shared-version-testrunner
[ 29%] Built target coverage-shared-version-testrunner
[ 29%] Building C object osal/tests/CMakeFiles/bin-sem-test.dir/bin-sem-test/bin-sem-test.c.o
[ 29%] Linking C executable bin-sem-test
[ 29%] Built target bin-sem-test
[ 29%] Building C object osal/tests/CMakeFiles/bin-sem-timeout-test.dir/bin-sem-timeout-test/bin-sem-timeout-test.c.o
[ 29%] Linking C executable bin-sem-timeout-test
[ 29%] Built target bin-sem-timeout-test
[ 29%] Building C object osal/tests/CMakeFiles/condvar-test.dir/condvar-test/condvar-test.c.o
[ 29%] Linking C executable condvar-test
[ 29%] Built target condvar-test
[ 29%] Building C object osal/tests/CMakeFiles/count-sem-test.dir/count-sem-test/count-sem-test.c.o
[ 29%] Linking C executable count-sem-test
[ 29%] Built target count-sem-test
[ 29%] Building C object osal/tests/CMakeFiles/count-sem-timeout-test.dir/count-sem-timeout-test/count-sem-timeout-test.c.o
[ 29%] Linking C executable count-sem-timeout-test
[ 29%] Built target count-sem-timeout-test
[ 29%] Building C object osal/tests/CMakeFiles/file-api-test.dir/file-api-test/file-api-test.c.o
[ 29%] Linking C executable file-api-test
[ 29%] Built target file-api-test
[ 29%] Building C object osal/tests/CMakeFiles/file-sys-add-fixed-map-api-test.dir/file-sys-add-fixed-map-api-test/file-sys-add-fixed-map-api-test.c.o
[ 29%] Linking C executable file-sys-add-fixed-map-api-test
[ 29%] Built target file-sys-add-fixed-map-api-test
[ 29%] Building C object osal/tests/CMakeFiles/idmap-api-test.dir/idmap-api-test/idmap-api-test.c.o
[ 29%] Linking C executable idmap-api-test
[ 29%] Built target idmap-api-test
[ 29%] Building C object osal/tests/CMakeFiles/mutex-test.dir/mutex-test/mutex-test.c.o
[ 29%] Linking C executable mutex-test
[ 29%] Built target mutex-test
[ 29%] Building C object osal/tests/CMakeFiles/network-api-test.dir/network-api-test/network-api-test.c.o
[ 29%] Linking C executable network-api-test
[ 29%] Built target network-api-test
[ 29%] Building C object osal/tests/CMakeFiles/osal-core-test.dir/osal-core-test/osal-core-test.c.o
[ 29%] Linking C executable osal-core-test
[ 29%] Built target osal-core-test
[ 29%] Building C object osal/tests/CMakeFiles/queue-test.dir/queue-test/queue-test.c.o
[ 29%] Linking C executable queue-test
[ 29%] Built target queue-test
[ 29%] Building C object osal/tests/CMakeFiles/rwlock-test.dir/rwlock-test/rwlock-test.c.o
[ 29%] Linking C executable rwlock-test
[ 29%] Built target rwlock-test
[ 29%] Building C object osal/tests/CMakeFiles/select-test.dir/select-test/select-test.c.o
[ 29%] Linking C executable select-test
[ 29%] Built target select-test
[ 29%] Building C object osal/tests/CMakeFiles/sem-speed-test.dir/sem-speed-test/sem-speed-test.c.o
[ 29%] Linking C executable sem-speed-test
[ 29%] Built target sem-speed-test
[ 29%] Building C object osal/tests/CMakeFiles/shell-test.dir/shell-test/shell-test.c.o
[ 29%] Linking C executable shell-test
[ 29%] Built target shell-test
[ 29%] Building C object osal/tests/CMakeFiles/symbol-api-test.dir/symbol-api-test/symbol-api-test.c.o
[ 29%] Linking C executable symbol-api-test
[ 29%] Built target symbol-api-test
[ 29%] Building C object osal/tests/CMakeFiles/time-base-api-test.dir/time-base-api-test/time-base-api-test.c.o
[ 29%] Linking C executable time-base-api-test
[ 29%] Built target time-base-api-test
[ 29%] Building C object osal/tests/CMakeFiles/timer-add-api-test.dir/timer-add-api-test/timer-add-api-test.c.o
[ 29%] Linking C executable timer-add-api-test
[ 29%] Built target timer-add-api-test
[ 29%] Building C object osal/tests/CMakeFiles/timer-test.dir/timer-test/timer-test.c.o
[ 30%] Linking C executable timer-test
[ 30%] Built target timer-test
[ 30%] Building C object osal/unit-tests/oscore-test/CMakeFiles/osal_core_UT.dir/ut_oscore_binsem_test.c.o
[ 30%] Building C object osal/unit-tests/oscore-test/CMakeFiles/osal_core_UT.dir/ut_oscore_misc_test.c.o
[ 30%] Building C object osal/unit-tests/oscore-test/CMakeFiles/osal_core_UT.dir/ut_oscore_queue_test.c.o
[ 30%] Building C object osal/unit-tests/oscore-test/CMakeFiles/osal_core_UT.dir/ut_oscore_select_test.c.o
[ 30%] Building C object osal/unit-tests/oscore-test/CMakeFiles/osal_core_UT.dir/ut_oscore_countsem_test.c.o
[ 30%] Building C object osal/unit-tests/oscore-test/CMakeFiles/osal_core_UT.dir/ut_oscore_mutex_test.c.o
[ 30%] Building C object osal/unit-tests/oscore-test/CMakeFiles/osal_core_UT.dir/ut_oscore_task_test.c.o
[ 31%] Building C object osal/unit-tests/oscore-test/CMakeFiles/osal_core_UT.dir/ut_oscore_test.c.o
[ 31%] Linking C executable osal_core_UT
[ 31%] Built target osal_core_UT
[ 31%] Building C object osal/unit-tests/osloader-test/CMakeFiles/MODULE0.dir/ut_module.c.o
[ 31%] Linking C shared library utmod/MODULE0.so
[ 31%] Built target MODULE0
[ 31%] Building C object osal/unit-tests/osloader-test/CMakeFiles/MODULE20.dir/ut_module.c.o
[ 31%] Linking C shared library utmod/MODULE20.so
[ 31%] Built target MODULE20
[ 31%] Building C object osal/unit-tests/osloader-test/CMakeFiles/MODULE19.dir/ut_module.c.o
[ 31%] Linking C shared library utmod/MODULE19.so
[ 31%] Built target MODULE19
[ 31%] Building C object osal/unit-tests/osloader-test/CMakeFiles/MODULE18.dir/ut_module.c.o
[ 31%] Linking C shared library utmod/MODULE18.so
[ 31%] Built target MODULE18
[ 31%] Building C object osal/unit-tests/osloader-test/CMakeFiles/MODULE17.dir/ut_module.c.o
[ 31%] Linking C shared library utmod/MODULE17.so
[ 31%] Built target MODULE17
[ 31%] Building C object osal/unit-tests/osloader-test/CMakeFiles/MODULE16.dir/ut_module.c.o
[ 32%] Linking C shared library utmod/MODULE16.so
[ 32%] Built target MODULE16
[ 32%] Building C object osal/unit-tests/osloader-test/CMakeFiles/MODULE15.dir/ut_module.c.o
[ 32%] Linking C shared library utmod/MODULE15.so
[ 32%] Built target MODULE15
[ 32%] Building C object osal/unit-tests/osloader-test/CMakeFiles/MODULE14.dir/ut_module.c.o
[ 32%] Linking C shared library utmod/MODULE14.so
[ 32%] Built target MODULE14
[ 32%] Building C object osal/unit-tests/osloader-test/CMakeFiles/MODULE13.dir/ut_module.c.o
[ 32%] Linking C shared library utmod/MODULE13.so
[ 32%] Built target MODULE13
[ 32%] Building C object osal/unit-tests/osloader-test/CMakeFiles/MODULE12.dir/ut_module.c.o
[ 32%] Linking C shared library utmod/MODULE12.so
[ 32%] Built target MODULE12
[ 32%] Building C object osal/unit-tests/osloader-test/CMakeFiles/MODULE11.dir/ut_module.c.o
[ 32%] Linking C shared library utmod/MODULE11.so
[ 32%] Built target MODULE11
[ 32%] Building C object osal/unit-tests/osloader-test/CMakeFiles/MODULE10.dir/ut_module.c.o
[ 32%] Linking C shared library utmod/MODULE10.so
[ 32%] Built target MODULE10
[ 32%] Building C object osal/unit-tests/osloader-test/CMakeFiles/MODULE9.dir/ut_module.c.o
[ 32%] Linking C shared library utmod/MODULE9.so
[ 32%] Built target MODULE9
[ 32%] Building C object osal/unit-tests/osloader-test/CMakeFiles/MODULE8.dir/ut_module.c.o
[ 32%] Linking C shared library utmod/MODULE8.so
[ 32%] Built target MODULE8
[ 32%] Building C object osal/unit-tests/osloader-test/CMakeFiles/MODULE7.dir/ut_module.c.o
[ 32%] Linking C shared library utmod/MODULE7.so
[ 32%] Built target MODULE7
[ 32%] Building C object osal/unit-tests/osloader-test/CMakeFiles/MODULE6.dir/ut_module.c.o
[ 33%] Linking C shared library utmod/MODULE6.so
[ 33%] Built target MODULE6
[ 33%] Building C object osal/unit-tests/osloader-test/CMakeFiles/MODULE5.dir/ut_module.c.o
[ 33%] Linking C shared library utmod/MODULE5.so
[ 33%] Built target MODULE5
[ 33%] Building C object osal/unit-tests/osloader-test/CMakeFiles/MODULE4.dir/ut_module.c.o
[ 33%] Linking C shared library utmod/MODULE4.so
[ 33%] Built target MODULE4
[ 33%] Building C object osal/unit-tests/osloader-test/CMakeFiles/MODULE3.dir/ut_module.c.o
[ 33%] Linking C shared library utmod/MODULE3.so
[ 33%] Built target MODULE3
[ 33%] Building C object osal/unit-tests/osloader-test/CMakeFiles/MODULE2.dir/ut_module.c.o
[ 33%] Linking C shared library utmod/MODULE2.so
[ 33%] Built target MODULE2
[ 33%] Building C object osal/unit-tests/osloader-test/CMakeFiles/MODULE1.dir/ut_module.c.o
[ 33%] Linking C shared library utmod/MODULE1.so
[ 33%] Built target MODULE1
[ 33%] Building C object osal/unit-tests/osloader-test/CMakeFiles/osal_loader_UT.dir/ut_osloader_module_test.c.o
[ 33%] Building C object osal/unit-tests/osloader-test/CMakeFiles/osal_loader_UT.dir/ut_osloader_symtable_test.c.o
[ 33%] Building C object osal/unit-tests/osloader-test/CMakeFiles/osal_loader_UT.dir/ut_osloader_test.c.o
[ 33%] Linking C executable osal_loader_UT
[ 33%] Built target osal_loader_UT
[ 33%] Building C object osal/unit-tests/osfilesys-test/CMakeFiles/osal_filesys_UT.dir/ut_osfilesys_diskio_test.c.o
[ 33%] Building C object osal/unit-tests/osfilesys-test/CMakeFiles/osal_filesys_UT.dir/ut_osfilesys_test.c.o
[ 33%] Linking C executable osal_filesys_UT
[ 33%] Built target osal_filesys_UT
[ 33%] Building C object osal/unit-tests/osfile-test/CMakeFiles/osal_file_UT.dir/ut_osfile_fileio_test.c.o
[ 33%] Building C object osal/unit-tests/osfile-test/CMakeFiles/osal_file_UT.dir/ut_osfile_dirio_test.c.o
[ 33%] Building C object osal/unit-tests/osfile-test/CMakeFiles/osal_file_UT.dir/ut_osfile_test.c.o
[ 33%] Linking C executable osal_file_UT
[ 33%] Built target osal_file_UT
[ 33%] Building C object osal/unit-tests/osnetwork-test/CMakeFiles/osal_network_UT.dir/ut_osnetwork_misc_test.c.o
[ 33%] Building C object osal/unit-tests/osnetwork-test/CMakeFiles/osal_network_UT.dir/ut_osnetwork_test.c.o
[ 34%] Linking C executable osal_network_UT
[ 34%] Built target osal_network_UT
[ 34%] Building C object osal/unit-tests/ostimer-test/CMakeFiles/osal_timer_UT.dir/ut_ostimer_timerio_test.c.o
[ 34%] Building C object osal/unit-tests/ostimer-test/CMakeFiles/osal_timer_UT.dir/ut_ostimer_test.c.o
[ 34%] Linking C executable osal_timer_UT
[ 34%] Built target osal_timer_UT
[ 34%] Building C object psp/ut-stubs/CMakeFiles/ut_psp_api_stubs.dir/src/cfe_psp_cache_api_stubs.c.o
[ 34%] Building C object psp/ut-stubs/CMakeFiles/ut_psp_api_stubs.dir/src/cfe_psp_cds_api_handlers.c.o
[ 34%] Building C object psp/ut-stubs/CMakeFiles/ut_psp_api_stubs.dir/src/cfe_psp_cds_api_stubs.c.o
[ 34%] Building C object psp/ut-stubs/CMakeFiles/ut_psp_api_stubs.dir/src/cfe_psp_eepromaccess_api_stubs.c.o
[ 34%] Building C object psp/ut-stubs/CMakeFiles/ut_psp_api_stubs.dir/src/cfe_psp_endian_handlers.c.o
[ 34%] Building C object psp/ut-stubs/CMakeFiles/ut_psp_api_stubs.dir/src/cfe_psp_endian_stubs.c.o
[ 34%] Building C object psp/ut-stubs/CMakeFiles/ut_psp_api_stubs.dir/src/cfe_psp_error_stubs.c.o
[ 34%] Building C object psp/ut-stubs/CMakeFiles/ut_psp_api_stubs.dir/src/cfe_psp_exception_api_handlers.c.o
[ 34%] Building C object psp/ut-stubs/CMakeFiles/ut_psp_api_stubs.dir/src/cfe_psp_exception_api_stubs.c.o
[ 34%] Building C object psp/ut-stubs/CMakeFiles/ut_psp_api_stubs.dir/src/cfe_psp_exceptionstorage_api_stubs.c.o
[ 34%] Building C object psp/ut-stubs/CMakeFiles/ut_psp_api_stubs.dir/src/cfe_psp_globaldata_stubs.c.o
[ 34%] Building C object psp/ut-stubs/CMakeFiles/ut_psp_api_stubs.dir/src/cfe_psp_id_api_handlers.c.o
[ 35%] Building C object psp/ut-stubs/CMakeFiles/ut_psp_api_stubs.dir/src/cfe_psp_id_api_stubs.c.o
[ 35%] Building C object psp/ut-stubs/CMakeFiles/ut_psp_api_stubs.dir/src/cfe_psp_memaccess_api_handlers.c.o
[ 35%] Building C object psp/ut-stubs/CMakeFiles/ut_psp_api_stubs.dir/src/cfe_psp_memaccess_api_stubs.c.o
[ 35%] Building C object psp/ut-stubs/CMakeFiles/ut_psp_api_stubs.dir/src/cfe_psp_memory_stubs.c.o
[ 35%] Building C object psp/ut-stubs/CMakeFiles/ut_psp_api_stubs.dir/src/cfe_psp_memrange_api_handlers.c.o
[ 35%] Building C object psp/ut-stubs/CMakeFiles/ut_psp_api_stubs.dir/src/cfe_psp_memrange_api_stubs.c.o
[ 35%] Building C object psp/ut-stubs/CMakeFiles/ut_psp_api_stubs.dir/src/cfe_psp_module_stubs.c.o
[ 35%] Building C object psp/ut-stubs/CMakeFiles/ut_psp_api_stubs.dir/src/cfe_psp_port_api_stubs.c.o
[ 35%] Building C object psp/ut-stubs/CMakeFiles/ut_psp_api_stubs.dir/src/cfe_psp_ssr_api_stubs.c.o
[ 35%] Building C object psp/ut-stubs/CMakeFiles/ut_psp_api_stubs.dir/src/cfe_psp_stubs.c.o
[ 35%] Building C object psp/ut-stubs/CMakeFiles/ut_psp_api_stubs.dir/src/cfe_psp_timertick_api_handlers.c.o
[ 35%] Building C object psp/ut-stubs/CMakeFiles/ut_psp_api_stubs.dir/src/cfe_psp_timertick_api_stubs.c.o
[ 35%] Building C object psp/ut-stubs/CMakeFiles/ut_psp_api_stubs.dir/src/cfe_psp_version_api_handlers.c.o
[ 35%] Building C object psp/ut-stubs/CMakeFiles/ut_psp_api_stubs.dir/src/cfe_psp_version_api_stubs.c.o
[ 35%] Building C object psp/ut-stubs/CMakeFiles/ut_psp_api_stubs.dir/src/cfe_psp_watchdog_api_handlers.c.o
[ 35%] Building C object psp/ut-stubs/CMakeFiles/ut_psp_api_stubs.dir/src/cfe_psp_watchdog_api_stubs.c.o
[ 35%] Linking C static library libut_psp_api_stubs.a
[ 35%] Built target ut_psp_api_stubs
[ 35%] Building C object core_api/ut-stubs/CMakeFiles/ut_core_api_stubs.dir/src/cfe_config_handlers.c.o
[ 35%] Building C object core_api/ut-stubs/CMakeFiles/ut_core_api_stubs.dir/src/cfe_config_stubs.c.o
[ 35%] Building C object core_api/ut-stubs/CMakeFiles/ut_core_api_stubs.dir/src/cfe_es_handlers.c.o
[ 35%] Building C object core_api/ut-stubs/CMakeFiles/ut_core_api_stubs.dir/src/cfe_es_stubs.c.o
[ 35%] Building C object core_api/ut-stubs/CMakeFiles/ut_core_api_stubs.dir/src/cfe_evs_handlers.c.o
[ 35%] Building C object core_api/ut-stubs/CMakeFiles/ut_core_api_stubs.dir/src/cfe_evs_stubs.c.o
[ 35%] Building C object core_api/ut-stubs/CMakeFiles/ut_core_api_stubs.dir/src/cfe_fs_handlers.c.o
[ 37%] Building C object core_api/ut-stubs/CMakeFiles/ut_core_api_stubs.dir/src/cfe_fs_stubs.c.o
[ 37%] Building C object core_api/ut-stubs/CMakeFiles/ut_core_api_stubs.dir/src/cfe_msg_handlers.c.o
[ 37%] Building C object core_api/ut-stubs/CMakeFiles/ut_core_api_stubs.dir/src/cfe_msg_stubs.c.o
[ 37%] Building C object core_api/ut-stubs/CMakeFiles/ut_core_api_stubs.dir/src/cfe_resourceid_handlers.c.o
[ 37%] Building C object core_api/ut-stubs/CMakeFiles/ut_core_api_stubs.dir/src/cfe_resourceid_stubs.c.o
[ 37%] Building C object core_api/ut-stubs/CMakeFiles/ut_core_api_stubs.dir/src/cfe_sb_handlers.c.o
[ 37%] Building C object core_api/ut-stubs/CMakeFiles/ut_core_api_stubs.dir/src/cfe_sb_stubs.c.o
[ 37%] Building C object core_api/ut-stubs/CMakeFiles/ut_core_api_stubs.dir/src/cfe_tbl_handlers.c.o
[ 37%] Building C object core_api/ut-stubs/CMakeFiles/ut_core_api_stubs.dir/src/cfe_tbl_stubs.c.o
[ 37%] Building C object core_api/ut-stubs/CMakeFiles/ut_core_api_stubs.dir/src/cfe_time_handlers.c.o
[ 37%] Building C object core_api/ut-stubs/CMakeFiles/ut_core_api_stubs.dir/src/cfe_time_stubs.c.o
[ 37%] Linking C static library libut_core_api_stubs.a
[ 37%] Built target ut_core_api_stubs
[ 37%] Building C object core_private/ut-stubs/CMakeFiles/ut_core_private_stubs.dir/src/cfe_config_core_internal_stubs.c.o
[ 37%] Building C object core_private/ut-stubs/CMakeFiles/ut_core_private_stubs.dir/src/cfe_es_core_internal_handlers.c.o
[ 37%] Building C object core_private/ut-stubs/CMakeFiles/ut_core_private_stubs.dir/src/cfe_es_core_internal_stubs.c.o
[ 37%] Building C object core_private/ut-stubs/CMakeFiles/ut_core_private_stubs.dir/src/cfe_evs_core_internal_stubs.c.o
[ 37%] Building C object core_private/ut-stubs/CMakeFiles/ut_core_private_stubs.dir/src/cfe_fs_core_internal_handlers.c.o
[ 37%] Building C object core_private/ut-stubs/CMakeFiles/ut_core_private_stubs.dir/src/cfe_fs_core_internal_stubs.c.o
[ 38%] Building C object core_private/ut-stubs/CMakeFiles/ut_core_private_stubs.dir/src/cfe_sb_core_internal_stubs.c.o
[ 38%] Building C object core_private/ut-stubs/CMakeFiles/ut_core_private_stubs.dir/src/cfe_tbl_core_internal_stubs.c.o
[ 38%] Building C object core_private/ut-stubs/CMakeFiles/ut_core_private_stubs.dir/src/cfe_time_core_internal_stubs.c.o
[ 38%] Building C object core_private/ut-stubs/CMakeFiles/ut_core_private_stubs.dir/src/ut_osprintf_stubs.c.o
[ 38%] Building C object core_private/ut-stubs/CMakeFiles/ut_core_private_stubs.dir/src/ut_support.c.o
[ 38%] Linking C static library libut_core_private_stubs.a
[ 38%] Built target ut_core_private_stubs
[ 39%] Generating ../src/cfe_platformcfg_tables.c
[ 39%] Building C object config/CMakeFiles/config.dir/fsw/src/cfe_config_init.c.o
[ 39%] Building C object config/CMakeFiles/config.dir/fsw/src/cfe_config_lookup.c.o
[ 39%] Building C object config/CMakeFiles/config.dir/fsw/src/cfe_config_get.c.o
[ 39%] Building C object config/CMakeFiles/config.dir/fsw/src/cfe_config_set.c.o
[ 39%] Building C object config/CMakeFiles/config.dir/fsw/src/cfe_config_objtab.c.o
[ 39%] Building C object config/CMakeFiles/config.dir/fsw/src/cfe_config_eds_disabled.c.o
[ 39%] Building C object config/CMakeFiles/config.dir/home/user/work/procrace/cfs_cord/cFS/build-native_std/src/cfe_configid_nametable.c.o
[ 39%] Building C object config/CMakeFiles/config.dir/__/src/cfe_platformcfg_tables.c.o
[ 39%] Linking C static library libconfig.a
[ 39%] Built target config
[ 39%] Building C object config/ut-coverage/CMakeFiles/coverage-cfe_config_internal-stubs.dir/ut-stubs/cfe_config_init_stubs.c.o
[ 39%] Building C object config/ut-coverage/CMakeFiles/coverage-cfe_config_internal-stubs.dir/ut-stubs/cfe_config_external_stubs.c.o
[ 39%] Building C object config/ut-coverage/CMakeFiles/coverage-cfe_config_internal-stubs.dir/ut-stubs/cfe_config_lookup_stubs.c.o
[ 39%] Building C object config/ut-coverage/CMakeFiles/coverage-cfe_config_internal-stubs.dir/ut-stubs/cfe_config_set_stubs.c.o
[ 39%] Linking C static library libcoverage-cfe_config_internal-stubs.a
[ 39%] Built target coverage-cfe_config_internal-stubs
[ 39%] Building C object config/ut-coverage/CMakeFiles/coverage-config-ALL-object.dir/__/fsw/src/cfe_config_init.c.o
[ 39%] Building C object config/ut-coverage/CMakeFiles/coverage-config-ALL-object.dir/__/fsw/src/cfe_config_lookup.c.o
[ 39%] Building C object config/ut-coverage/CMakeFiles/coverage-config-ALL-object.dir/__/fsw/src/cfe_config_get.c.o
[ 39%] Building C object config/ut-coverage/CMakeFiles/coverage-config-ALL-object.dir/__/fsw/src/cfe_config_set.c.o
[ 39%] Building C object config/ut-coverage/CMakeFiles/coverage-config-ALL-object.dir/__/fsw/src/cfe_config_objtab.c.o
[ 39%] Building C object config/ut-coverage/CMakeFiles/coverage-config-ALL-object.dir/__/fsw/src/cfe_config_eds_disabled.c.o
[ 39%] Built target coverage-config-ALL-object
[ 39%] Building C object config/ut-coverage/CMakeFiles/coverage-config-ALL-testrunner.dir/test_cfe_config.c.o
[ 40%] Linking C executable coverage-config-ALL-testrunner
[ 40%] Built target coverage-config-ALL-testrunner
[ 40%] Building C object es/CMakeFiles/es.dir/fsw/src/cfe_es_api.c.o
[ 40%] Building C object es/CMakeFiles/es.dir/fsw/src/cfe_es_apps.c.o
[ 40%] Building C object es/CMakeFiles/es.dir/fsw/src/cfe_es_backgroundtask.c.o
[ 40%] Building C object es/CMakeFiles/es.dir/fsw/src/cfe_es_cds.c.o
[ 40%] Building C object es/CMakeFiles/es.dir/fsw/src/cfe_es_cds_mempool.c.o
[ 40%] Building C object es/CMakeFiles/es.dir/fsw/src/cfe_es_crc.c.o
[ 40%] Building C object es/CMakeFiles/es.dir/fsw/src/cfe_es_erlog.c.o
[ 40%] Building C object es/CMakeFiles/es.dir/fsw/src/cfe_es_generic_pool.c.o
[ 40%] Building C object es/CMakeFiles/es.dir/fsw/src/cfe_es_mempool.c.o
[ 41%] Building C object es/CMakeFiles/es.dir/fsw/src/cfe_es_objtab.c.o
[ 41%] Building C object es/CMakeFiles/es.dir/fsw/src/cfe_es_perf.c.o
[ 41%] Building C object es/CMakeFiles/es.dir/fsw/src/cfe_es_resource.c.o
[ 41%] Building C object es/CMakeFiles/es.dir/fsw/src/cfe_es_start.c.o
[ 41%] Building C object es/CMakeFiles/es.dir/fsw/src/cfe_es_syslog.c.o
[ 41%] Building C object es/CMakeFiles/es.dir/fsw/src/cfe_es_task.c.o
[ 41%] Building C object es/CMakeFiles/es.dir/fsw/src/cfe_es_dispatch.c.o
[ 41%] Building C object es/CMakeFiles/es.dir/__/__/cord/cord.c.o
[ 41%] Linking C static library libes.a
[ 41%] Built target es
[ 41%] Building C object es/ut-coverage/CMakeFiles/coverage-es-ALL-object.dir/__/fsw/src/cfe_es_api.c.o
[ 41%] Building C object es/ut-coverage/CMakeFiles/coverage-es-ALL-object.dir/__/fsw/src/cfe_es_apps.c.o
[ 41%] Building C object es/ut-coverage/CMakeFiles/coverage-es-ALL-object.dir/__/fsw/src/cfe_es_backgroundtask.c.o
[ 41%] Building C object es/ut-coverage/CMakeFiles/coverage-es-ALL-object.dir/__/fsw/src/cfe_es_cds.c.o
[ 41%] Building C object es/ut-coverage/CMakeFiles/coverage-es-ALL-object.dir/__/fsw/src/cfe_es_cds_mempool.c.o
[ 41%] Building C object es/ut-coverage/CMakeFiles/coverage-es-ALL-object.dir/__/fsw/src/cfe_es_crc.c.o
[ 41%] Building C object es/ut-coverage/CMakeFiles/coverage-es-ALL-object.dir/__/fsw/src/cfe_es_erlog.c.o
[ 41%] Building C object es/ut-coverage/CMakeFiles/coverage-es-ALL-object.dir/__/fsw/src/cfe_es_generic_pool.c.o
[ 41%] Building C object es/ut-coverage/CMakeFiles/coverage-es-ALL-object.dir/__/fsw/src/cfe_es_mempool.c.o
[ 41%] Building C object es/ut-coverage/CMakeFiles/coverage-es-ALL-object.dir/__/fsw/src/cfe_es_objtab.c.o
[ 41%] Building C object es/ut-coverage/CMakeFiles/coverage-es-ALL-object.dir/__/fsw/src/cfe_es_perf.c.o
[ 41%] Building C object es/ut-coverage/CMakeFiles/coverage-es-ALL-object.dir/__/fsw/src/cfe_es_resource.c.o
[ 41%] Building C object es/ut-coverage/CMakeFiles/coverage-es-ALL-object.dir/__/fsw/src/cfe_es_start.c.o
[ 41%] Building C object es/ut-coverage/CMakeFiles/coverage-es-ALL-object.dir/__/fsw/src/cfe_es_syslog.c.o
[ 41%] Building C object es/ut-coverage/CMakeFiles/coverage-es-ALL-object.dir/__/fsw/src/cfe_es_task.c.o
[ 41%] Building C object es/ut-coverage/CMakeFiles/coverage-es-ALL-object.dir/__/fsw/src/cfe_es_dispatch.c.o
[ 41%] Built target coverage-es-ALL-object
[ 41%] Building C object es/ut-coverage/CMakeFiles/coverage-es-ALL-testrunner.dir/es_ut_helpers.c.o
[ 42%] Building C object es/ut-coverage/CMakeFiles/coverage-es-ALL-testrunner.dir/es_UT.c.o
[ 42%] Building C object es/ut-coverage/CMakeFiles/coverage-es-ALL-testrunner.dir/es_UT_objtab.c.o
[ 42%] Building C object es/ut-coverage/CMakeFiles/coverage-es-ALL-testrunner.dir/es_UT_static_module_list.c.o
[ 42%] Building C object es/ut-coverage/CMakeFiles/coverage-es-ALL-testrunner.dir/es_ut_default_dispatch.c.o
[ 42%] Linking C executable coverage-es-ALL-testrunner
[ 42%] Built target coverage-es-ALL-testrunner
[ 42%] Building C object evs/CMakeFiles/evs.dir/fsw/src/cfe_evs.c.o
[ 42%] Building C object evs/CMakeFiles/evs.dir/fsw/src/cfe_evs_log.c.o
[ 42%] Building C object evs/CMakeFiles/evs.dir/fsw/src/cfe_evs_task.c.o
[ 42%] Building C object evs/CMakeFiles/evs.dir/fsw/src/cfe_evs_utils.c.o
[ 42%] Building C object evs/CMakeFiles/evs.dir/fsw/src/cfe_evs_objtab.c.o
[ 42%] Building C object evs/CMakeFiles/evs.dir/fsw/src/cfe_evs_dispatch.c.o
[ 42%] Linking C static library libevs.a
[ 42%] Built target evs
[ 42%] Building C object evs/ut-coverage/CMakeFiles/coverage-evs-ALL-object.dir/__/fsw/src/cfe_evs.c.o
[ 42%] Building C object evs/ut-coverage/CMakeFiles/coverage-evs-ALL-object.dir/__/fsw/src/cfe_evs_log.c.o
[ 42%] Building C object evs/ut-coverage/CMakeFiles/coverage-evs-ALL-object.dir/__/fsw/src/cfe_evs_task.c.o
[ 42%] Building C object evs/ut-coverage/CMakeFiles/coverage-evs-ALL-object.dir/__/fsw/src/cfe_evs_utils.c.o
[ 42%] Building C object evs/ut-coverage/CMakeFiles/coverage-evs-ALL-object.dir/__/fsw/src/cfe_evs_objtab.c.o
[ 42%] Building C object evs/ut-coverage/CMakeFiles/coverage-evs-ALL-object.dir/__/fsw/src/cfe_evs_dispatch.c.o
[ 42%] Built target coverage-evs-ALL-object
[ 42%] Building C object evs/ut-coverage/CMakeFiles/coverage-evs-ALL-testrunner.dir/evs_ut_helpers.c.o
[ 42%] Building C object evs/ut-coverage/CMakeFiles/coverage-evs-ALL-testrunner.dir/evs_UT.c.o
[ 42%] Building C object evs/ut-coverage/CMakeFiles/coverage-evs-ALL-testrunner.dir/evs_ut_default_dispatch.c.o
[ 42%] Linking C executable coverage-evs-ALL-testrunner
[ 42%] Built target coverage-evs-ALL-testrunner
[ 42%] Building C object fs/CMakeFiles/fs.dir/fsw/src/cfe_fs_api.c.o
[ 42%] Building C object fs/CMakeFiles/fs.dir/fsw/src/cfe_fs_priv.c.o
[ 42%] Building C object fs/CMakeFiles/fs.dir/fsw/src/cfe_fs_objtab.c.o
[ 42%] Linking C static library libfs.a
[ 42%] Built target fs
[ 42%] Building C object fs/ut-coverage/CMakeFiles/coverage-fs-ALL-object.dir/__/fsw/src/cfe_fs_api.c.o
[ 42%] Building C object fs/ut-coverage/CMakeFiles/coverage-fs-ALL-object.dir/__/fsw/src/cfe_fs_priv.c.o
[ 42%] Building C object fs/ut-coverage/CMakeFiles/coverage-fs-ALL-object.dir/__/fsw/src/cfe_fs_objtab.c.o
[ 42%] Built target coverage-fs-ALL-object
[ 42%] Building C object fs/ut-coverage/CMakeFiles/coverage-fs-ALL-testrunner.dir/fs_UT.c.o
[ 42%] Linking C executable coverage-fs-ALL-testrunner
[ 42%] Built target coverage-fs-ALL-testrunner
[ 42%] Building C object sb/CMakeFiles/sb.dir/fsw/src/cfe_sb_api.c.o
[ 42%] Building C object sb/CMakeFiles/sb.dir/fsw/src/cfe_sb_buf.c.o
[ 42%] Building C object sb/CMakeFiles/sb.dir/fsw/src/cfe_sb_init.c.o
[ 42%] Building C object sb/CMakeFiles/sb.dir/fsw/src/cfe_sb_priv.c.o
[ 42%] Building C object sb/CMakeFiles/sb.dir/fsw/src/cfe_sb_task.c.o
[ 42%] Building C object sb/CMakeFiles/sb.dir/fsw/src/cfe_sb_util.c.o
[ 42%] Building C object sb/CMakeFiles/sb.dir/fsw/src/cfe_sb_objtab.c.o
[ 42%] Building C object sb/CMakeFiles/sb.dir/fsw/src/cfe_sb_dispatch.c.o
[ 42%] Building C object sb/CMakeFiles/sb.dir/fsw/src/cfe_sb_msg_id_util.c.o
[ 42%] Linking C static library libsb.a
[ 42%] Built target sb
[ 42%] Building C object sb/ut-coverage/CMakeFiles/coverage-sb-ALL-object.dir/__/fsw/src/cfe_sb_api.c.o
[ 42%] Building C object sb/ut-coverage/CMakeFiles/coverage-sb-ALL-object.dir/__/fsw/src/cfe_sb_buf.c.o
[ 42%] Building C object sb/ut-coverage/CMakeFiles/coverage-sb-ALL-object.dir/__/fsw/src/cfe_sb_init.c.o
[ 42%] Building C object sb/ut-coverage/CMakeFiles/coverage-sb-ALL-object.dir/__/fsw/src/cfe_sb_priv.c.o
[ 42%] Building C object sb/ut-coverage/CMakeFiles/coverage-sb-ALL-object.dir/__/fsw/src/cfe_sb_task.c.o
[ 42%] Building C object sb/ut-coverage/CMakeFiles/coverage-sb-ALL-object.dir/__/fsw/src/cfe_sb_util.c.o
[ 42%] Building C object sb/ut-coverage/CMakeFiles/coverage-sb-ALL-object.dir/__/fsw/src/cfe_sb_objtab.c.o
[ 42%] Building C object sb/ut-coverage/CMakeFiles/coverage-sb-ALL-object.dir/__/fsw/src/cfe_sb_dispatch.c.o
[ 42%] Building C object sb/ut-coverage/CMakeFiles/coverage-sb-ALL-object.dir/__/fsw/src/cfe_sb_msg_id_util.c.o
[ 42%] Built target coverage-sb-ALL-object
[ 43%] Building C object sbr/CMakeFiles/sbr.dir/fsw/src/cfe_sbr_map_hash.c.o
[ 43%] Building C object sbr/CMakeFiles/sbr.dir/fsw/src/cfe_sbr_route_unsorted.c.o
[ 43%] Building C object sbr/CMakeFiles/sbr.dir/fsw/src/cfe_sbr_objtab.c.o
[ 43%] Linking C static library libsbr.a
[ 43%] Built target sbr
[ 43%] Building C object sb/ut-coverage/CMakeFiles/coverage-sb-ALL-testrunner.dir/sb_ut_helpers.c.o
[ 43%] Building C object sb/ut-coverage/CMakeFiles/coverage-sb-ALL-testrunner.dir/sb_UT.c.o
[ 43%] Building C object sb/ut-coverage/CMakeFiles/coverage-sb-ALL-testrunner.dir/sb_ut_default_dispatch.c.o
[ 43%] Linking C executable coverage-sb-ALL-testrunner
[ 43%] Built target coverage-sb-ALL-testrunner
[ 43%] Building C object tbl/CMakeFiles/tbl.dir/fsw/src/cfe_tbl_api.c.o
[ 43%] Building C object tbl/CMakeFiles/tbl.dir/fsw/src/cfe_tbl_accdesc.c.o
[ 43%] Building C object tbl/CMakeFiles/tbl.dir/fsw/src/cfe_tbl_load.c.o
[ 43%] Building C object tbl/CMakeFiles/tbl.dir/fsw/src/cfe_tbl_loadbuff.c.o
[ 44%] Building C object tbl/CMakeFiles/tbl.dir/fsw/src/cfe_tbl_registry.c.o
[ 44%] Building C object tbl/CMakeFiles/tbl.dir/fsw/src/cfe_tbl_regrec.c.o
[ 44%] Building C object tbl/CMakeFiles/tbl.dir/fsw/src/cfe_tbl_dump.c.o
[ 44%] Building C object tbl/CMakeFiles/tbl.dir/fsw/src/cfe_tbl_dumpctl.c.o
[ 44%] Building C object tbl/CMakeFiles/tbl.dir/fsw/src/cfe_tbl_handlelink.c.o
[ 44%] Building C object tbl/CMakeFiles/tbl.dir/fsw/src/cfe_tbl_valresult.c.o
[ 44%] Building C object tbl/CMakeFiles/tbl.dir/fsw/src/cfe_tbl_internal.c.o
[ 44%] Building C object tbl/CMakeFiles/tbl.dir/fsw/src/cfe_tbl_transaction.c.o
[ 44%] Building C object tbl/CMakeFiles/tbl.dir/fsw/src/cfe_tbl_task.c.o
[ 44%] Building C object tbl/CMakeFiles/tbl.dir/fsw/src/cfe_tbl_task_cmds.c.o
[ 44%] Building C object tbl/CMakeFiles/tbl.dir/fsw/src/cfe_tbl_objtab.c.o
[ 44%] Building C object tbl/CMakeFiles/tbl.dir/fsw/src/cfe_tbl_passthru_codec.c.o
[ 44%] Building C object tbl/CMakeFiles/tbl.dir/fsw/src/cfe_tbl_dispatch.c.o
[ 44%] Linking C static library libtbl.a
[ 44%] Built target tbl
[ 44%] Building C object tbl/ut-coverage/CMakeFiles/coverage-tbl-ALL-object.dir/__/fsw/src/cfe_tbl_api.c.o
[ 44%] Building C object tbl/ut-coverage/CMakeFiles/coverage-tbl-ALL-object.dir/__/fsw/src/cfe_tbl_accdesc.c.o
[ 44%] Building C object tbl/ut-coverage/CMakeFiles/coverage-tbl-ALL-object.dir/__/fsw/src/cfe_tbl_load.c.o
[ 44%] Building C object tbl/ut-coverage/CMakeFiles/coverage-tbl-ALL-object.dir/__/fsw/src/cfe_tbl_loadbuff.c.o
[ 44%] Building C object tbl/ut-coverage/CMakeFiles/coverage-tbl-ALL-object.dir/__/fsw/src/cfe_tbl_registry.c.o
[ 44%] Building C object tbl/ut-coverage/CMakeFiles/coverage-tbl-ALL-object.dir/__/fsw/src/cfe_tbl_regrec.c.o
[ 44%] Building C object tbl/ut-coverage/CMakeFiles/coverage-tbl-ALL-object.dir/__/fsw/src/cfe_tbl_dump.c.o
[ 44%] Building C object tbl/ut-coverage/CMakeFiles/coverage-tbl-ALL-object.dir/__/fsw/src/cfe_tbl_dumpctl.c.o
[ 44%] Building C object tbl/ut-coverage/CMakeFiles/coverage-tbl-ALL-object.dir/__/fsw/src/cfe_tbl_handlelink.c.o
[ 44%] Building C object tbl/ut-coverage/CMakeFiles/coverage-tbl-ALL-object.dir/__/fsw/src/cfe_tbl_valresult.c.o
[ 44%] Building C object tbl/ut-coverage/CMakeFiles/coverage-tbl-ALL-object.dir/__/fsw/src/cfe_tbl_internal.c.o
[ 44%] Building C object tbl/ut-coverage/CMakeFiles/coverage-tbl-ALL-object.dir/__/fsw/src/cfe_tbl_transaction.c.o
[ 46%] Building C object tbl/ut-coverage/CMakeFiles/coverage-tbl-ALL-object.dir/__/fsw/src/cfe_tbl_task.c.o
[ 46%] Building C object tbl/ut-coverage/CMakeFiles/coverage-tbl-ALL-object.dir/__/fsw/src/cfe_tbl_task_cmds.c.o
[ 46%] Building C object tbl/ut-coverage/CMakeFiles/coverage-tbl-ALL-object.dir/__/fsw/src/cfe_tbl_objtab.c.o
[ 46%] Building C object tbl/ut-coverage/CMakeFiles/coverage-tbl-ALL-object.dir/__/fsw/src/cfe_tbl_passthru_codec.c.o
[ 46%] Building C object tbl/ut-coverage/CMakeFiles/coverage-tbl-ALL-object.dir/__/fsw/src/cfe_tbl_dispatch.c.o
[ 46%] Built target coverage-tbl-ALL-object
[ 46%] Building C object tbl/ut-coverage/CMakeFiles/coverage-tbl-ALL-testrunner.dir/tbl_ut_helpers.c.o
[ 46%] Building C object tbl/ut-coverage/CMakeFiles/coverage-tbl-ALL-testrunner.dir/tbl_UT.c.o
[ 46%] Building C object tbl/ut-coverage/CMakeFiles/coverage-tbl-ALL-testrunner.dir/tbl_ut_load.c.o
[ 46%] Building C object tbl/ut-coverage/CMakeFiles/coverage-tbl-ALL-testrunner.dir/tbl_ut_support_passthru.c.o
[ 46%] Linking C executable coverage-tbl-ALL-testrunner
[ 46%] Built target coverage-tbl-ALL-testrunner
[ 46%] Building C object time/CMakeFiles/time.dir/fsw/src/cfe_time_api.c.o
[ 46%] Building C object time/CMakeFiles/time.dir/fsw/src/cfe_time_task.c.o
[ 46%] Building C object time/CMakeFiles/time.dir/fsw/src/cfe_time_tone.c.o
[ 46%] Building C object time/CMakeFiles/time.dir/fsw/src/cfe_time_utils.c.o
[ 46%] Building C object time/CMakeFiles/time.dir/fsw/src/cfe_time_objtab.c.o
[ 46%] Building C object time/CMakeFiles/time.dir/fsw/src/cfe_time_dispatch.c.o
[ 46%] Linking C static library libtime.a
[ 46%] Built target time
[ 46%] Building C object time/ut-coverage/CMakeFiles/coverage-time-ALL-object.dir/__/fsw/src/cfe_time_api.c.o
[ 46%] Building C object time/ut-coverage/CMakeFiles/coverage-time-ALL-object.dir/__/fsw/src/cfe_time_task.c.o
[ 46%] Building C object time/ut-coverage/CMakeFiles/coverage-time-ALL-object.dir/__/fsw/src/cfe_time_tone.c.o
[ 46%] Building C object time/ut-coverage/CMakeFiles/coverage-time-ALL-object.dir/__/fsw/src/cfe_time_utils.c.o
[ 46%] Building C object time/ut-coverage/CMakeFiles/coverage-time-ALL-object.dir/__/fsw/src/cfe_time_objtab.c.o
[ 46%] Building C object time/ut-coverage/CMakeFiles/coverage-time-ALL-object.dir/__/fsw/src/cfe_time_dispatch.c.o
[ 46%] Built target coverage-time-ALL-object
[ 46%] Building C object time/ut-coverage/CMakeFiles/coverage-time-ALL-testrunner.dir/time_ut_helpers.c.o
[ 47%] Building C object time/ut-coverage/CMakeFiles/coverage-time-ALL-testrunner.dir/time_UT.c.o
[ 47%] Building C object time/ut-coverage/CMakeFiles/coverage-time-ALL-testrunner.dir/time_ut_default_dispatch.c.o
[ 47%] Linking C executable coverage-time-ALL-testrunner
[ 47%] Built target coverage-time-ALL-testrunner
[ 47%] Building C object psp/ram_notimpl-pc-linux-impl/CMakeFiles/ram_notimpl.dir/cfe_psp_ram_notimpl.c.o
[ 47%] Linking C static library libram_notimpl.a
[ 47%] Built target ram_notimpl
[ 47%] Building C object psp/pc-linux-impl/CMakeFiles/psp-pc-linux-impl.dir/src/cfe_psp_exception.c.o
[ 47%] Building C object psp/pc-linux-impl/CMakeFiles/psp-pc-linux-impl.dir/src/cfe_psp_memory.c.o
[ 47%] Building C object psp/pc-linux-impl/CMakeFiles/psp-pc-linux-impl.dir/src/cfe_psp_ssr.c.o
[ 47%] Building C object psp/pc-linux-impl/CMakeFiles/psp-pc-linux-impl.dir/src/cfe_psp_start.c.o
[ 47%] Building C object psp/pc-linux-impl/CMakeFiles/psp-pc-linux-impl.dir/src/cfe_psp_support.c.o
[ 47%] Building C object psp/pc-linux-impl/CMakeFiles/psp-pc-linux-impl.dir/src/cfe_psp_watchdog.c.o
[ 47%] Built target psp-pc-linux-impl
[ 47%] Building C object psp/pc-linux-shared/CMakeFiles/psp-pc-linux-shared.dir/src/cfe_psp_error.c.o
[ 47%] Building C object psp/pc-linux-shared/CMakeFiles/psp-pc-linux-shared.dir/src/cfe_psp_exceptionstorage.c.o
[ 47%] Building C object psp/pc-linux-shared/CMakeFiles/psp-pc-linux-shared.dir/src/cfe_psp_memrange.c.o
[ 47%] Building C object psp/pc-linux-shared/CMakeFiles/psp-pc-linux-shared.dir/src/cfe_psp_memutils.c.o
[ 47%] Building C object psp/pc-linux-shared/CMakeFiles/psp-pc-linux-shared.dir/src/cfe_psp_module.c.o
[ 47%] Building C object psp/pc-linux-shared/CMakeFiles/psp-pc-linux-shared.dir/src/cfe_psp_version.c.o
[ 47%] Built target psp-pc-linux-shared
[ 47%] Building C object psp/soft_timebase-pc-linux-impl/CMakeFiles/soft_timebase.dir/cfe_psp_soft_timebase.c.o
[ 47%] Linking C static library libsoft_timebase.a
[ 47%] Built target soft_timebase
[ 47%] Building C object psp/timebase_posix_clock-pc-linux-impl/CMakeFiles/timebase_posix_clock.dir/cfe_psp_timebase_posix_clock.c.o
[ 47%] Linking C static library libtimebase_posix_clock.a
[ 47%] Built target timebase_posix_clock
[ 47%] Building C object psp/eeprom_mmap_file-pc-linux-impl/CMakeFiles/eeprom_mmap_file.dir/cfe_psp_eeprom_mmap_file.c.o
[ 47%] Linking C static library libeeprom_mmap_file.a
[ 47%] Built target eeprom_mmap_file
[ 48%] Building C object psp/port_notimpl-pc-linux-impl/CMakeFiles/port_notimpl.dir/cfe_psp_port_notimpl.c.o
[ 48%] Linking C static library libport_notimpl.a
[ 48%] Built target port_notimpl
[ 48%] Building C object psp/iodriver-pc-linux-impl/CMakeFiles/iodriver.dir/src/iodriver.c.o
[ 49%] Linking C static library libiodriver.a
[ 49%] Built target iodriver
[ 49%] Building C object psp/linux_sysmon-pc-linux-impl/CMakeFiles/linux_sysmon.dir/linux_sysmon.c.o
[ 49%] Linking C static library liblinux_sysmon.a
[ 49%] Built target linux_sysmon
[ 49%] Building C object psp/endian_api-pc-linux-impl/CMakeFiles/endian_api.dir/cfe_psp_endian_common.c.o
[ 49%] Building C object psp/endian_api-pc-linux-impl/CMakeFiles/endian_api.dir/cfe_psp_endian_wrappers.c.o
[ 49%] Linking C static library libendian_api.a
[ 49%] Built target endian_api
[ 49%] Building C object psp/CMakeFiles/psp-pc-linux.dir/pc-linux_module_list.c.o
[ 49%] Linking C static library libpsp-pc-linux.a
[ 49%] Built target psp-pc-linux
[ 49%] Building C object psp/iodriver-pc-linux-impl/ut-stubs/CMakeFiles/coverage-iodriver-stubs.dir/iodriver_base_stubs.c.o
[ 49%] Building C object psp/iodriver-pc-linux-impl/ut-stubs/CMakeFiles/coverage-iodriver-stubs.dir/iodriver_impl_stubs.c.o
[ 49%] Linking C static library libcoverage-iodriver-stubs.a
[ 49%] Built target coverage-iodriver-stubs
[ 49%] Building C object psp/unit-test-coverage/modules/timebase_vxworks/CMakeFiles/coverage-pspmod-timebase_vxworks-object.dir/home/user/work/procrace/cfs_cord/cFS/psp/fsw/modules/timebase_vxworks/cfe_psp_timebase_vxworks.c.o
[ 49%] Built target coverage-pspmod-timebase_vxworks-object
[ 49%] Building C object psp/unit-test-coverage/ut-stubs/CMakeFiles/ut_psp_libc_stubs.dir/src/PCS_arch_ppc_vxPpcLib_handlers.c.o
[ 49%] Building C object psp/unit-test-coverage/ut-stubs/CMakeFiles/ut_psp_libc_stubs.dir/src/PCS_arch_ppc_vxPpcLib_stubs.c.o
[ 49%] Building C object psp/unit-test-coverage/ut-stubs/CMakeFiles/ut_psp_libc_stubs.dir/src/PCS_arpa_inet_handlers.c.o
[ 49%] Building C object psp/unit-test-coverage/ut-stubs/CMakeFiles/ut_psp_libc_stubs.dir/src/PCS_arpa_inet_stubs.c.o
[ 49%] Building C object psp/unit-test-coverage/ut-stubs/CMakeFiles/ut_psp_libc_stubs.dir/src/PCS_bsdnet_handlers.c.o
[ 49%] Building C object psp/unit-test-coverage/ut-stubs/CMakeFiles/ut_psp_libc_stubs.dir/src/PCS_bsdnet_stubs.c.o
[ 49%] Building C object psp/unit-test-coverage/ut-stubs/CMakeFiles/ut_psp_libc_stubs.dir/src/PCS_cacheLib_stubs.c.o
[ 49%] Building C object psp/unit-test-coverage/ut-stubs/CMakeFiles/ut_psp_libc_stubs.dir/src/PCS_cfe_configdata_stubs.c.o
[ 49%] Building C object psp/unit-test-coverage/ut-stubs/CMakeFiles/ut_psp_libc_stubs.dir/src/PCS_dosFsLib_stubs.c.o
[ 49%] Building C object psp/unit-test-coverage/ut-stubs/CMakeFiles/ut_psp_libc_stubs.dir/src/PCS_drv_hdisk_ataDrv_stubs.c.o
[ 49%] Building C object psp/unit-test-coverage/ut-stubs/CMakeFiles/ut_psp_libc_stubs.dir/src/PCS_drv_pci_pciConfigLib_handlers.c.o
[ 49%] Building C object psp/unit-test-coverage/ut-stubs/CMakeFiles/ut_psp_libc_stubs.dir/src/PCS_drv_pci_pciConfigLib_stubs.c.o
[ 49%] Building C object psp/unit-test-coverage/ut-stubs/CMakeFiles/ut_psp_libc_stubs.dir/src/PCS_endian_stubs.c.o
[ 50%] Building C object psp/unit-test-coverage/ut-stubs/CMakeFiles/ut_psp_libc_stubs.dir/src/PCS_errno_globals.c.o
[ 50%] Building C object psp/unit-test-coverage/ut-stubs/CMakeFiles/ut_psp_libc_stubs.dir/src/PCS_errnoLib_stubs.c.o
[ 50%] Building C object psp/unit-test-coverage/ut-stubs/CMakeFiles/ut_psp_libc_stubs.dir/src/PCS_excLib_stubs.c.o
[ 50%] Building C object psp/unit-test-coverage/ut-stubs/CMakeFiles/ut_psp_libc_stubs.dir/src/PCS_fcntl_stubs.c.o
[ 50%] Building C object psp/unit-test-coverage/ut-stubs/CMakeFiles/ut_psp_libc_stubs.dir/src/PCS_fppLib_stubs.c.o
[ 50%] Building C object psp/unit-test-coverage/ut-stubs/CMakeFiles/ut_psp_libc_stubs.dir/src/PCS_intLib_stubs.c.o
[ 50%] Building C object psp/unit-test-coverage/ut-stubs/CMakeFiles/ut_psp_libc_stubs.dir/src/PCS_moduleLib_handlers.c.o
[ 50%] Building C object psp/unit-test-coverage/ut-stubs/CMakeFiles/ut_psp_libc_stubs.dir/src/PCS_moduleLib_stubs.c.o
[ 50%] Building C object psp/unit-test-coverage/ut-stubs/CMakeFiles/ut_psp_libc_stubs.dir/src/PCS_netinet_in_stubs.c.o
[ 50%] Building C object psp/unit-test-coverage/ut-stubs/CMakeFiles/ut_psp_libc_stubs.dir/src/PCS_ramDrv_stubs.c.o
[ 50%] Building C object psp/unit-test-coverage/ut-stubs/CMakeFiles/ut_psp_libc_stubs.dir/src/PCS_rebootLib_stubs.c.o
[ 50%] Building C object psp/unit-test-coverage/ut-stubs/CMakeFiles/ut_psp_libc_stubs.dir/src/PCS_speLib_stubs.c.o
[ 50%] Building C object psp/unit-test-coverage/ut-stubs/CMakeFiles/ut_psp_libc_stubs.dir/src/PCS_spyLibP_stubs.c.o
[ 50%] Building C object psp/unit-test-coverage/ut-stubs/CMakeFiles/ut_psp_libc_stubs.dir/src/PCS_spyLib_stubs.c.o
[ 50%] Building C object psp/unit-test-coverage/ut-stubs/CMakeFiles/ut_psp_libc_stubs.dir/src/PCS_stdio_handlers.c.o
[ 50%] Building C object psp/unit-test-coverage/ut-stubs/CMakeFiles/ut_psp_libc_stubs.dir/src/PCS_stdio_stubs.c.o
[ 50%] Building C object psp/unit-test-coverage/ut-stubs/CMakeFiles/ut_psp_libc_stubs.dir/src/PCS_stdlib_handlers.c.o
[ 50%] Building C object psp/unit-test-coverage/ut-stubs/CMakeFiles/ut_psp_libc_stubs.dir/src/PCS_stdlib_stubs.c.o
[ 51%] Building C object psp/unit-test-coverage/ut-stubs/CMakeFiles/ut_psp_libc_stubs.dir/src/PCS_string_handlers.c.o
[ 51%] Building C object psp/unit-test-coverage/ut-stubs/CMakeFiles/ut_psp_libc_stubs.dir/src/PCS_string_stubs.c.o
[ 51%] Building C object psp/unit-test-coverage/ut-stubs/CMakeFiles/ut_psp_libc_stubs.dir/src/PCS_sys950Lib_stubs.c.o
[ 51%] Building C object psp/unit-test-coverage/ut-stubs/CMakeFiles/ut_psp_libc_stubs.dir/src/PCS_sysApi_stubs.c.o
[ 51%] Building C object psp/unit-test-coverage/ut-stubs/CMakeFiles/ut_psp_libc_stubs.dir/src/PCS_sysLib_handlers.c.o
[ 51%] Building C object psp/unit-test-coverage/ut-stubs/CMakeFiles/ut_psp_libc_stubs.dir/src/PCS_sysLib_stubs.c.o
[ 51%] Building C object psp/unit-test-coverage/ut-stubs/CMakeFiles/ut_psp_libc_stubs.dir/src/PCS_sys_mman_stubs.c.o
[ 51%] Building C object psp/unit-test-coverage/ut-stubs/CMakeFiles/ut_psp_libc_stubs.dir/src/PCS_sys_select_stubs.c.o
[ 51%] Building C object psp/unit-test-coverage/ut-stubs/CMakeFiles/ut_psp_libc_stubs.dir/src/PCS_sys_socket_handlers.c.o
[ 51%] Building C object psp/unit-test-coverage/ut-stubs/CMakeFiles/ut_psp_libc_stubs.dir/src/PCS_sys_socket_stubs.c.o
[ 51%] Building C object psp/unit-test-coverage/ut-stubs/CMakeFiles/ut_psp_libc_stubs.dir/src/PCS_sys_stat_handlers.c.o
[ 51%] Building C object psp/unit-test-coverage/ut-stubs/CMakeFiles/ut_psp_libc_stubs.dir/src/PCS_sys_stat_stubs.c.o
[ 51%] Building C object psp/unit-test-coverage/ut-stubs/CMakeFiles/ut_psp_libc_stubs.dir/src/PCS_taskLib_handlers.c.o
[ 51%] Building C object psp/unit-test-coverage/ut-stubs/CMakeFiles/ut_psp_libc_stubs.dir/src/PCS_taskLib_stubs.c.o
[ 51%] Building C object psp/unit-test-coverage/ut-stubs/CMakeFiles/ut_psp_libc_stubs.dir/src/PCS_time_handlers.c.o
[ 51%] Building C object psp/unit-test-coverage/ut-stubs/CMakeFiles/ut_psp_libc_stubs.dir/src/PCS_time_stubs.c.o
[ 51%] Building C object psp/unit-test-coverage/ut-stubs/CMakeFiles/ut_psp_libc_stubs.dir/src/PCS_unistd_handlers.c.o
[ 51%] Building C object psp/unit-test-coverage/ut-stubs/CMakeFiles/ut_psp_libc_stubs.dir/src/PCS_unistd_stubs.c.o
[ 52%] Building C object psp/unit-test-coverage/ut-stubs/CMakeFiles/ut_psp_libc_stubs.dir/src/PCS_xbdBlkDev_stubs.c.o
[ 52%] Building C object psp/unit-test-coverage/ut-stubs/CMakeFiles/ut_psp_libc_stubs.dir/src/vxworks-mcpx750-stubs.c.o
[ 52%] Building C object psp/unit-test-coverage/ut-stubs/CMakeFiles/ut_psp_libc_stubs.dir/src/PCS_timestampimpl_stubs.c.o
[ 52%] Building C object psp/unit-test-coverage/ut-stubs/CMakeFiles/ut_psp_libc_stubs.dir/src/PCS_todimpl_stubs.c.o
[ 52%] Building C object psp/unit-test-coverage/ut-stubs/CMakeFiles/ut_psp_libc_stubs.dir/src/PCS_threadimpl_stubs.c.o
[ 52%] Building C object psp/unit-test-coverage/ut-stubs/CMakeFiles/ut_psp_libc_stubs.dir/src/PCS_tasks_stubs.c.o
[ 52%] Building C object psp/unit-test-coverage/ut-stubs/CMakeFiles/ut_psp_libc_stubs.dir/src/PCS_object_stubs.c.o
[ 52%] Building C object psp/unit-test-coverage/ut-stubs/CMakeFiles/ut_psp_libc_stubs.dir/src/PCS_cpuuse_stubs.c.o
[ 52%] Linking C static library libut_psp_libc_stubs.a
[ 52%] Built target ut_psp_libc_stubs
[ 52%] Building C object psp/unit-test-coverage/modules/timebase_vxworks/CMakeFiles/coverage-pspmod-timebase_vxworks-testrunner.dir/src/coveragetest-timebase_vxworks.c.o
[ 52%] Linking C executable coverage-pspmod-timebase_vxworks-testrunner
[ 52%] Built target coverage-pspmod-timebase_vxworks-testrunner
[ 52%] Building C object psp/unit-test-coverage/modules/vxworks_sysmon/CMakeFiles/coverage-pspmod-vxworks_sysmon-object.dir/home/user/work/procrace/cfs_cord/cFS/psp/fsw/modules/vxworks_sysmon/vxworks_sysmon.c.o
[ 52%] Built target coverage-pspmod-vxworks_sysmon-object
[ 52%] Building C object psp/unit-test-coverage/modules/vxworks_sysmon/CMakeFiles/coverage-pspmod-vxworks_sysmon-testrunner.dir/src/coveragetest-vxworks_sysmon.c.o
[ 52%] Linking C executable coverage-pspmod-vxworks_sysmon-testrunner
[ 52%] Built target coverage-pspmod-vxworks_sysmon-testrunner
[ 53%] Building C object psp/unit-test-coverage/modules/ram_notimpl/CMakeFiles/coverage-pspmod-ram_notimpl-object.dir/home/user/work/procrace/cfs_cord/cFS/psp/fsw/modules/ram_notimpl/cfe_psp_ram_notimpl.c.o
[ 53%] Built target coverage-pspmod-ram_notimpl-object
[ 53%] Building C object psp/unit-test-coverage/modules/ram_notimpl/CMakeFiles/coverage-pspmod-ram_notimpl-testrunner.dir/coveragetest-ram_notimpl.c.o
[ 53%] Linking C executable coverage-pspmod-ram_notimpl-testrunner
[ 53%] Built target coverage-pspmod-ram_notimpl-testrunner
[ 53%] Building C object psp/unit-test-coverage/modules/ram_direct/CMakeFiles/coverage-pspmod-ram_direct-object.dir/home/user/work/procrace/cfs_cord/cFS/psp/fsw/modules/ram_direct/cfe_psp_ram_direct.c.o
[ 53%] Built target coverage-pspmod-ram_direct-object
[ 53%] Building C object psp/unit-test-coverage/modules/ram_direct/CMakeFiles/coverage-pspmod-ram_direct-testrunner.dir/coveragetest-ram_direct.c.o
[ 53%] Linking C executable coverage-pspmod-ram_direct-testrunner
[ 53%] Built target coverage-pspmod-ram_direct-testrunner
[ 53%] Building C object psp/unit-test-coverage/modules/port_notimpl/CMakeFiles/coverage-pspmod-port_notimpl-object.dir/home/user/work/procrace/cfs_cord/cFS/psp/fsw/modules/port_notimpl/cfe_psp_port_notimpl.c.o
[ 53%] Built target coverage-pspmod-port_notimpl-object
[ 53%] Building C object psp/unit-test-coverage/modules/port_notimpl/CMakeFiles/coverage-pspmod-port_notimpl-testrunner.dir/coveragetest-port_notimpl.c.o
[ 53%] Linking C executable coverage-pspmod-port_notimpl-testrunner
[ 53%] Built target coverage-pspmod-port_notimpl-testrunner
[ 53%] Building C object psp/unit-test-coverage/modules/port_direct/CMakeFiles/coverage-pspmod-port_direct-object.dir/home/user/work/procrace/cfs_cord/cFS/psp/fsw/modules/port_direct/cfe_psp_port_direct.c.o
[ 53%] Built target coverage-pspmod-port_direct-object
[ 53%] Building C object psp/unit-test-coverage/modules/port_direct/CMakeFiles/coverage-pspmod-port_direct-testrunner.dir/coveragetest-port_direct.c.o
[ 53%] Linking C executable coverage-pspmod-port_direct-testrunner
[ 53%] Built target coverage-pspmod-port_direct-testrunner
[ 53%] Building C object psp/unit-test-coverage/modules/eeprom_notimpl/CMakeFiles/coverage-pspmod-eeprom_notimpl-object.dir/home/user/work/procrace/cfs_cord/cFS/psp/fsw/modules/eeprom_notimpl/cfe_psp_eeprom_notimpl.c.o
[ 53%] Built target coverage-pspmod-eeprom_notimpl-object
[ 53%] Building C object psp/unit-test-coverage/modules/eeprom_notimpl/CMakeFiles/coverage-pspmod-eeprom_notimpl-testrunner.dir/coveragetest-eeprom_notimpl.c.o
[ 53%] Linking C executable coverage-pspmod-eeprom_notimpl-testrunner
[ 53%] Built target coverage-pspmod-eeprom_notimpl-testrunner
[ 53%] Building C object psp/unit-test-coverage/modules/eeprom_mmap_file/CMakeFiles/coverage-pspmod-eeprom_mmap_file-object.dir/home/user/work/procrace/cfs_cord/cFS/psp/fsw/modules/eeprom_mmap_file/cfe_psp_eeprom_mmap_file.c.o
[ 53%] Built target coverage-pspmod-eeprom_mmap_file-object
[ 53%] Building C object psp/unit-test-coverage/modules/eeprom_mmap_file/CMakeFiles/coverage-pspmod-eeprom_mmap_file-testrunner.dir/coveragetest-eeprom_mmap_file.c.o
[ 53%] Linking C executable coverage-pspmod-eeprom_mmap_file-testrunner
[ 53%] Built target coverage-pspmod-eeprom_mmap_file-testrunner
[ 53%] Building C object psp/unit-test-coverage/modules/eeprom_direct/CMakeFiles/coverage-pspmod-eeprom_direct-object.dir/home/user/work/procrace/cfs_cord/cFS/psp/fsw/modules/eeprom_direct/cfe_psp_eeprom_direct.c.o
[ 53%] Built target coverage-pspmod-eeprom_direct-object
[ 53%] Building C object psp/unit-test-coverage/modules/eeprom_direct/CMakeFiles/coverage-pspmod-eeprom_direct-testrunner.dir/coveragetest-eeprom_direct.c.o
[ 53%] Linking C executable coverage-pspmod-eeprom_direct-testrunner
[ 53%] Built target coverage-pspmod-eeprom_direct-testrunner
[ 53%] Building C object psp/unit-test-coverage/modules/iodriver/CMakeFiles/coverage-pspmod-iodriver-object.dir/home/user/work/procrace/cfs_cord/cFS/psp/fsw/modules/iodriver/src/iodriver.c.o
[ 53%] Built target coverage-pspmod-iodriver-object
[ 53%] Building C object psp/unit-test-coverage/modules/iodriver/CMakeFiles/coverage-pspmod-iodriver-testrunner.dir/coveragetest-iodriver.c.o
[ 53%] Linking C executable coverage-pspmod-iodriver-testrunner
[ 53%] Built target coverage-pspmod-iodriver-testrunner
[ 53%] Building C object psp/unit-test-coverage/modules/soft_timebase/CMakeFiles/coverage-pspmod-soft_timebase-object.dir/home/user/work/procrace/cfs_cord/cFS/psp/fsw/modules/soft_timebase/cfe_psp_soft_timebase.c.o
[ 53%] Built target coverage-pspmod-soft_timebase-object
[ 53%] Building C object psp/unit-test-coverage/modules/soft_timebase/CMakeFiles/coverage-pspmod-soft_timebase-testrunner.dir/coveragetest-soft_timebase.c.o
[ 53%] Linking C executable coverage-pspmod-soft_timebase-testrunner
[ 53%] Built target coverage-pspmod-soft_timebase-testrunner
[ 53%] Building C object psp/unit-test-coverage/modules/network_pc686_rtems/CMakeFiles/coverage-pspmod-network_pc686_rtems-object.dir/home/user/work/procrace/cfs_cord/cFS/psp/fsw/modules/network_pc686_rtems/cfe_psp_network_pc686_rtems.c.o
[ 53%] Built target coverage-pspmod-network_pc686_rtems-object
[ 53%] Building C object psp/unit-test-coverage/modules/network_pc686_rtems/CMakeFiles/coverage-pspmod-network_pc686_rtems-testrunner.dir/coveragetest-network_pc686_rtems.c.o
[ 53%] Linking C executable coverage-pspmod-network_pc686_rtems-testrunner
[ 53%] Built target coverage-pspmod-network_pc686_rtems-testrunner
[ 53%] Building C object psp/unit-test-coverage/modules/endian_api/CMakeFiles/coverage-pspmod-endian_api-object.dir/home/user/work/procrace/cfs_cord/cFS/psp/fsw/modules/endian_api/cfe_psp_endian_common.c.o
[ 53%] Building C object psp/unit-test-coverage/modules/endian_api/CMakeFiles/coverage-pspmod-endian_api-object.dir/home/user/work/procrace/cfs_cord/cFS/psp/fsw/modules/endian_api/cfe_psp_endian_wrappers.c.o
[ 53%] Building C object psp/unit-test-coverage/modules/endian_api/CMakeFiles/coverage-pspmod-endian_api-object.dir/home/user/work/procrace/cfs_cord/cFS/psp/fsw/modules/endian_api/cfe_psp_endian_generic.c.o
[ 53%] Built target coverage-pspmod-endian_api-object
[ 55%] Building C object psp/unit-test-coverage/modules/endian_api/CMakeFiles/coverage-pspmod-endian_api-testrunner.dir/coveragetest-endian_api.c.o
[ 55%] Linking C executable coverage-pspmod-endian_api-testrunner
[ 55%] Built target coverage-pspmod-endian_api-testrunner
[ 55%] Building C object psp/unit-test-coverage/mcp750-vxworks/adaptors/CMakeFiles/ut-adaptor-ut-mcp750-vxworks.dir/src/ut-adaptor-bootrec.c.o
[ 55%] Building C object psp/unit-test-coverage/mcp750-vxworks/adaptors/CMakeFiles/ut-adaptor-ut-mcp750-vxworks.dir/home/user/work/procrace/cfs_cord/cFS/psp/unit-test-coverage/shared/adaptors/src/ut-adaptor-exceptions.c.o
[ 55%] Building C object psp/unit-test-coverage/mcp750-vxworks/adaptors/CMakeFiles/ut-adaptor-ut-mcp750-vxworks.dir/home/user/work/procrace/cfs_cord/cFS/psp/unit-test-coverage/shared/adaptors/src/ut-adaptor-memrange.c.o
[ 55%] Linking C static library libut-adaptor-ut-mcp750-vxworks.a
[ 55%] Built target ut-adaptor-ut-mcp750-vxworks
[ 56%] Building C object psp/unit-test-coverage/ut-stubs/CMakeFiles/ut_psp_cfe_stubs.dir/src/cfe-configdata-stubs.c.o
[ 56%] Building C object psp/unit-test-coverage/ut-stubs/CMakeFiles/ut_psp_cfe_stubs.dir/src/cfe_psp_exceptionstorage_api_stubs.c.o
[ 56%] Building C object psp/unit-test-coverage/ut-stubs/CMakeFiles/ut_psp_cfe_stubs.dir/src/cfe_psp_memory_stubs.c.o
[ 56%] Building C object psp/unit-test-coverage/ut-stubs/CMakeFiles/ut_psp_cfe_stubs.dir/src/cfe_psp_module_stubs.c.o
[ 56%] Linking C static library libut_psp_cfe_stubs.a
[ 56%] Built target ut_psp_cfe_stubs
[ 56%] Building C object psp/unit-test-coverage/mcp750-vxworks/ut-mcp750-vxworks-impl/CMakeFiles/psp-ut-mcp750-vxworks-impl.dir/src/cfe_psp_exception.c.o
[ 56%] Building C object psp/unit-test-coverage/mcp750-vxworks/ut-mcp750-vxworks-impl/CMakeFiles/psp-ut-mcp750-vxworks-impl.dir/src/cfe_psp_memory.c.o
[ 57%] Building C object psp/unit-test-coverage/mcp750-vxworks/ut-mcp750-vxworks-impl/CMakeFiles/psp-ut-mcp750-vxworks-impl.dir/src/cfe_psp_ssr.c.o
[ 57%] Building C object psp/unit-test-coverage/mcp750-vxworks/ut-mcp750-vxworks-impl/CMakeFiles/psp-ut-mcp750-vxworks-impl.dir/src/cfe_psp_start.c.o
[ 57%] Building C object psp/unit-test-coverage/mcp750-vxworks/ut-mcp750-vxworks-impl/CMakeFiles/psp-ut-mcp750-vxworks-impl.dir/src/cfe_psp_support.c.o
[ 57%] Building C object psp/unit-test-coverage/mcp750-vxworks/ut-mcp750-vxworks-impl/CMakeFiles/psp-ut-mcp750-vxworks-impl.dir/src/cfe_psp_watchdog.c.o
[ 57%] Built target psp-ut-mcp750-vxworks-impl
[ 57%] Building C object psp/unit-test-coverage/mcp750-vxworks/ut-mcp750-vxworks-shared/CMakeFiles/psp-ut-mcp750-vxworks-shared.dir/src/cfe_psp_error.c.o
[ 57%] Building C object psp/unit-test-coverage/mcp750-vxworks/ut-mcp750-vxworks-shared/CMakeFiles/psp-ut-mcp750-vxworks-shared.dir/src/cfe_psp_exceptionstorage.c.o
[ 57%] Building C object psp/unit-test-coverage/mcp750-vxworks/ut-mcp750-vxworks-shared/CMakeFiles/psp-ut-mcp750-vxworks-shared.dir/src/cfe_psp_memrange.c.o
[ 57%] Building C object psp/unit-test-coverage/mcp750-vxworks/ut-mcp750-vxworks-shared/CMakeFiles/psp-ut-mcp750-vxworks-shared.dir/src/cfe_psp_memutils.c.o
[ 57%] Building C object psp/unit-test-coverage/mcp750-vxworks/ut-mcp750-vxworks-shared/CMakeFiles/psp-ut-mcp750-vxworks-shared.dir/src/cfe_psp_module.c.o
[ 57%] Building C object psp/unit-test-coverage/mcp750-vxworks/ut-mcp750-vxworks-shared/CMakeFiles/psp-ut-mcp750-vxworks-shared.dir/src/cfe_psp_version.c.o
[ 57%] Built target psp-ut-mcp750-vxworks-shared
[ 57%] Building C object psp/unit-test-coverage/mcp750-vxworks/CMakeFiles/coverage-ut-mcp750-vxworks-testrunner.dir/src/coveragetest-psp-mcp750-vxworks.c.o
[ 57%] Building C object psp/unit-test-coverage/mcp750-vxworks/CMakeFiles/coverage-ut-mcp750-vxworks-testrunner.dir/src/coveragetest-cfe-psp-start.c.o
[ 57%] Building C object psp/unit-test-coverage/mcp750-vxworks/CMakeFiles/coverage-ut-mcp750-vxworks-testrunner.dir/src/coveragetest-cfe-psp-support.c.o
[ 57%] Building C object psp/unit-test-coverage/mcp750-vxworks/CMakeFiles/coverage-ut-mcp750-vxworks-testrunner.dir/home/user/work/procrace/cfs_cord/cFS/psp/unit-test-coverage/shared/src/coveragetest-cfe-psp-error.c.o
[ 57%] Building C object psp/unit-test-coverage/mcp750-vxworks/CMakeFiles/coverage-ut-mcp750-vxworks-testrunner.dir/home/user/work/procrace/cfs_cord/cFS/psp/unit-test-coverage/shared/src/coveragetest-cfe-psp-exceptionstorage.c.o
[ 57%] Building C object psp/unit-test-coverage/mcp750-vxworks/CMakeFiles/coverage-ut-mcp750-vxworks-testrunner.dir/home/user/work/procrace/cfs_cord/cFS/psp/unit-test-coverage/shared/src/coveragetest-cfe-psp-memrange.c.o
[ 57%] Building C object psp/unit-test-coverage/mcp750-vxworks/CMakeFiles/coverage-ut-mcp750-vxworks-testrunner.dir/home/user/work/procrace/cfs_cord/cFS/psp/unit-test-coverage/shared/src/coveragetest-cfe-psp-memutils.c.o
[ 57%] Building C object psp/unit-test-coverage/mcp750-vxworks/CMakeFiles/coverage-ut-mcp750-vxworks-testrunner.dir/home/user/work/procrace/cfs_cord/cFS/psp/unit-test-coverage/shared/src/coveragetest-cfe-psp-module.c.o
[ 57%] Building C object psp/unit-test-coverage/mcp750-vxworks/CMakeFiles/coverage-ut-mcp750-vxworks-testrunner.dir/home/user/work/procrace/cfs_cord/cFS/psp/unit-test-coverage/shared/src/coveragetest-cfe-psp-version.c.o
[ 57%] Linking C executable coverage-ut-mcp750-vxworks-testrunner
[ 57%] Built target coverage-ut-mcp750-vxworks-testrunner
[ 57%] Building C object psp/unit-test-coverage/pc-rtems/ut-pc-rtems-shared/CMakeFiles/psp-ut-pc-rtems-shared.dir/src/cfe_psp_error.c.o
[ 58%] Building C object psp/unit-test-coverage/pc-rtems/ut-pc-rtems-shared/CMakeFiles/psp-ut-pc-rtems-shared.dir/src/cfe_psp_exceptionstorage.c.o
[ 58%] Building C object psp/unit-test-coverage/pc-rtems/ut-pc-rtems-shared/CMakeFiles/psp-ut-pc-rtems-shared.dir/src/cfe_psp_memrange.c.o
[ 58%] Building C object psp/unit-test-coverage/pc-rtems/ut-pc-rtems-shared/CMakeFiles/psp-ut-pc-rtems-shared.dir/src/cfe_psp_memutils.c.o
[ 58%] Building C object psp/unit-test-coverage/pc-rtems/ut-pc-rtems-shared/CMakeFiles/psp-ut-pc-rtems-shared.dir/src/cfe_psp_module.c.o
[ 58%] Building C object psp/unit-test-coverage/pc-rtems/ut-pc-rtems-shared/CMakeFiles/psp-ut-pc-rtems-shared.dir/src/cfe_psp_version.c.o
[ 58%] Built target psp-ut-pc-rtems-shared
[ 58%] Building C object psp/unit-test-coverage/pc-rtems/ut-pc-rtems-impl/CMakeFiles/psp-ut-pc-rtems-impl.dir/src/cfe_psp_exception.c.o
[ 58%] Building C object psp/unit-test-coverage/pc-rtems/ut-pc-rtems-impl/CMakeFiles/psp-ut-pc-rtems-impl.dir/src/cfe_psp_memory.c.o
[ 58%] Building C object psp/unit-test-coverage/pc-rtems/ut-pc-rtems-impl/CMakeFiles/psp-ut-pc-rtems-impl.dir/src/cfe_psp_ssr.c.o
[ 58%] Building C object psp/unit-test-coverage/pc-rtems/ut-pc-rtems-impl/CMakeFiles/psp-ut-pc-rtems-impl.dir/src/cfe_psp_start.c.o
[ 58%] Building C object psp/unit-test-coverage/pc-rtems/ut-pc-rtems-impl/CMakeFiles/psp-ut-pc-rtems-impl.dir/src/cfe_psp_support.c.o
[ 58%] Building C object psp/unit-test-coverage/pc-rtems/ut-pc-rtems-impl/CMakeFiles/psp-ut-pc-rtems-impl.dir/src/cfe_psp_watchdog.c.o
[ 58%] Built target psp-ut-pc-rtems-impl
[ 58%] Building C object psp/unit-test-coverage/pc-rtems/CMakeFiles/coverage-ut-pc-rtems-testrunner.dir/src/coveragetest-cfe-psp-exception.c.o
[ 58%] Building C object psp/unit-test-coverage/pc-rtems/CMakeFiles/coverage-ut-pc-rtems-testrunner.dir/src/coveragetest-cfe-psp-memory.c.o
[ 58%] Building C object psp/unit-test-coverage/pc-rtems/CMakeFiles/coverage-ut-pc-rtems-testrunner.dir/src/coveragetest-cfe-psp-ssr.c.o
[ 58%] Building C object psp/unit-test-coverage/pc-rtems/CMakeFiles/coverage-ut-pc-rtems-testrunner.dir/src/coveragetest-cfe-psp-start.c.o
[ 58%] Building C object psp/unit-test-coverage/pc-rtems/CMakeFiles/coverage-ut-pc-rtems-testrunner.dir/src/coveragetest-cfe-psp-support.c.o
[ 59%] Building C object psp/unit-test-coverage/pc-rtems/CMakeFiles/coverage-ut-pc-rtems-testrunner.dir/src/coveragetest-cfe-psp-watchdog.c.o
[ 59%] Building C object psp/unit-test-coverage/pc-rtems/CMakeFiles/coverage-ut-pc-rtems-testrunner.dir/src/coveragetest-psp-pc-rtems.c.o
[ 59%] Linking C executable coverage-ut-pc-rtems-testrunner
[ 59%] Built target coverage-ut-pc-rtems-testrunner
[ 59%] Building C object msg/CMakeFiles/msg.dir/fsw/src/cfe_msg_ccsdspri.c.o
[ 59%] Building C object msg/CMakeFiles/msg.dir/fsw/src/cfe_msg_init.c.o
[ 59%] Building C object msg/CMakeFiles/msg.dir/fsw/src/cfe_msg_integrity.c.o
[ 59%] Building C object msg/CMakeFiles/msg.dir/fsw/src/cfe_msg_msgid_shared.c.o
[ 59%] Building C object msg/CMakeFiles/msg.dir/fsw/src/cfe_msg_sechdr_checksum.c.o
[ 59%] Building C object msg/CMakeFiles/msg.dir/fsw/src/cfe_msg_sechdr_fc.c.o
[ 59%] Building C object msg/CMakeFiles/msg.dir/fsw/src/cfe_msg_sechdr_time.c.o
[ 60%] Building C object msg/CMakeFiles/msg.dir/fsw/src/cfe_msg_objtab.c.o
[ 60%] Building C object msg/CMakeFiles/msg.dir/fsw/src/cfe_msg_initdefaulthdr_pri.c.o
[ 60%] Building C object msg/CMakeFiles/msg.dir/fsw/src/cfe_msg_msgid_v1.c.o
[ 60%] Linking C static library libmsg.a
[ 60%] Built target msg
[ 60%] Building C object msg/ut-coverage/CMakeFiles/coverage-msg-ALL-object.dir/__/fsw/src/cfe_msg_ccsdspri.c.o
[ 60%] Building C object msg/ut-coverage/CMakeFiles/coverage-msg-ALL-object.dir/__/fsw/src/cfe_msg_init.c.o
[ 60%] Building C object msg/ut-coverage/CMakeFiles/coverage-msg-ALL-object.dir/__/fsw/src/cfe_msg_integrity.c.o
[ 60%] Building C object msg/ut-coverage/CMakeFiles/coverage-msg-ALL-object.dir/__/fsw/src/cfe_msg_msgid_shared.c.o
[ 60%] Building C object msg/ut-coverage/CMakeFiles/coverage-msg-ALL-object.dir/__/fsw/src/cfe_msg_sechdr_checksum.c.o
[ 60%] Building C object msg/ut-coverage/CMakeFiles/coverage-msg-ALL-object.dir/__/fsw/src/cfe_msg_sechdr_fc.c.o
[ 60%] Building C object msg/ut-coverage/CMakeFiles/coverage-msg-ALL-object.dir/__/fsw/src/cfe_msg_sechdr_time.c.o
[ 60%] Building C object msg/ut-coverage/CMakeFiles/coverage-msg-ALL-object.dir/__/fsw/src/cfe_msg_objtab.c.o
[ 60%] Building C object msg/ut-coverage/CMakeFiles/coverage-msg-ALL-object.dir/__/fsw/src/cfe_msg_initdefaulthdr_pri.c.o
[ 60%] Building C object msg/ut-coverage/CMakeFiles/coverage-msg-ALL-object.dir/__/fsw/src/cfe_msg_msgid_v1.c.o
[ 60%] Built target coverage-msg-ALL-object
[ 60%] Building C object msg/ut-coverage/CMakeFiles/coverage-msg-ALL-testrunner.dir/msg_UT.c.o
[ 60%] Building C object msg/ut-coverage/CMakeFiles/coverage-msg-ALL-testrunner.dir/test_msg_not.c.o
[ 60%] Building C object msg/ut-coverage/CMakeFiles/coverage-msg-ALL-testrunner.dir/test_msg_pri_not.c.o
[ 60%] Building C object msg/ut-coverage/CMakeFiles/coverage-msg-ALL-testrunner.dir/test_cfe_msg_init.c.o
[ 60%] Building C object msg/ut-coverage/CMakeFiles/coverage-msg-ALL-testrunner.dir/test_cfe_msg_integrity.c.o
[ 60%] Building C object msg/ut-coverage/CMakeFiles/coverage-msg-ALL-testrunner.dir/test_cfe_msg_ccsdspri.c.o
[ 60%] Building C object msg/ut-coverage/CMakeFiles/coverage-msg-ALL-testrunner.dir/test_cfe_msg_msgid_shared.c.o
[ 61%] Building C object msg/ut-coverage/CMakeFiles/coverage-msg-ALL-testrunner.dir/test_cfe_msg_checksum.c.o
[ 61%] Building C object msg/ut-coverage/CMakeFiles/coverage-msg-ALL-testrunner.dir/test_cfe_msg_fc.c.o
[ 61%] Building C object msg/ut-coverage/CMakeFiles/coverage-msg-ALL-testrunner.dir/test_cfe_msg_time.c.o
[ 61%] Building C object msg/ut-coverage/CMakeFiles/coverage-msg-ALL-testrunner.dir/test_msg_prionly.c.o
[ 61%] Building C object msg/ut-coverage/CMakeFiles/coverage-msg-ALL-testrunner.dir/test_cfe_msg_msgid_v1.c.o
[ 61%] Linking C executable coverage-msg-ALL-testrunner
[ 61%] Built target coverage-msg-ALL-testrunner
[ 61%] Building C object sbr/ut-coverage/CMakeFiles/ut_sbr_map_direct_objs.dir/__/fsw/src/cfe_sbr_map_direct.c.o
[ 61%] Built target ut_sbr_map_direct_objs
[ 61%] Building C object sbr/ut-coverage/CMakeFiles/sbr_map_direct_UT.dir/test_cfe_sbr_map_direct.c.o
[ 61%] Linking C executable sbr_map_direct_UT
[ 61%] Built target sbr_map_direct_UT
[ 61%] Building C object sbr/ut-coverage/CMakeFiles/ut_sbr_map_hash_objs.dir/__/fsw/src/cfe_sbr_route_unsorted.c.o
[ 61%] Building C object sbr/ut-coverage/CMakeFiles/ut_sbr_map_hash_objs.dir/__/fsw/src/cfe_sbr_map_hash.c.o
[ 61%] Built target ut_sbr_map_hash_objs
[ 61%] Building C object sbr/ut-coverage/CMakeFiles/sbr_map_hash_UT.dir/test_cfe_sbr_map_hash.c.o
[ 61%] Linking C executable sbr_map_hash_UT
[ 61%] Built target sbr_map_hash_UT
[ 61%] Building C object sbr/ut-coverage/CMakeFiles/ut_sbr_route_unsorted_objs.dir/__/fsw/src/cfe_sbr_map_hash.c.o
[ 61%] Building C object sbr/ut-coverage/CMakeFiles/ut_sbr_route_unsorted_objs.dir/__/fsw/src/cfe_sbr_route_unsorted.c.o
[ 61%] Built target ut_sbr_route_unsorted_objs
[ 61%] Building C object sbr/ut-coverage/CMakeFiles/sbr_route_unsorted_UT.dir/test_cfe_sbr_route_unsorted.c.o
[ 61%] Linking C executable sbr_route_unsorted_UT
[ 61%] Built target sbr_route_unsorted_UT
[ 61%] Building C object resourceid/CMakeFiles/resourceid.dir/fsw/src/cfe_resourceid_api.c.o
[ 61%] Building C object resourceid/CMakeFiles/resourceid.dir/fsw/src/cfe_resourceid_objtab.c.o
[ 61%] Linking C static library libresourceid.a
[ 61%] Built target resourceid
[ 61%] Building C object resourceid/ut-coverage/CMakeFiles/ut_resourceid_OBJS.dir/__/fsw/src/cfe_resourceid_api.c.o
[ 61%] Building C object resourceid/ut-coverage/CMakeFiles/ut_resourceid_OBJS.dir/__/fsw/src/cfe_resourceid_objtab.c.o
[ 61%] Built target ut_resourceid_OBJS
[ 61%] Building C object resourceid/ut-coverage/CMakeFiles/resourceid_UT.dir/test_cfe_resourceid.c.o
[ 61%] Linking C executable resourceid_UT
[ 61%] Built target resourceid_UT
[ 61%] Building C object apps/ci_lab/CMakeFiles/ci_lab.dir/fsw/src/ci_lab_app.c.o
[ 61%] Building C object apps/ci_lab/CMakeFiles/ci_lab.dir/fsw/src/ci_lab_cmds.c.o
[ 61%] Building C object apps/ci_lab/CMakeFiles/ci_lab.dir/fsw/src/ci_lab_dispatch.c.o
[ 61%] Building C object apps/ci_lab/CMakeFiles/ci_lab.dir/fsw/src/ci_lab_passthru_decode.c.o
[ 61%] Linking C shared module ci_lab.so
[ 61%] Built target ci_lab
[ 61%] Building C object apps/to_lab/CMakeFiles/to_lab.dir/fsw/src/to_lab_app.c.o
[ 61%] Building C object apps/to_lab/CMakeFiles/to_lab.dir/fsw/src/to_lab_cmds.c.o
[ 61%] Building C object apps/to_lab/CMakeFiles/to_lab.dir/fsw/src/to_lab_dispatch.c.o
[ 61%] Building C object apps/to_lab/CMakeFiles/to_lab.dir/fsw/src/to_lab_passthru_encode.c.o
[ 61%] Linking C shared module to_lab.so
[ 61%] Built target to_lab
[ 61%] Building C object apps/sch_lab/CMakeFiles/sch_lab.dir/fsw/src/sch_lab_app.c.o
[ 61%] Linking C shared module sch_lab.so
[ 61%] Built target sch_lab
[ 61%] Building C object osal/ut_assert/CMakeFiles/ut_assert_pic.dir/src/utassert.c.o
[ 61%] Building C object osal/ut_assert/CMakeFiles/ut_assert_pic.dir/src/utlist.c.o
[ 61%] Building C object osal/ut_assert/CMakeFiles/ut_assert_pic.dir/src/utstubs.c.o
[ 61%] Building C object osal/ut_assert/CMakeFiles/ut_assert_pic.dir/src/uttest.c.o
[ 61%] Building C object osal/ut_assert/CMakeFiles/ut_assert_pic.dir/src/uttools.c.o
[ 61%] Built target ut_assert_pic
[ 61%] Building C object apps/cfe_assert/CMakeFiles/cfe_assert.dir/src/cfe_assert_io.c.o
[ 61%] Building C object apps/cfe_assert/CMakeFiles/cfe_assert.dir/src/cfe_assert_init.c.o
[ 61%] Building C object apps/cfe_assert/CMakeFiles/cfe_assert.dir/src/cfe_assert_runner.c.o
[ 61%] Linking C shared module cfe_assert.so
[ 61%] Built target cfe_assert
[ 61%] Building C object apps/cfe_testcase/CMakeFiles/cfe_testcase.dir/src/cfe_test.c.o
[ 61%] Building C object apps/cfe_testcase/CMakeFiles/cfe_testcase.dir/src/cfe_test_table.c.o
[ 61%] Building C object apps/cfe_testcase/CMakeFiles/cfe_testcase.dir/src/es_application_control_test.c.o
[ 61%] Building C object apps/cfe_testcase/CMakeFiles/cfe_testcase.dir/src/es_behavior_test.c.o
[ 61%] Building C object apps/cfe_testcase/CMakeFiles/cfe_testcase.dir/src/es_error_test.c.o
[ 61%] Building C object apps/cfe_testcase/CMakeFiles/cfe_testcase.dir/src/es_info_test.c.o
[ 62%] Building C object apps/cfe_testcase/CMakeFiles/cfe_testcase.dir/src/es_task_test.c.o
[ 62%] Building C object apps/cfe_testcase/CMakeFiles/cfe_testcase.dir/src/es_cds_test.c.o
[ 62%] Building C object apps/cfe_testcase/CMakeFiles/cfe_testcase.dir/src/es_counter_test.c.o
[ 62%] Building C object apps/cfe_testcase/CMakeFiles/cfe_testcase.dir/src/es_misc_test.c.o
[ 62%] Building C object apps/cfe_testcase/CMakeFiles/cfe_testcase.dir/src/es_mempool_test.c.o
[ 62%] Building C object apps/cfe_testcase/CMakeFiles/cfe_testcase.dir/src/es_perf_test.c.o
[ 62%] Building C object apps/cfe_testcase/CMakeFiles/cfe_testcase.dir/src/es_resource_id_test.c.o
[ 62%] Building C object apps/cfe_testcase/CMakeFiles/cfe_testcase.dir/src/evs_filters_test.c.o
[ 62%] Building C object apps/cfe_testcase/CMakeFiles/cfe_testcase.dir/src/evs_send_test.c.o
[ 62%] Building C object apps/cfe_testcase/CMakeFiles/cfe_testcase.dir/src/fs_header_test.c.o
[ 62%] Building C object apps/cfe_testcase/CMakeFiles/cfe_testcase.dir/src/fs_util_test.c.o
[ 62%] Building C object apps/cfe_testcase/CMakeFiles/cfe_testcase.dir/src/message_id_test.c.o
[ 62%] Building C object apps/cfe_testcase/CMakeFiles/cfe_testcase.dir/src/msg_api_test.c.o
[ 62%] Building C object apps/cfe_testcase/CMakeFiles/cfe_testcase.dir/src/resource_id_misc_test.c.o
[ 62%] Building C object apps/cfe_testcase/CMakeFiles/cfe_testcase.dir/src/sb_performance_test.c.o
[ 62%] Building C object apps/cfe_testcase/CMakeFiles/cfe_testcase.dir/src/sb_pipe_mang_test.c.o
[ 62%] Building C object apps/cfe_testcase/CMakeFiles/cfe_testcase.dir/src/sb_sendrecv_test.c.o
[ 64%] Building C object apps/cfe_testcase/CMakeFiles/cfe_testcase.dir/src/sb_subscription_test.c.o
[ 64%] Building C object apps/cfe_testcase/CMakeFiles/cfe_testcase.dir/src/tbl_content_access_test.c.o
[ 64%] Building C object apps/cfe_testcase/CMakeFiles/cfe_testcase.dir/src/tbl_content_mang_test.c.o
[ 64%] Building C object apps/cfe_testcase/CMakeFiles/cfe_testcase.dir/src/tbl_information_test.c.o
[ 64%] Building C object apps/cfe_testcase/CMakeFiles/cfe_testcase.dir/src/tbl_registration_test.c.o
[ 64%] Building C object apps/cfe_testcase/CMakeFiles/cfe_testcase.dir/src/time_arithmetic_test.c.o
[ 64%] Building C object apps/cfe_testcase/CMakeFiles/cfe_testcase.dir/src/time_current_test.c.o
[ 64%] Building C object apps/cfe_testcase/CMakeFiles/cfe_testcase.dir/src/time_conversion_test.c.o
[ 64%] Building C object apps/cfe_testcase/CMakeFiles/cfe_testcase.dir/src/time_external_test.c.o
[ 64%] Building C object apps/cfe_testcase/CMakeFiles/cfe_testcase.dir/src/time_misc_test.c.o
[ 64%] Linking C shared module cfe_testcase.so
[ 64%] Built target cfe_testcase
[ 64%] Building C object apps/sample_app/CMakeFiles/sample_app.dir/fsw/src/sample_app.c.o
[ 64%] Building C object apps/sample_app/CMakeFiles/sample_app.dir/fsw/src/sample_app_cmds.c.o
[ 65%] Building C object apps/sample_app/CMakeFiles/sample_app.dir/fsw/src/sample_app_utils.c.o
[ 65%] Building C object apps/sample_app/CMakeFiles/sample_app.dir/fsw/src/sample_app_dispatch.c.o
[ 65%] Linking C shared module sample_app.so
[ 65%] Built target sample_app
[ 65%] Building C object apps/sample_app/unit-test/CMakeFiles/coverage-sample_app-stubs.dir/stubs/sample_app_global_stubs.c.o
[ 65%] Building C object apps/sample_app/unit-test/CMakeFiles/coverage-sample_app-stubs.dir/stubs/sample_app_stubs.c.o
[ 65%] Building C object apps/sample_app/unit-test/CMakeFiles/coverage-sample_app-stubs.dir/stubs/sample_app_cmds_stubs.c.o
[ 65%] Building C object apps/sample_app/unit-test/CMakeFiles/coverage-sample_app-stubs.dir/stubs/sample_app_dispatch_stubs.c.o
[ 65%] Building C object apps/sample_app/unit-test/CMakeFiles/coverage-sample_app-stubs.dir/stubs/sample_app_utils_stubs.c.o
[ 65%] Linking C static library libcoverage-sample_app-stubs.a
[ 65%] Built target coverage-sample_app-stubs
[ 65%] Building C object apps/sample_app/unit-test/CMakeFiles/sample_app_ut_common.dir/common/eventcheck.c.o
[ 65%] Building C object apps/sample_app/unit-test/CMakeFiles/sample_app_ut_common.dir/common/setup.c.o
[ 65%] Linking C static library libsample_app_ut_common.a
[ 65%] Built target sample_app_ut_common
[ 65%] Building C object apps/sample_app/unit-test/CMakeFiles/coverage-sample_app-sample_app-object.dir/home/user/work/procrace/cfs_cord/cFS/apps/sample_app/fsw/src/sample_app.c.o
[ 65%] Built target coverage-sample_app-sample_app-object
[ 65%] Building C object apps/sample_lib/ut-stubs/CMakeFiles/coverage-sample_lib-stubs.dir/sample_lib_stubs.c.o
[ 65%] Linking C static library libcoverage-sample_lib-stubs.a
[ 65%] Built target coverage-sample_lib-stubs
[ 65%] Building C object apps/sample_app/unit-test/CMakeFiles/coverage-sample_app-sample_app-testrunner.dir/coveragetest/coveragetest_sample_app.c.o
[ 65%] Linking C executable coverage-sample_app-sample_app-testrunner
[ 65%] Built target coverage-sample_app-sample_app-testrunner
[ 65%] Building C object apps/sample_app/unit-test/CMakeFiles/coverage-sample_app-sample_app_cmds-object.dir/home/user/work/procrace/cfs_cord/cFS/apps/sample_app/fsw/src/sample_app_cmds.c.o
[ 65%] Built target coverage-sample_app-sample_app_cmds-object
[ 65%] Building C object apps/sample_app/unit-test/CMakeFiles/coverage-sample_app-sample_app_cmds-testrunner.dir/coveragetest/coveragetest_sample_app_cmds.c.o
[ 65%] Linking C executable coverage-sample_app-sample_app_cmds-testrunner
[ 65%] Built target coverage-sample_app-sample_app_cmds-testrunner
[ 65%] Building C object apps/sample_app/unit-test/CMakeFiles/coverage-sample_app-sample_app_utils-object.dir/home/user/work/procrace/cfs_cord/cFS/apps/sample_app/fsw/src/sample_app_utils.c.o
[ 65%] Built target coverage-sample_app-sample_app_utils-object
[ 65%] Building C object apps/sample_app/unit-test/CMakeFiles/coverage-sample_app-sample_app_utils-testrunner.dir/coveragetest/coveragetest_sample_app_utils.c.o
[ 65%] Linking C executable coverage-sample_app-sample_app_utils-testrunner
[ 65%] Built target coverage-sample_app-sample_app_utils-testrunner
[ 66%] Building C object apps/sample_app/unit-test/CMakeFiles/coverage-sample_app-sample_app_dispatch-object.dir/home/user/work/procrace/cfs_cord/cFS/apps/sample_app/fsw/src/sample_app_dispatch.c.o
[ 66%] Built target coverage-sample_app-sample_app_dispatch-object
[ 66%] Building C object apps/sample_app/unit-test/CMakeFiles/coverage-sample_app-sample_app_dispatch-testrunner.dir/coveragetest/coveragetest_sample_app_dispatch.c.o
[ 66%] Linking C executable coverage-sample_app-sample_app_dispatch-testrunner
[ 66%] Built target coverage-sample_app-sample_app_dispatch-testrunner
[ 66%] Building C object apps/sample_lib/CMakeFiles/sample_lib.dir/fsw/src/sample_lib.c.o
[ 66%] Linking C shared module sample_lib.so
[ 66%] Built target sample_lib
[ 66%] Building C object apps/sample_lib/unit-test/CMakeFiles/coverage-sample_lib_overrides-stubs.dir/override_src/libc_string_stubs.c.o
[ 67%] Linking C static library libcoverage-sample_lib_overrides-stubs.a
[ 67%] Built target coverage-sample_lib_overrides-stubs
[ 67%] Building C object apps/sample_lib/unit-test/CMakeFiles/coverage-sample_lib-ALL-object.dir/home/user/work/procrace/cfs_cord/cFS/libs/sample_lib/fsw/src/sample_lib.c.o
[ 67%] Built target coverage-sample_lib-ALL-object
[ 67%] Building C object apps/sample_lib/unit-test/CMakeFiles/coverage-sample_lib-ALL-testrunner.dir/coveragetest/coveragetest_sample_lib.c.o
[ 67%] Linking C executable coverage-sample_lib-ALL-testrunner
[ 67%] Built target coverage-sample_lib-ALL-testrunner
[ 67%] Building C object apps/cf/CMakeFiles/cf.dir/fsw/src/cf_app.c.o
[ 67%] Building C object apps/cf/CMakeFiles/cf.dir/fsw/src/cf_cfdp.c.o
[ 67%] Building C object apps/cf/CMakeFiles/cf.dir/fsw/src/cf_cfdp_r.c.o
[ 67%] Building C object apps/cf/CMakeFiles/cf.dir/fsw/src/cf_cfdp_s.c.o
[ 67%] Building C object apps/cf/CMakeFiles/cf.dir/fsw/src/cf_cfdp_sbintf.c.o
[ 67%] Building C object apps/cf/CMakeFiles/cf.dir/fsw/src/cf_cfdp_dispatch.c.o
[ 67%] Building C object apps/cf/CMakeFiles/cf.dir/fsw/src/cf_chunk.c.o
[ 68%] Building C object apps/cf/CMakeFiles/cf.dir/fsw/src/cf_clist.c.o
[ 68%] Building C object apps/cf/CMakeFiles/cf.dir/fsw/src/cf_codec.c.o
[ 68%] Building C object apps/cf/CMakeFiles/cf.dir/fsw/src/cf_cmd.c.o
[ 68%] Building C object apps/cf/CMakeFiles/cf.dir/fsw/src/cf_crc.c.o
[ 68%] Building C object apps/cf/CMakeFiles/cf.dir/fsw/src/cf_timer.c.o
[ 68%] Building C object apps/cf/CMakeFiles/cf.dir/fsw/src/cf_utils.c.o
[ 68%] Building C object apps/cf/CMakeFiles/cf.dir/fsw/src/cf_dispatch.c.o
[ 68%] Linking C shared module cf.so
[ 68%] Built target cf
[ 68%] Building C object apps/cf/unit-test/CMakeFiles/coverage-cf_internal-stubs.dir/utilities/cf_test_utils.c.o
[ 69%] Building C object apps/cf/unit-test/CMakeFiles/coverage-cf_internal-stubs.dir/utilities/cf_test_alt_handler.c.o
[ 69%] Building C object apps/cf/unit-test/CMakeFiles/coverage-cf_internal-stubs.dir/stubs/cf_app_global.c.o
[ 69%] Building C object apps/cf/unit-test/CMakeFiles/coverage-cf_internal-stubs.dir/stubs/cf_app_stubs.c.o
[ 69%] Building C object apps/cf/unit-test/CMakeFiles/coverage-cf_internal-stubs.dir/stubs/cf_cfdp_handlers.c.o
[ 69%] Building C object apps/cf/unit-test/CMakeFiles/coverage-cf_internal-stubs.dir/stubs/cf_cfdp_dispatch_stubs.c.o
[ 69%] Building C object apps/cf/unit-test/CMakeFiles/coverage-cf_internal-stubs.dir/stubs/cf_cfdp_r_stubs.c.o
[ 69%] Building C object apps/cf/unit-test/CMakeFiles/coverage-cf_internal-stubs.dir/stubs/cf_cfdp_s_stubs.c.o
[ 69%] Building C object apps/cf/unit-test/CMakeFiles/coverage-cf_internal-stubs.dir/stubs/cf_cfdp_stubs.c.o
[ 69%] Building C object apps/cf/unit-test/CMakeFiles/coverage-cf_internal-stubs.dir/stubs/cf_cfdp_sbintf_handlers.c.o
[ 69%] Building C object apps/cf/unit-test/CMakeFiles/coverage-cf_internal-stubs.dir/stubs/cf_cfdp_sbintf_stubs.c.o
[ 69%] Building C object apps/cf/unit-test/CMakeFiles/coverage-cf_internal-stubs.dir/stubs/cf_chunk_handlers.c.o
[ 69%] Building C object apps/cf/unit-test/CMakeFiles/coverage-cf_internal-stubs.dir/stubs/cf_chunk_stubs.c.o
[ 69%] Building C object apps/cf/unit-test/CMakeFiles/coverage-cf_internal-stubs.dir/stubs/cf_clist_handlers.c.o
[ 69%] Building C object apps/cf/unit-test/CMakeFiles/coverage-cf_internal-stubs.dir/stubs/cf_clist_stubs.c.o
[ 69%] Building C object apps/cf/unit-test/CMakeFiles/coverage-cf_internal-stubs.dir/stubs/cf_cmd_handlers.c.o
[ 69%] Building C object apps/cf/unit-test/CMakeFiles/coverage-cf_internal-stubs.dir/stubs/cf_cmd_stubs.c.o
[ 69%] Building C object apps/cf/unit-test/CMakeFiles/coverage-cf_internal-stubs.dir/stubs/cf_codec_handlers.c.o
[ 69%] Building C object apps/cf/unit-test/CMakeFiles/coverage-cf_internal-stubs.dir/stubs/cf_codec_stubs.c.o
[ 70%] Building C object apps/cf/unit-test/CMakeFiles/coverage-cf_internal-stubs.dir/stubs/cf_crc_stubs.c.o
[ 70%] Building C object apps/cf/unit-test/CMakeFiles/coverage-cf_internal-stubs.dir/stubs/cf_dispatch_stubs.c.o
[ 70%] Building C object apps/cf/unit-test/CMakeFiles/coverage-cf_internal-stubs.dir/stubs/cf_timer_stubs.c.o
[ 70%] Building C object apps/cf/unit-test/CMakeFiles/coverage-cf_internal-stubs.dir/stubs/cf_utils_handlers.c.o
[ 70%] Building C object apps/cf/unit-test/CMakeFiles/coverage-cf_internal-stubs.dir/stubs/cf_utils_stubs.c.o
[ 70%] Linking C static library libcoverage-cf_internal-stubs.a
[ 70%] Built target coverage-cf_internal-stubs
[ 70%] Building C object apps/cf/unit-test/CMakeFiles/coverage-cf-cf_app-object.dir/home/user/work/procrace/cfs_cord/cFS/apps/cf/fsw/src/cf_app.c.o
[ 70%] Built target coverage-cf-cf_app-object
[ 70%] Building C object apps/cf/unit-test/CMakeFiles/coverage-cf-cf_app-testrunner.dir/cf_app_tests.c.o
[ 70%] Linking C executable coverage-cf-cf_app-testrunner
[ 70%] Built target coverage-cf-cf_app-testrunner
[ 70%] Building C object apps/cf/unit-test/CMakeFiles/coverage-cf-cf_cfdp-object.dir/home/user/work/procrace/cfs_cord/cFS/apps/cf/fsw/src/cf_cfdp.c.o
[ 70%] Built target coverage-cf-cf_cfdp-object
[ 70%] Building C object apps/cf/unit-test/CMakeFiles/coverage-cf-cf_cfdp-testrunner.dir/cf_cfdp_tests.c.o
[ 70%] Linking C executable coverage-cf-cf_cfdp-testrunner
[ 70%] Built target coverage-cf-cf_cfdp-testrunner
[ 70%] Building C object apps/cf/unit-test/CMakeFiles/coverage-cf-cf_cfdp_r-object.dir/home/user/work/procrace/cfs_cord/cFS/apps/cf/fsw/src/cf_cfdp_r.c.o
[ 70%] Built target coverage-cf-cf_cfdp_r-object
[ 70%] Building C object apps/cf/unit-test/CMakeFiles/coverage-cf-cf_cfdp_r-testrunner.dir/cf_cfdp_r_tests.c.o
[ 70%] Linking C executable coverage-cf-cf_cfdp_r-testrunner
[ 70%] Built target coverage-cf-cf_cfdp_r-testrunner
[ 70%] Building C object apps/cf/unit-test/CMakeFiles/coverage-cf-cf_cfdp_s-object.dir/home/user/work/procrace/cfs_cord/cFS/apps/cf/fsw/src/cf_cfdp_s.c.o
[ 70%] Built target coverage-cf-cf_cfdp_s-object
[ 70%] Building C object apps/cf/unit-test/CMakeFiles/coverage-cf-cf_cfdp_s-testrunner.dir/cf_cfdp_s_tests.c.o
[ 70%] Linking C executable coverage-cf-cf_cfdp_s-testrunner
[ 70%] Built target coverage-cf-cf_cfdp_s-testrunner
[ 70%] Building C object apps/cf/unit-test/CMakeFiles/coverage-cf-cf_cfdp_sbintf-object.dir/home/user/work/procrace/cfs_cord/cFS/apps/cf/fsw/src/cf_cfdp_sbintf.c.o
[ 70%] Built target coverage-cf-cf_cfdp_sbintf-object
[ 70%] Building C object apps/cf/unit-test/CMakeFiles/coverage-cf-cf_cfdp_sbintf-testrunner.dir/cf_cfdp_sbintf_tests.c.o
[ 70%] Linking C executable coverage-cf-cf_cfdp_sbintf-testrunner
[ 70%] Built target coverage-cf-cf_cfdp_sbintf-testrunner
[ 70%] Building C object apps/cf/unit-test/CMakeFiles/coverage-cf-cf_cfdp_dispatch-object.dir/home/user/work/procrace/cfs_cord/cFS/apps/cf/fsw/src/cf_cfdp_dispatch.c.o
[ 70%] Built target coverage-cf-cf_cfdp_dispatch-object
[ 70%] Building C object apps/cf/unit-test/CMakeFiles/coverage-cf-cf_cfdp_dispatch-testrunner.dir/cf_cfdp_dispatch_tests.c.o
[ 71%] Linking C executable coverage-cf-cf_cfdp_dispatch-testrunner
[ 71%] Built target coverage-cf-cf_cfdp_dispatch-testrunner
[ 71%] Building C object apps/cf/unit-test/CMakeFiles/coverage-cf-cf_chunk-object.dir/home/user/work/procrace/cfs_cord/cFS/apps/cf/fsw/src/cf_chunk.c.o
[ 71%] Built target coverage-cf-cf_chunk-object
[ 71%] Building C object apps/cf/unit-test/CMakeFiles/coverage-cf-cf_chunk-testrunner.dir/cf_chunk_tests.c.o
[ 71%] Linking C executable coverage-cf-cf_chunk-testrunner
[ 71%] Built target coverage-cf-cf_chunk-testrunner
[ 71%] Building C object apps/cf/unit-test/CMakeFiles/coverage-cf-cf_clist-object.dir/home/user/work/procrace/cfs_cord/cFS/apps/cf/fsw/src/cf_clist.c.o
[ 71%] Built target coverage-cf-cf_clist-object
[ 71%] Building C object apps/cf/unit-test/CMakeFiles/coverage-cf-cf_clist-testrunner.dir/cf_clist_tests.c.o
[ 71%] Linking C executable coverage-cf-cf_clist-testrunner
[ 71%] Built target coverage-cf-cf_clist-testrunner
[ 71%] Building C object apps/cf/unit-test/CMakeFiles/coverage-cf-cf_codec-object.dir/home/user/work/procrace/cfs_cord/cFS/apps/cf/fsw/src/cf_codec.c.o
[ 71%] Built target coverage-cf-cf_codec-object
[ 71%] Building C object apps/cf/unit-test/CMakeFiles/coverage-cf-cf_codec-testrunner.dir/cf_codec_tests.c.o
[ 71%] Linking C executable coverage-cf-cf_codec-testrunner
[ 71%] Built target coverage-cf-cf_codec-testrunner
[ 71%] Building C object apps/cf/unit-test/CMakeFiles/coverage-cf-cf_cmd-object.dir/home/user/work/procrace/cfs_cord/cFS/apps/cf/fsw/src/cf_cmd.c.o
[ 71%] Built target coverage-cf-cf_cmd-object
[ 73%] Building C object apps/cf/unit-test/CMakeFiles/coverage-cf-cf_cmd-testrunner.dir/cf_cmd_tests.c.o
[ 73%] Linking C executable coverage-cf-cf_cmd-testrunner
[ 73%] Built target coverage-cf-cf_cmd-testrunner
[ 73%] Building C object apps/cf/unit-test/CMakeFiles/coverage-cf-cf_crc-object.dir/home/user/work/procrace/cfs_cord/cFS/apps/cf/fsw/src/cf_crc.c.o
[ 73%] Built target coverage-cf-cf_crc-object
[ 73%] Building C object apps/cf/unit-test/CMakeFiles/coverage-cf-cf_crc-testrunner.dir/cf_crc_tests.c.o
[ 73%] Linking C executable coverage-cf-cf_crc-testrunner
[ 73%] Built target coverage-cf-cf_crc-testrunner
[ 73%] Building C object apps/cf/unit-test/CMakeFiles/coverage-cf-cf_timer-object.dir/home/user/work/procrace/cfs_cord/cFS/apps/cf/fsw/src/cf_timer.c.o
[ 73%] Built target coverage-cf-cf_timer-object
[ 73%] Building C object apps/cf/unit-test/CMakeFiles/coverage-cf-cf_timer-testrunner.dir/cf_timer_tests.c.o
[ 73%] Linking C executable coverage-cf-cf_timer-testrunner
[ 73%] Built target coverage-cf-cf_timer-testrunner
[ 73%] Building C object apps/cf/unit-test/CMakeFiles/coverage-cf-cf_utils-object.dir/home/user/work/procrace/cfs_cord/cFS/apps/cf/fsw/src/cf_utils.c.o
[ 73%] Built target coverage-cf-cf_utils-object
[ 73%] Building C object apps/cf/unit-test/CMakeFiles/coverage-cf-cf_utils-testrunner.dir/cf_utils_tests.c.o
[ 73%] Linking C executable coverage-cf-cf_utils-testrunner
[ 73%] Built target coverage-cf-cf_utils-testrunner
[ 73%] Building C object apps/cf/unit-test/CMakeFiles/coverage-cf-cf_dispatch-object.dir/home/user/work/procrace/cfs_cord/cFS/apps/cf/fsw/src/cf_dispatch.c.o
[ 73%] Built target coverage-cf-cf_dispatch-object
[ 73%] Building C object apps/cf/unit-test/CMakeFiles/coverage-cf-cf_dispatch-testrunner.dir/cf_dispatch_tests.c.o
[ 73%] Linking C executable coverage-cf-cf_dispatch-testrunner
[ 73%] Built target coverage-cf-cf_dispatch-testrunner
[ 73%] Building C object apps/hs/CMakeFiles/hs.dir/fsw/src/hs_monitors.c.o
[ 73%] Building C object apps/hs/CMakeFiles/hs.dir/fsw/src/hs_utils.c.o
[ 73%] Building C object apps/hs/CMakeFiles/hs.dir/fsw/src/hs_sysmon.c.o
[ 73%] Building C object apps/hs/CMakeFiles/hs.dir/fsw/src/hs_app.c.o
[ 73%] Building C object apps/hs/CMakeFiles/hs.dir/fsw/src/hs_cmds.c.o
[ 73%] Building C object apps/hs/CMakeFiles/hs.dir/fsw/src/hs_dispatch.c.o
[ 73%] Linking C shared module hs.so
[ 73%] Built target hs
[ 73%] Building C object apps/hs/unit-test/CMakeFiles/coverage-hs_internal-stubs.dir/utilities/hs_test_utils.c.o
[ 73%] Building C object apps/hs/unit-test/CMakeFiles/coverage-hs_internal-stubs.dir/stubs/hs_global_stubs.c.o
[ 74%] Building C object apps/hs/unit-test/CMakeFiles/coverage-hs_internal-stubs.dir/stubs/hs_app_stubs.c.o
[ 74%] Building C object apps/hs/unit-test/CMakeFiles/coverage-hs_internal-stubs.dir/stubs/hs_cmds_stubs.c.o
[ 74%] Building C object apps/hs/unit-test/CMakeFiles/coverage-hs_internal-stubs.dir/stubs/hs_dispatch_stubs.c.o
[ 74%] Building C object apps/hs/unit-test/CMakeFiles/coverage-hs_internal-stubs.dir/stubs/hs_monitors_stubs.c.o
[ 74%] Building C object apps/hs/unit-test/CMakeFiles/coverage-hs_internal-stubs.dir/stubs/hs_utils_stubs.c.o
[ 74%] Building C object apps/hs/unit-test/CMakeFiles/coverage-hs_internal-stubs.dir/stubs/hs_sysmon_stubs.c.o
[ 74%] Linking C static library libcoverage-hs_internal-stubs.a
[ 74%] Built target coverage-hs_internal-stubs
[ 74%] Building C object apps/hs/unit-test/CMakeFiles/coverage-hs-hs_monitors-object.dir/home/user/work/procrace/cfs_cord/cFS/apps/hs/fsw/src/hs_monitors.c.o
[ 74%] Built target coverage-hs-hs_monitors-object
[ 74%] Building C object apps/hs/unit-test/CMakeFiles/coverage-hs-hs_monitors-testrunner.dir/hs_monitors_tests.c.o
[ 74%] Linking C executable coverage-hs-hs_monitors-testrunner
[ 74%] Built target coverage-hs-hs_monitors-testrunner
[ 74%] Building C object apps/hs/unit-test/CMakeFiles/coverage-hs-hs_utils-object.dir/home/user/work/procrace/cfs_cord/cFS/apps/hs/fsw/src/hs_utils.c.o
[ 74%] Built target coverage-hs-hs_utils-object
[ 74%] Building C object apps/hs/unit-test/CMakeFiles/coverage-hs-hs_utils-testrunner.dir/hs_utils_tests.c.o
[ 74%] Linking C executable coverage-hs-hs_utils-testrunner
[ 74%] Built target coverage-hs-hs_utils-testrunner
[ 74%] Building C object apps/hs/unit-test/CMakeFiles/coverage-hs-hs_sysmon-object.dir/home/user/work/procrace/cfs_cord/cFS/apps/hs/fsw/src/hs_sysmon.c.o
[ 74%] Built target coverage-hs-hs_sysmon-object
[ 74%] Building C object apps/hs/unit-test/CMakeFiles/coverage-hs-hs_sysmon-testrunner.dir/hs_sysmon_tests.c.o
[ 74%] Linking C executable coverage-hs-hs_sysmon-testrunner
[ 74%] Built target coverage-hs-hs_sysmon-testrunner
[ 74%] Building C object apps/hs/unit-test/CMakeFiles/coverage-hs-hs_app-object.dir/home/user/work/procrace/cfs_cord/cFS/apps/hs/fsw/src/hs_app.c.o
[ 74%] Built target coverage-hs-hs_app-object
[ 74%] Building C object apps/hs/unit-test/CMakeFiles/coverage-hs-hs_app-testrunner.dir/hs_app_tests.c.o
[ 74%] Linking C executable coverage-hs-hs_app-testrunner
[ 74%] Built target coverage-hs-hs_app-testrunner
[ 75%] Building C object apps/hs/unit-test/CMakeFiles/coverage-hs-hs_cmds-object.dir/home/user/work/procrace/cfs_cord/cFS/apps/hs/fsw/src/hs_cmds.c.o
[ 75%] Built target coverage-hs-hs_cmds-object
[ 75%] Building C object apps/hs/unit-test/CMakeFiles/coverage-hs-hs_cmds-testrunner.dir/hs_cmds_tests.c.o
[ 75%] Linking C executable coverage-hs-hs_cmds-testrunner
[ 75%] Built target coverage-hs-hs_cmds-testrunner
[ 75%] Building C object apps/hs/unit-test/CMakeFiles/coverage-hs-hs_dispatch-object.dir/home/user/work/procrace/cfs_cord/cFS/apps/hs/fsw/src/hs_dispatch.c.o
[ 75%] Built target coverage-hs-hs_dispatch-object
[ 75%] Building C object apps/hs/unit-test/CMakeFiles/coverage-hs-hs_dispatch-testrunner.dir/hs_dispatch_tests.c.o
[ 75%] Linking C executable coverage-hs-hs_dispatch-testrunner
[ 75%] Built target coverage-hs-hs_dispatch-testrunner
[ 75%] Building C object apps/md/CMakeFiles/md.dir/fsw/src/md_dwell_tbl.c.o
[ 75%] Building C object apps/md/CMakeFiles/md.dir/fsw/src/md_utils.c.o
[ 75%] Building C object apps/md/CMakeFiles/md.dir/fsw/src/md_dwell_pkt.c.o
[ 75%] Building C object apps/md/CMakeFiles/md.dir/fsw/src/md_cmds.c.o
[ 75%] Building C object apps/md/CMakeFiles/md.dir/fsw/src/md_app.c.o
[ 75%] Building C object apps/md/CMakeFiles/md.dir/fsw/src/md_dispatch.c.o
[ 76%] Linking C shared module md.so
[ 76%] Built target md
[ 76%] Building C object apps/md/unit-test/CMakeFiles/coverage-md_internal-stubs.dir/utilities/md_test_utils.c.o
[ 76%] Building C object apps/md/unit-test/CMakeFiles/coverage-md_internal-stubs.dir/stubs/md_app_stubs.c.o
[ 76%] Building C object apps/md/unit-test/CMakeFiles/coverage-md_internal-stubs.dir/stubs/stub_libc_stdio.c.o
[ 76%] Building C object apps/md/unit-test/CMakeFiles/coverage-md_internal-stubs.dir/stubs/md_cmds_stubs.c.o
[ 76%] Building C object apps/md/unit-test/CMakeFiles/coverage-md_internal-stubs.dir/stubs/md_dwell_tbl_stubs.c.o
[ 76%] Building C object apps/md/unit-test/CMakeFiles/coverage-md_internal-stubs.dir/stubs/md_utils_stubs.c.o
[ 76%] Building C object apps/md/unit-test/CMakeFiles/coverage-md_internal-stubs.dir/stubs/md_dwell_pkt_stubs.c.o
[ 76%] Building C object apps/md/unit-test/CMakeFiles/coverage-md_internal-stubs.dir/stubs/md_global_stubs.c.o
[ 76%] Building C object apps/md/unit-test/CMakeFiles/coverage-md_internal-stubs.dir/stubs/md_dispatch_stubs.c.o
[ 76%] Linking C static library libcoverage-md_internal-stubs.a
[ 76%] Built target coverage-md_internal-stubs
[ 76%] Building C object apps/md/unit-test/CMakeFiles/coverage-md-md_dwell_tbl-object.dir/home/user/work/procrace/cfs_cord/cFS/apps/md/fsw/src/md_dwell_tbl.c.o
[ 76%] Built target coverage-md-md_dwell_tbl-object
[ 77%] Building C object apps/md/unit-test/CMakeFiles/coverage-md-md_dwell_tbl-testrunner.dir/md_dwell_tbl_tests.c.o
[ 77%] Linking C executable coverage-md-md_dwell_tbl-testrunner
[ 77%] Built target coverage-md-md_dwell_tbl-testrunner
[ 77%] Building C object apps/md/unit-test/CMakeFiles/coverage-md-md_utils-object.dir/home/user/work/procrace/cfs_cord/cFS/apps/md/fsw/src/md_utils.c.o
[ 77%] Built target coverage-md-md_utils-object
[ 77%] Building C object apps/md/unit-test/CMakeFiles/coverage-md-md_utils-testrunner.dir/md_utils_tests.c.o
[ 77%] Linking C executable coverage-md-md_utils-testrunner
[ 77%] Built target coverage-md-md_utils-testrunner
[ 77%] Building C object apps/md/unit-test/CMakeFiles/coverage-md-md_dwell_pkt-object.dir/home/user/work/procrace/cfs_cord/cFS/apps/md/fsw/src/md_dwell_pkt.c.o
[ 77%] Built target coverage-md-md_dwell_pkt-object
[ 77%] Building C object apps/md/unit-test/CMakeFiles/coverage-md-md_dwell_pkt-testrunner.dir/md_dwell_pkt_tests.c.o
[ 77%] Linking C executable coverage-md-md_dwell_pkt-testrunner
[ 77%] Built target coverage-md-md_dwell_pkt-testrunner
[ 77%] Building C object apps/md/unit-test/CMakeFiles/coverage-md-md_cmds-object.dir/home/user/work/procrace/cfs_cord/cFS/apps/md/fsw/src/md_cmds.c.o
[ 77%] Built target coverage-md-md_cmds-object
[ 77%] Building C object apps/md/unit-test/CMakeFiles/coverage-md-md_cmds-testrunner.dir/md_cmds_tests.c.o
[ 77%] Linking C executable coverage-md-md_cmds-testrunner
[ 77%] Built target coverage-md-md_cmds-testrunner
[ 77%] Building C object apps/md/unit-test/CMakeFiles/coverage-md-md_app-object.dir/home/user/work/procrace/cfs_cord/cFS/apps/md/fsw/src/md_app.c.o
[ 77%] Built target coverage-md-md_app-object
[ 77%] Building C object apps/md/unit-test/CMakeFiles/coverage-md-md_app-testrunner.dir/md_app_tests.c.o
[ 77%] Linking C executable coverage-md-md_app-testrunner
[ 77%] Built target coverage-md-md_app-testrunner
[ 77%] Building C object apps/md/unit-test/CMakeFiles/coverage-md-md_dispatch-object.dir/home/user/work/procrace/cfs_cord/cFS/apps/md/fsw/src/md_dispatch.c.o
[ 77%] Built target coverage-md-md_dispatch-object
[ 77%] Building C object apps/md/unit-test/CMakeFiles/coverage-md-md_dispatch-testrunner.dir/md_dispatch_tests.c.o
[ 77%] Linking C executable coverage-md-md_dispatch-testrunner
[ 77%] Built target coverage-md-md_dispatch-testrunner
[ 77%] Building C object apps/mm/CMakeFiles/mm.dir/fsw/src/mm_mem32.c.o
[ 77%] Building C object apps/mm/CMakeFiles/mm.dir/fsw/src/mm_app.c.o
[ 77%] Building C object apps/mm/CMakeFiles/mm.dir/fsw/src/mm_dump.c.o
[ 77%] Building C object apps/mm/CMakeFiles/mm.dir/fsw/src/mm_mem16.c.o
[ 77%] Building C object apps/mm/CMakeFiles/mm.dir/fsw/src/mm_utils.c.o
[ 77%] Building C object apps/mm/CMakeFiles/mm.dir/fsw/src/mm_mem8.c.o
[ 77%] Building C object apps/mm/CMakeFiles/mm.dir/fsw/src/mm_load.c.o
[ 77%] Building C object apps/mm/CMakeFiles/mm.dir/fsw/src/mm_cmds.c.o
[ 77%] Building C object apps/mm/CMakeFiles/mm.dir/fsw/src/mm_dispatch.c.o
[ 77%] Linking C shared module mm.so
[ 77%] Built target mm
[ 77%] Building C object apps/mm/unit-test/CMakeFiles/coverage-mm_internal-stubs.dir/utilities/mm_test_utils.c.o
[ 77%] Building C object apps/mm/unit-test/CMakeFiles/coverage-mm_internal-stubs.dir/stubs/mm_global_stubs.c.o
[ 77%] Building C object apps/mm/unit-test/CMakeFiles/coverage-mm_internal-stubs.dir/stubs/mm_app_stubs.c.o
[ 77%] Building C object apps/mm/unit-test/CMakeFiles/coverage-mm_internal-stubs.dir/stubs/mm_cmds_stubs.c.o
[ 77%] Building C object apps/mm/unit-test/CMakeFiles/coverage-mm_internal-stubs.dir/stubs/mm_dispatch_stubs.c.o
[ 77%] Building C object apps/mm/unit-test/CMakeFiles/coverage-mm_internal-stubs.dir/stubs/mm_dump_stubs.c.o
[ 77%] Building C object apps/mm/unit-test/CMakeFiles/coverage-mm_internal-stubs.dir/stubs/mm_load_stubs.c.o
[ 77%] Building C object apps/mm/unit-test/CMakeFiles/coverage-mm_internal-stubs.dir/stubs/mm_mem8_stubs.c.o
[ 77%] Building C object apps/mm/unit-test/CMakeFiles/coverage-mm_internal-stubs.dir/stubs/mm_mem16_stubs.c.o
[ 77%] Building C object apps/mm/unit-test/CMakeFiles/coverage-mm_internal-stubs.dir/stubs/mm_mem32_stubs.c.o
[ 77%] Building C object apps/mm/unit-test/CMakeFiles/coverage-mm_internal-stubs.dir/stubs/mm_utils_stubs.c.o
[ 78%] Linking C static library libcoverage-mm_internal-stubs.a
[ 78%] Built target coverage-mm_internal-stubs
[ 78%] Building C object apps/mm/unit-test/CMakeFiles/coverage-mm-mm_mem32-object.dir/home/user/work/procrace/cfs_cord/cFS/apps/mm/fsw/src/mm_mem32.c.o
[ 78%] Built target coverage-mm-mm_mem32-object
[ 78%] Building C object apps/mm/unit-test/CMakeFiles/coverage-mm-mm_mem32-testrunner.dir/mm_mem32_tests.c.o
[ 79%] Linking C executable coverage-mm-mm_mem32-testrunner
[ 79%] Built target coverage-mm-mm_mem32-testrunner
[ 79%] Building C object apps/mm/unit-test/CMakeFiles/coverage-mm-mm_app-object.dir/home/user/work/procrace/cfs_cord/cFS/apps/mm/fsw/src/mm_app.c.o
[ 79%] Built target coverage-mm-mm_app-object
[ 79%] Building C object apps/mm/unit-test/CMakeFiles/coverage-mm-mm_app-testrunner.dir/mm_app_tests.c.o
[ 79%] Linking C executable coverage-mm-mm_app-testrunner
[ 79%] Built target coverage-mm-mm_app-testrunner
[ 79%] Building C object apps/mm/unit-test/CMakeFiles/coverage-mm-mm_dump-object.dir/home/user/work/procrace/cfs_cord/cFS/apps/mm/fsw/src/mm_dump.c.o
[ 79%] Built target coverage-mm-mm_dump-object
[ 79%] Building C object apps/mm/unit-test/CMakeFiles/coverage-mm-mm_dump-testrunner.dir/mm_dump_tests.c.o
[ 79%] Linking C executable coverage-mm-mm_dump-testrunner
[ 79%] Built target coverage-mm-mm_dump-testrunner
[ 79%] Building C object apps/mm/unit-test/CMakeFiles/coverage-mm-mm_mem16-object.dir/home/user/work/procrace/cfs_cord/cFS/apps/mm/fsw/src/mm_mem16.c.o
[ 79%] Built target coverage-mm-mm_mem16-object
[ 79%] Building C object apps/mm/unit-test/CMakeFiles/coverage-mm-mm_mem16-testrunner.dir/mm_mem16_tests.c.o
[ 79%] Linking C executable coverage-mm-mm_mem16-testrunner
[ 79%] Built target coverage-mm-mm_mem16-testrunner
[ 79%] Building C object apps/mm/unit-test/CMakeFiles/coverage-mm-mm_utils-object.dir/home/user/work/procrace/cfs_cord/cFS/apps/mm/fsw/src/mm_utils.c.o
[ 79%] Built target coverage-mm-mm_utils-object
[ 79%] Building C object apps/mm/unit-test/CMakeFiles/coverage-mm-mm_utils-testrunner.dir/mm_utils_tests.c.o
[ 79%] Linking C executable coverage-mm-mm_utils-testrunner
[ 79%] Built target coverage-mm-mm_utils-testrunner
[ 79%] Building C object apps/mm/unit-test/CMakeFiles/coverage-mm-mm_mem8-object.dir/home/user/work/procrace/cfs_cord/cFS/apps/mm/fsw/src/mm_mem8.c.o
[ 79%] Built target coverage-mm-mm_mem8-object
[ 79%] Building C object apps/mm/unit-test/CMakeFiles/coverage-mm-mm_mem8-testrunner.dir/mm_mem8_tests.c.o
[ 79%] Linking C executable coverage-mm-mm_mem8-testrunner
[ 79%] Built target coverage-mm-mm_mem8-testrunner
[ 79%] Building C object apps/mm/unit-test/CMakeFiles/coverage-mm-mm_load-object.dir/home/user/work/procrace/cfs_cord/cFS/apps/mm/fsw/src/mm_load.c.o
[ 79%] Built target coverage-mm-mm_load-object
[ 79%] Building C object apps/mm/unit-test/CMakeFiles/coverage-mm-mm_load-testrunner.dir/mm_load_tests.c.o
[ 79%] Linking C executable coverage-mm-mm_load-testrunner
[ 79%] Built target coverage-mm-mm_load-testrunner
[ 80%] Building C object apps/mm/unit-test/CMakeFiles/coverage-mm-mm_cmds-object.dir/home/user/work/procrace/cfs_cord/cFS/apps/mm/fsw/src/mm_cmds.c.o
[ 80%] Built target coverage-mm-mm_cmds-object
[ 80%] Building C object apps/mm/unit-test/CMakeFiles/coverage-mm-mm_cmds-testrunner.dir/mm_cmds_tests.c.o
[ 80%] Linking C executable coverage-mm-mm_cmds-testrunner
[ 80%] Built target coverage-mm-mm_cmds-testrunner
[ 80%] Building C object apps/mm/unit-test/CMakeFiles/coverage-mm-mm_dispatch-object.dir/home/user/work/procrace/cfs_cord/cFS/apps/mm/fsw/src/mm_dispatch.c.o
[ 80%] Built target coverage-mm-mm_dispatch-object
[ 80%] Building C object apps/mm/unit-test/CMakeFiles/coverage-mm-mm_dispatch-testrunner.dir/mm_dispatch_tests.c.o
[ 80%] Linking C executable coverage-mm-mm_dispatch-testrunner
[ 80%] Built target coverage-mm-mm_dispatch-testrunner
[ 80%] Building C object apps/cs/CMakeFiles/cs.dir/fsw/src/cs_cmds.c.o
[ 80%] Building C object apps/cs/CMakeFiles/cs.dir/fsw/src/cs_table_processing.c.o
[ 80%] Building C object apps/cs/CMakeFiles/cs.dir/fsw/src/cs_app.c.o
[ 80%] Building C object apps/cs/CMakeFiles/cs.dir/fsw/src/cs_utils.c.o
[ 80%] Building C object apps/cs/CMakeFiles/cs.dir/fsw/src/cs_table_cmds.c.o
[ 80%] Building C object apps/cs/CMakeFiles/cs.dir/fsw/src/cs_app_cmds.c.o
[ 80%] Building C object apps/cs/CMakeFiles/cs.dir/fsw/src/cs_memory_cmds.c.o
[ 80%] Building C object apps/cs/CMakeFiles/cs.dir/fsw/src/cs_init.c.o
[ 80%] Building C object apps/cs/CMakeFiles/cs.dir/fsw/src/cs_eeprom_cmds.c.o
[ 80%] Building C object apps/cs/CMakeFiles/cs.dir/fsw/src/cs_compute.c.o
[ 80%] Building C object apps/cs/CMakeFiles/cs.dir/fsw/src/cs_dispatch.c.o
[ 80%] Linking C shared module cs.so
[ 80%] Built target cs
[ 80%] Building C object apps/cs/unit-test/CMakeFiles/coverage-cs_internal-stubs.dir/utilities/cs_test_utils.c.o
[ 82%] Building C object apps/cs/unit-test/CMakeFiles/coverage-cs_internal-stubs.dir/stubs/cs_appdata_global_stub.c.o
[ 82%] Building C object apps/cs/unit-test/CMakeFiles/coverage-cs_internal-stubs.dir/stubs/cs_utils_stubs.c.o
[ 82%] Building C object apps/cs/unit-test/CMakeFiles/coverage-cs_internal-stubs.dir/stubs/cs_compute_stubs.c.o
[ 82%] Building C object apps/cs/unit-test/CMakeFiles/coverage-cs_internal-stubs.dir/stubs/cs_table_processing_stubs.c.o
[ 82%] Building C object apps/cs/unit-test/CMakeFiles/coverage-cs_internal-stubs.dir/stubs/cs_table_cmds_stubs.c.o
[ 82%] Building C object apps/cs/unit-test/CMakeFiles/coverage-cs_internal-stubs.dir/stubs/cs_memory_cmds_stubs.c.o
[ 82%] Building C object apps/cs/unit-test/CMakeFiles/coverage-cs_internal-stubs.dir/stubs/cs_app_stubs.c.o
[ 82%] Building C object apps/cs/unit-test/CMakeFiles/coverage-cs_internal-stubs.dir/stubs/cs_app_cmds_stubs.c.o
[ 82%] Building C object apps/cs/unit-test/CMakeFiles/coverage-cs_internal-stubs.dir/stubs/cs_cmds_stubs.c.o
[ 82%] Building C object apps/cs/unit-test/CMakeFiles/coverage-cs_internal-stubs.dir/stubs/cs_init_stubs.c.o
[ 82%] Building C object apps/cs/unit-test/CMakeFiles/coverage-cs_internal-stubs.dir/stubs/cs_eeprom_cmds_stubs.c.o
[ 82%] Building C object apps/cs/unit-test/CMakeFiles/coverage-cs_internal-stubs.dir/stubs/cs_dispatch_stubs.c.o
[ 82%] Linking C static library libcoverage-cs_internal-stubs.a
[ 82%] Built target coverage-cs_internal-stubs
[ 82%] Building C object apps/cs/unit-test/CMakeFiles/coverage-cs-cs_cmds-object.dir/home/user/work/procrace/cfs_cord/cFS/apps/cs/fsw/src/cs_cmds.c.o
[ 82%] Built target coverage-cs-cs_cmds-object
[ 82%] Building C object apps/cs/unit-test/CMakeFiles/coverage-cs-cs_cmds-testrunner.dir/cs_cmds_tests.c.o
[ 82%] Linking C executable coverage-cs-cs_cmds-testrunner
[ 82%] Built target coverage-cs-cs_cmds-testrunner
[ 82%] Building C object apps/cs/unit-test/CMakeFiles/coverage-cs-cs_table_processing-object.dir/home/user/work/procrace/cfs_cord/cFS/apps/cs/fsw/src/cs_table_processing.c.o
[ 82%] Built target coverage-cs-cs_table_processing-object
[ 82%] Building C object apps/cs/unit-test/CMakeFiles/coverage-cs-cs_table_processing-testrunner.dir/cs_table_processing_tests.c.o
[ 82%] Linking C executable coverage-cs-cs_table_processing-testrunner
[ 82%] Built target coverage-cs-cs_table_processing-testrunner
[ 82%] Building C object apps/cs/unit-test/CMakeFiles/coverage-cs-cs_app-object.dir/home/user/work/procrace/cfs_cord/cFS/apps/cs/fsw/src/cs_app.c.o
[ 82%] Built target coverage-cs-cs_app-object
[ 82%] Building C object apps/cs/unit-test/CMakeFiles/coverage-cs-cs_app-testrunner.dir/cs_app_tests.c.o
[ 82%] Linking C executable coverage-cs-cs_app-testrunner
[ 82%] Built target coverage-cs-cs_app-testrunner
[ 82%] Building C object apps/cs/unit-test/CMakeFiles/coverage-cs-cs_utils-object.dir/home/user/work/procrace/cfs_cord/cFS/apps/cs/fsw/src/cs_utils.c.o
[ 82%] Built target coverage-cs-cs_utils-object
[ 82%] Building C object apps/cs/unit-test/CMakeFiles/coverage-cs-cs_utils-testrunner.dir/cs_utils_tests.c.o
[ 82%] Linking C executable coverage-cs-cs_utils-testrunner
[ 82%] Built target coverage-cs-cs_utils-testrunner
[ 82%] Building C object apps/cs/unit-test/CMakeFiles/coverage-cs-cs_table_cmds-object.dir/home/user/work/procrace/cfs_cord/cFS/apps/cs/fsw/src/cs_table_cmds.c.o
[ 82%] Built target coverage-cs-cs_table_cmds-object
[ 82%] Building C object apps/cs/unit-test/CMakeFiles/coverage-cs-cs_table_cmds-testrunner.dir/cs_table_cmds_tests.c.o
[ 82%] Linking C executable coverage-cs-cs_table_cmds-testrunner
[ 82%] Built target coverage-cs-cs_table_cmds-testrunner
[ 82%] Building C object apps/cs/unit-test/CMakeFiles/coverage-cs-cs_app_cmds-object.dir/home/user/work/procrace/cfs_cord/cFS/apps/cs/fsw/src/cs_app_cmds.c.o
[ 82%] Built target coverage-cs-cs_app_cmds-object
[ 82%] Building C object apps/cs/unit-test/CMakeFiles/coverage-cs-cs_app_cmds-testrunner.dir/cs_app_cmds_tests.c.o
[ 82%] Linking C executable coverage-cs-cs_app_cmds-testrunner
[ 82%] Built target coverage-cs-cs_app_cmds-testrunner
[ 82%] Building C object apps/cs/unit-test/CMakeFiles/coverage-cs-cs_memory_cmds-object.dir/home/user/work/procrace/cfs_cord/cFS/apps/cs/fsw/src/cs_memory_cmds.c.o
[ 82%] Built target coverage-cs-cs_memory_cmds-object
[ 82%] Building C object apps/cs/unit-test/CMakeFiles/coverage-cs-cs_memory_cmds-testrunner.dir/cs_memory_cmds_tests.c.o
[ 82%] Linking C executable coverage-cs-cs_memory_cmds-testrunner
[ 82%] Built target coverage-cs-cs_memory_cmds-testrunner
[ 82%] Building C object apps/cs/unit-test/CMakeFiles/coverage-cs-cs_init-object.dir/home/user/work/procrace/cfs_cord/cFS/apps/cs/fsw/src/cs_init.c.o
[ 82%] Built target coverage-cs-cs_init-object
[ 82%] Building C object apps/cs/unit-test/CMakeFiles/coverage-cs-cs_init-testrunner.dir/cs_init_tests.c.o
[ 82%] Linking C executable coverage-cs-cs_init-testrunner
[ 82%] Built target coverage-cs-cs_init-testrunner
[ 82%] Building C object apps/cs/unit-test/CMakeFiles/coverage-cs-cs_eeprom_cmds-object.dir/home/user/work/procrace/cfs_cord/cFS/apps/cs/fsw/src/cs_eeprom_cmds.c.o
[ 82%] Built target coverage-cs-cs_eeprom_cmds-object
[ 83%] Building C object apps/cs/unit-test/CMakeFiles/coverage-cs-cs_eeprom_cmds-testrunner.dir/cs_eeprom_cmds_tests.c.o
[ 83%] Linking C executable coverage-cs-cs_eeprom_cmds-testrunner
[ 83%] Built target coverage-cs-cs_eeprom_cmds-testrunner
[ 83%] Building C object apps/cs/unit-test/CMakeFiles/coverage-cs-cs_compute-object.dir/home/user/work/procrace/cfs_cord/cFS/apps/cs/fsw/src/cs_compute.c.o
[ 83%] Built target coverage-cs-cs_compute-object
[ 83%] Building C object apps/cs/unit-test/CMakeFiles/coverage-cs-cs_compute-testrunner.dir/cs_compute_tests.c.o
[ 83%] Linking C executable coverage-cs-cs_compute-testrunner
[ 83%] Built target coverage-cs-cs_compute-testrunner
[ 83%] Building C object apps/cs/unit-test/CMakeFiles/coverage-cs-cs_dispatch-object.dir/home/user/work/procrace/cfs_cord/cFS/apps/cs/fsw/src/cs_dispatch.c.o
[ 83%] Built target coverage-cs-cs_dispatch-object
[ 83%] Building C object apps/cs/unit-test/CMakeFiles/coverage-cs-cs_dispatch-testrunner.dir/cs_dispatch_tests.c.o
[ 83%] Linking C executable coverage-cs-cs_dispatch-testrunner
[ 83%] Built target coverage-cs-cs_dispatch-testrunner
[ 83%] Building C object apps/fm/CMakeFiles/fm.dir/fsw/src/fm_cmd_utils.c.o
[ 83%] Building C object apps/fm/CMakeFiles/fm.dir/fsw/src/fm_app.c.o
[ 83%] Building C object apps/fm/CMakeFiles/fm.dir/fsw/src/fm_cmds.c.o
[ 83%] Building C object apps/fm/CMakeFiles/fm.dir/fsw/src/fm_child.c.o
[ 83%] Building C object apps/fm/CMakeFiles/fm.dir/fsw/src/fm_table_utils.c.o
[ 83%] Building C object apps/fm/CMakeFiles/fm.dir/fsw/src/fm_dispatch.c.o
[ 83%] Building C object apps/fm/CMakeFiles/fm.dir/fsw/src/fm_compression_none.c.o
[ 84%] Linking C shared module fm.so
[ 84%] Built target fm
[ 84%] Building C object apps/fm/unit-test/CMakeFiles/coverage-fm_internal-stubs.dir/utilities/fm_test_utils.c.o
[ 84%] Building C object apps/fm/unit-test/CMakeFiles/coverage-fm_internal-stubs.dir/stubs/fm_global_stubs.c.o
[ 85%] Building C object apps/fm/unit-test/CMakeFiles/coverage-fm_internal-stubs.dir/stubs/fm_cmds_stubs.c.o
[ 85%] Building C object apps/fm/unit-test/CMakeFiles/coverage-fm_internal-stubs.dir/stubs/fm_cmd_utils_stubs.c.o
[ 85%] Building C object apps/fm/unit-test/CMakeFiles/coverage-fm_internal-stubs.dir/stubs/fm_cmd_utils_handlers.c.o
[ 85%] Building C object apps/fm/unit-test/CMakeFiles/coverage-fm_internal-stubs.dir/stubs/fm_compression_stubs.c.o
[ 85%] Building C object apps/fm/unit-test/CMakeFiles/coverage-fm_internal-stubs.dir/stubs/fm_dispatch_stubs.c.o
[ 85%] Building C object apps/fm/unit-test/CMakeFiles/coverage-fm_internal-stubs.dir/stubs/fm_app_stubs.c.o
[ 85%] Building C object apps/fm/unit-test/CMakeFiles/coverage-fm_internal-stubs.dir/stubs/fm_child_stubs.c.o
[ 85%] Building C object apps/fm/unit-test/CMakeFiles/coverage-fm_internal-stubs.dir/stubs/fm_table_utils_stubs.c.o
[ 85%] Linking C static library libcoverage-fm_internal-stubs.a
[ 85%] Built target coverage-fm_internal-stubs
[ 85%] Building C object apps/fm/unit-test/CMakeFiles/coverage-fm-fm_cmd_utils-object.dir/home/user/work/procrace/cfs_cord/cFS/apps/fm/fsw/src/fm_cmd_utils.c.o
[ 85%] Built target coverage-fm-fm_cmd_utils-object
[ 85%] Building C object apps/fm/unit-test/CMakeFiles/coverage-fm-fm_cmd_utils-testrunner.dir/fm_cmd_utils_tests.c.o
[ 85%] Linking C executable coverage-fm-fm_cmd_utils-testrunner
[ 85%] Built target coverage-fm-fm_cmd_utils-testrunner
[ 85%] Building C object apps/fm/unit-test/CMakeFiles/coverage-fm-fm_app-object.dir/home/user/work/procrace/cfs_cord/cFS/apps/fm/fsw/src/fm_app.c.o
[ 85%] Built target coverage-fm-fm_app-object
[ 85%] Building C object apps/fm/unit-test/CMakeFiles/coverage-fm-fm_app-testrunner.dir/fm_app_tests.c.o
[ 86%] Linking C executable coverage-fm-fm_app-testrunner
[ 86%] Built target coverage-fm-fm_app-testrunner
[ 86%] Building C object apps/fm/unit-test/CMakeFiles/coverage-fm-fm_cmds-object.dir/home/user/work/procrace/cfs_cord/cFS/apps/fm/fsw/src/fm_cmds.c.o
[ 86%] Built target coverage-fm-fm_cmds-object
[ 86%] Building C object apps/fm/unit-test/CMakeFiles/coverage-fm-fm_cmds-testrunner.dir/fm_cmds_tests.c.o
[ 86%] Linking C executable coverage-fm-fm_cmds-testrunner
[ 86%] Built target coverage-fm-fm_cmds-testrunner
[ 86%] Building C object apps/fm/unit-test/CMakeFiles/coverage-fm-fm_child-object.dir/home/user/work/procrace/cfs_cord/cFS/apps/fm/fsw/src/fm_child.c.o
[ 86%] Built target coverage-fm-fm_child-object
[ 86%] Building C object apps/fm/unit-test/CMakeFiles/coverage-fm-fm_child-testrunner.dir/fm_child_tests.c.o
[ 86%] Linking C executable coverage-fm-fm_child-testrunner
[ 86%] Built target coverage-fm-fm_child-testrunner
[ 86%] Building C object apps/fm/unit-test/CMakeFiles/coverage-fm-fm_table_utils-object.dir/home/user/work/procrace/cfs_cord/cFS/apps/fm/fsw/src/fm_table_utils.c.o
[ 86%] Built target coverage-fm-fm_table_utils-object
[ 86%] Building C object apps/fm/unit-test/CMakeFiles/coverage-fm-fm_table_utils-testrunner.dir/fm_table_utils_tests.c.o
[ 86%] Linking C executable coverage-fm-fm_table_utils-testrunner
[ 86%] Built target coverage-fm-fm_table_utils-testrunner
[ 86%] Building C object apps/fm/unit-test/CMakeFiles/coverage-fm-fm_dispatch-object.dir/home/user/work/procrace/cfs_cord/cFS/apps/fm/fsw/src/fm_dispatch.c.o
[ 86%] Built target coverage-fm-fm_dispatch-object
[ 86%] Building C object apps/fm/unit-test/CMakeFiles/coverage-fm-fm_dispatch-testrunner.dir/fm_dispatch_tests.c.o
[ 86%] Linking C executable coverage-fm-fm_dispatch-testrunner
[ 86%] Built target coverage-fm-fm_dispatch-testrunner
[ 86%] Building C object apps/lc/CMakeFiles/lc.dir/fsw/src/lc_custom.c.o
[ 86%] Building C object apps/lc/CMakeFiles/lc.dir/fsw/src/lc_app.c.o
[ 86%] Building C object apps/lc/CMakeFiles/lc.dir/fsw/src/lc_cmds.c.o
[ 86%] Building C object apps/lc/CMakeFiles/lc.dir/fsw/src/lc_watch.c.o
[ 86%] Building C object apps/lc/CMakeFiles/lc.dir/fsw/src/lc_action.c.o
[ 86%] Building C object apps/lc/CMakeFiles/lc.dir/fsw/src/lc_utils.c.o
[ 86%] Building C object apps/lc/CMakeFiles/lc.dir/fsw/src/lc_dispatch.c.o
[ 86%] Linking C shared module lc.so
[ 86%] Built target lc
[ 86%] Building C object apps/lc/unit-test/CMakeFiles/coverage-lc_internal-stubs.dir/utilities/lc_test_utils.c.o
[ 86%] Building C object apps/lc/unit-test/CMakeFiles/coverage-lc_internal-stubs.dir/stubs/lc_app_stubs.c.o
[ 86%] Building C object apps/lc/unit-test/CMakeFiles/coverage-lc_internal-stubs.dir/stubs/lc_cmds_stubs.c.o
[ 86%] Building C object apps/lc/unit-test/CMakeFiles/coverage-lc_internal-stubs.dir/stubs/lc_action_stubs.c.o
[ 86%] Building C object apps/lc/unit-test/CMakeFiles/coverage-lc_internal-stubs.dir/stubs/lc_custom_stubs.c.o
[ 87%] Building C object apps/lc/unit-test/CMakeFiles/coverage-lc_internal-stubs.dir/stubs/lc_dispatch_stubs.c.o
[ 87%] Building C object apps/lc/unit-test/CMakeFiles/coverage-lc_internal-stubs.dir/stubs/lc_utils_stubs.c.o
[ 87%] Building C object apps/lc/unit-test/CMakeFiles/coverage-lc_internal-stubs.dir/stubs/lc_watch_stubs.c.o
[ 87%] Building C object apps/lc/unit-test/CMakeFiles/coverage-lc_internal-stubs.dir/stubs/lc_global_stubs.c.o
[ 87%] Linking C static library libcoverage-lc_internal-stubs.a
[ 87%] Built target coverage-lc_internal-stubs
[ 87%] Building C object apps/lc/unit-test/CMakeFiles/coverage-lc-lc_custom-object.dir/home/user/work/procrace/cfs_cord/cFS/apps/lc/fsw/src/lc_custom.c.o
[ 87%] Built target coverage-lc-lc_custom-object
[ 87%] Building C object apps/lc/unit-test/CMakeFiles/coverage-lc-lc_custom-testrunner.dir/lc_custom_tests.c.o
[ 87%] Linking C executable coverage-lc-lc_custom-testrunner
[ 87%] Built target coverage-lc-lc_custom-testrunner
[ 87%] Building C object apps/lc/unit-test/CMakeFiles/coverage-lc-lc_app-object.dir/home/user/work/procrace/cfs_cord/cFS/apps/lc/fsw/src/lc_app.c.o
[ 87%] Built target coverage-lc-lc_app-object
[ 87%] Building C object apps/lc/unit-test/CMakeFiles/coverage-lc-lc_app-testrunner.dir/lc_app_tests.c.o
[ 87%] Linking C executable coverage-lc-lc_app-testrunner
[ 87%] Built target coverage-lc-lc_app-testrunner
[ 87%] Building C object apps/lc/unit-test/CMakeFiles/coverage-lc-lc_cmds-object.dir/home/user/work/procrace/cfs_cord/cFS/apps/lc/fsw/src/lc_cmds.c.o
[ 87%] Built target coverage-lc-lc_cmds-object
[ 87%] Building C object apps/lc/unit-test/CMakeFiles/coverage-lc-lc_cmds-testrunner.dir/lc_cmds_tests.c.o
[ 88%] Linking C executable coverage-lc-lc_cmds-testrunner
[ 88%] Built target coverage-lc-lc_cmds-testrunner
[ 88%] Building C object apps/lc/unit-test/CMakeFiles/coverage-lc-lc_watch-object.dir/home/user/work/procrace/cfs_cord/cFS/apps/lc/fsw/src/lc_watch.c.o
[ 88%] Built target coverage-lc-lc_watch-object
[ 88%] Building C object apps/lc/unit-test/CMakeFiles/coverage-lc-lc_watch-testrunner.dir/lc_watch_tests.c.o
[ 88%] Linking C executable coverage-lc-lc_watch-testrunner
[ 88%] Built target coverage-lc-lc_watch-testrunner
[ 88%] Building C object apps/lc/unit-test/CMakeFiles/coverage-lc-lc_action-object.dir/home/user/work/procrace/cfs_cord/cFS/apps/lc/fsw/src/lc_action.c.o
[ 88%] Built target coverage-lc-lc_action-object
[ 88%] Building C object apps/lc/unit-test/CMakeFiles/coverage-lc-lc_action-testrunner.dir/lc_action_tests.c.o
[ 88%] Linking C executable coverage-lc-lc_action-testrunner
[ 88%] Built target coverage-lc-lc_action-testrunner
[ 88%] Building C object apps/lc/unit-test/CMakeFiles/coverage-lc-lc_utils-object.dir/home/user/work/procrace/cfs_cord/cFS/apps/lc/fsw/src/lc_utils.c.o
[ 88%] Built target coverage-lc-lc_utils-object
[ 88%] Building C object apps/lc/unit-test/CMakeFiles/coverage-lc-lc_utils-testrunner.dir/lc_utils_tests.c.o
[ 88%] Linking C executable coverage-lc-lc_utils-testrunner
[ 88%] Built target coverage-lc-lc_utils-testrunner
[ 88%] Building C object apps/lc/unit-test/CMakeFiles/coverage-lc-lc_dispatch-object.dir/home/user/work/procrace/cfs_cord/cFS/apps/lc/fsw/src/lc_dispatch.c.o
[ 88%] Built target coverage-lc-lc_dispatch-object
[ 88%] Building C object apps/lc/unit-test/CMakeFiles/coverage-lc-lc_dispatch-testrunner.dir/lc_dispatch_tests.c.o
[ 88%] Linking C executable coverage-lc-lc_dispatch-testrunner
[ 88%] Built target coverage-lc-lc_dispatch-testrunner
[ 88%] Building C object apps/sc/CMakeFiles/sc.dir/fsw/src/sc_rtsrq.c.o
[ 88%] Building C object apps/sc/CMakeFiles/sc.dir/fsw/src/sc_utils.c.o
[ 88%] Building C object apps/sc/CMakeFiles/sc.dir/fsw/src/sc_app.c.o
[ 88%] Building C object apps/sc/CMakeFiles/sc.dir/fsw/src/sc_atsrq.c.o
[ 88%] Building C object apps/sc/CMakeFiles/sc.dir/fsw/src/sc_state.c.o
[ 88%] Building C object apps/sc/CMakeFiles/sc.dir/fsw/src/sc_loads.c.o
[ 88%] Building C object apps/sc/CMakeFiles/sc.dir/fsw/src/sc_cmds.c.o
[ 89%] Building C object apps/sc/CMakeFiles/sc.dir/fsw/src/sc_dispatch.c.o
[ 89%] Linking C shared module sc.so
[ 89%] Built target sc
[ 89%] Building C object apps/sc/unit-test/CMakeFiles/coverage-sc_internal-stubs.dir/utilities/sc_test_utils.c.o
[ 89%] Building C object apps/sc/unit-test/CMakeFiles/coverage-sc_internal-stubs.dir/stubs/sc_global_stubs.c.o
[ 89%] Building C object apps/sc/unit-test/CMakeFiles/coverage-sc_internal-stubs.dir/stubs/sc_loads_stubs.c.o
[ 89%] Building C object apps/sc/unit-test/CMakeFiles/coverage-sc_internal-stubs.dir/stubs/sc_cmds_stubs.c.o
[ 89%] Building C object apps/sc/unit-test/CMakeFiles/coverage-sc_internal-stubs.dir/stubs/sc_dispatch_stubs.c.o
[ 89%] Building C object apps/sc/unit-test/CMakeFiles/coverage-sc_internal-stubs.dir/stubs/sc_atsrq_stubs.c.o
[ 89%] Building C object apps/sc/unit-test/CMakeFiles/coverage-sc_internal-stubs.dir/stubs/sc_state_stubs.c.o
[ 89%] Building C object apps/sc/unit-test/CMakeFiles/coverage-sc_internal-stubs.dir/stubs/sc_app_stubs.c.o
[ 89%] Building C object apps/sc/unit-test/CMakeFiles/coverage-sc_internal-stubs.dir/stubs/sc_utils_stubs.c.o
[ 89%] Building C object apps/sc/unit-test/CMakeFiles/coverage-sc_internal-stubs.dir/stubs/sc_rtsrq_stubs.c.o
[ 89%] Linking C static library libcoverage-sc_internal-stubs.a
[ 89%] Built target coverage-sc_internal-stubs
[ 89%] Building C object apps/sc/unit-test/CMakeFiles/coverage-sc-sc_rtsrq-object.dir/home/user/work/procrace/cfs_cord/cFS/apps/sc/fsw/src/sc_rtsrq.c.o
[ 89%] Built target coverage-sc-sc_rtsrq-object
[ 89%] Building C object apps/sc/unit-test/CMakeFiles/coverage-sc-sc_rtsrq-testrunner.dir/sc_rtsrq_tests.c.o
[ 89%] Linking C executable coverage-sc-sc_rtsrq-testrunner
[ 89%] Built target coverage-sc-sc_rtsrq-testrunner
[ 89%] Building C object apps/sc/unit-test/CMakeFiles/coverage-sc-sc_utils-object.dir/home/user/work/procrace/cfs_cord/cFS/apps/sc/fsw/src/sc_utils.c.o
[ 89%] Built target coverage-sc-sc_utils-object
[ 91%] Building C object apps/sc/unit-test/CMakeFiles/coverage-sc-sc_utils-testrunner.dir/sc_utils_tests.c.o
[ 91%] Linking C executable coverage-sc-sc_utils-testrunner
[ 91%] Built target coverage-sc-sc_utils-testrunner
[ 91%] Building C object apps/sc/unit-test/CMakeFiles/coverage-sc-sc_app-object.dir/home/user/work/procrace/cfs_cord/cFS/apps/sc/fsw/src/sc_app.c.o
[ 91%] Built target coverage-sc-sc_app-object
[ 91%] Building C object apps/sc/unit-test/CMakeFiles/coverage-sc-sc_app-testrunner.dir/sc_app_tests.c.o
[ 91%] Linking C executable coverage-sc-sc_app-testrunner
[ 91%] Built target coverage-sc-sc_app-testrunner
[ 91%] Building C object apps/sc/unit-test/CMakeFiles/coverage-sc-sc_atsrq-object.dir/home/user/work/procrace/cfs_cord/cFS/apps/sc/fsw/src/sc_atsrq.c.o
[ 91%] Built target coverage-sc-sc_atsrq-object
[ 92%] Building C object apps/sc/unit-test/CMakeFiles/coverage-sc-sc_atsrq-testrunner.dir/sc_atsrq_tests.c.o
[ 92%] Linking C executable coverage-sc-sc_atsrq-testrunner
[ 92%] Built target coverage-sc-sc_atsrq-testrunner
[ 92%] Building C object apps/sc/unit-test/CMakeFiles/coverage-sc-sc_state-object.dir/home/user/work/procrace/cfs_cord/cFS/apps/sc/fsw/src/sc_state.c.o
[ 92%] Built target coverage-sc-sc_state-object
[ 92%] Building C object apps/sc/unit-test/CMakeFiles/coverage-sc-sc_state-testrunner.dir/sc_state_tests.c.o
[ 92%] Linking C executable coverage-sc-sc_state-testrunner
[ 92%] Built target coverage-sc-sc_state-testrunner
[ 92%] Building C object apps/sc/unit-test/CMakeFiles/coverage-sc-sc_loads-object.dir/home/user/work/procrace/cfs_cord/cFS/apps/sc/fsw/src/sc_loads.c.o
[ 92%] Built target coverage-sc-sc_loads-object
[ 92%] Building C object apps/sc/unit-test/CMakeFiles/coverage-sc-sc_loads-testrunner.dir/sc_loads_tests.c.o
[ 92%] Linking C executable coverage-sc-sc_loads-testrunner
[ 92%] Built target coverage-sc-sc_loads-testrunner
[ 92%] Building C object apps/sc/unit-test/CMakeFiles/coverage-sc-sc_cmds-object.dir/home/user/work/procrace/cfs_cord/cFS/apps/sc/fsw/src/sc_cmds.c.o
[ 92%] Built target coverage-sc-sc_cmds-object
[ 92%] Building C object apps/sc/unit-test/CMakeFiles/coverage-sc-sc_cmds-testrunner.dir/sc_cmds_tests.c.o
[ 92%] Linking C executable coverage-sc-sc_cmds-testrunner
[ 92%] Built target coverage-sc-sc_cmds-testrunner
[ 92%] Building C object apps/sc/unit-test/CMakeFiles/coverage-sc-sc_dispatch-object.dir/home/user/work/procrace/cfs_cord/cFS/apps/sc/fsw/src/sc_dispatch.c.o
[ 92%] Built target coverage-sc-sc_dispatch-object
[ 92%] Building C object apps/sc/unit-test/CMakeFiles/coverage-sc-sc_dispatch-testrunner.dir/sc_dispatch_tests.c.o
[ 92%] Linking C executable coverage-sc-sc_dispatch-testrunner
[ 92%] Built target coverage-sc-sc_dispatch-testrunner
[ 92%] Building C object apps/ds/CMakeFiles/ds.dir/fsw/src/ds_table.c.o
[ 92%] Building C object apps/ds/CMakeFiles/ds.dir/fsw/src/ds_cmds.c.o
[ 93%] Building C object apps/ds/CMakeFiles/ds.dir/fsw/src/ds_app.c.o
[ 93%] Building C object apps/ds/CMakeFiles/ds.dir/fsw/src/ds_file.c.o
[ 93%] Building C object apps/ds/CMakeFiles/ds.dir/fsw/src/ds_dispatch.c.o
[ 93%] Linking C shared module ds.so
[ 93%] Built target ds
[ 93%] Building C object apps/ds/unit-test/CMakeFiles/coverage-ds_internal-stubs.dir/utilities/ds_test_utils.c.o
[ 93%] Building C object apps/ds/unit-test/CMakeFiles/coverage-ds_internal-stubs.dir/stubs/ds_app_stubs.c.o
[ 93%] Building C object apps/ds/unit-test/CMakeFiles/coverage-ds_internal-stubs.dir/stubs/ds_cmds_stubs.c.o
[ 93%] Building C object apps/ds/unit-test/CMakeFiles/coverage-ds_internal-stubs.dir/stubs/ds_dispatch_stubs.c.o
[ 93%] Building C object apps/ds/unit-test/CMakeFiles/coverage-ds_internal-stubs.dir/stubs/ds_file_stubs.c.o
[ 93%] Building C object apps/ds/unit-test/CMakeFiles/coverage-ds_internal-stubs.dir/stubs/ds_global_stubs.c.o
[ 93%] Building C object apps/ds/unit-test/CMakeFiles/coverage-ds_internal-stubs.dir/stubs/ds_table_stubs.c.o
[ 93%] Building C object apps/ds/unit-test/CMakeFiles/coverage-ds_internal-stubs.dir/stubs/stub_libc_stdio.c.o
[ 94%] Linking C static library libcoverage-ds_internal-stubs.a
[ 94%] Built target coverage-ds_internal-stubs
[ 94%] Building C object apps/ds/unit-test/CMakeFiles/coverage-ds-ds_table-object.dir/home/user/work/procrace/cfs_cord/cFS/apps/ds/fsw/src/ds_table.c.o
[ 94%] Built target coverage-ds-ds_table-object
[ 94%] Building C object apps/ds/unit-test/CMakeFiles/coverage-ds-ds_table-testrunner.dir/ds_table_tests.c.o
[ 94%] Linking C executable coverage-ds-ds_table-testrunner
[ 94%] Built target coverage-ds-ds_table-testrunner
[ 94%] Building C object apps/ds/unit-test/CMakeFiles/coverage-ds-ds_cmds-object.dir/home/user/work/procrace/cfs_cord/cFS/apps/ds/fsw/src/ds_cmds.c.o
[ 94%] Built target coverage-ds-ds_cmds-object
[ 94%] Building C object apps/ds/unit-test/CMakeFiles/coverage-ds-ds_cmds-testrunner.dir/ds_cmds_tests.c.o
[ 95%] Linking C executable coverage-ds-ds_cmds-testrunner
[ 95%] Built target coverage-ds-ds_cmds-testrunner
[ 95%] Building C object apps/ds/unit-test/CMakeFiles/coverage-ds-ds_app-object.dir/home/user/work/procrace/cfs_cord/cFS/apps/ds/fsw/src/ds_app.c.o
[ 95%] Built target coverage-ds-ds_app-object
[ 95%] Building C object apps/ds/unit-test/CMakeFiles/coverage-ds-ds_app-testrunner.dir/ds_app_tests.c.o
[ 95%] Linking C executable coverage-ds-ds_app-testrunner
[ 95%] Built target coverage-ds-ds_app-testrunner
[ 95%] Building C object apps/ds/unit-test/CMakeFiles/coverage-ds-ds_file-object.dir/home/user/work/procrace/cfs_cord/cFS/apps/ds/fsw/src/ds_file.c.o
[ 95%] Built target coverage-ds-ds_file-object
[ 95%] Building C object apps/ds/unit-test/CMakeFiles/coverage-ds-ds_file-testrunner.dir/ds_file_tests.c.o
[ 95%] Linking C executable coverage-ds-ds_file-testrunner
[ 95%] Built target coverage-ds-ds_file-testrunner
[ 95%] Building C object apps/ds/unit-test/CMakeFiles/coverage-ds-ds_dispatch-object.dir/home/user/work/procrace/cfs_cord/cFS/apps/ds/fsw/src/ds_dispatch.c.o
[ 95%] Built target coverage-ds-ds_dispatch-object
[ 95%] Building C object apps/ds/unit-test/CMakeFiles/coverage-ds-ds_dispatch-testrunner.dir/ds_dispatch_tests.c.o
[ 95%] Linking C executable coverage-ds-ds_dispatch-testrunner
[ 95%] Built target coverage-ds-ds_dispatch-testrunner
[ 95%] Building C object apps/hk/CMakeFiles/hk.dir/fsw/src/hk_app.c.o
[ 95%] Building C object apps/hk/CMakeFiles/hk.dir/fsw/src/hk_cmds.c.o
[ 95%] Building C object apps/hk/CMakeFiles/hk.dir/fsw/src/hk_utils.c.o
[ 95%] Building C object apps/hk/CMakeFiles/hk.dir/fsw/src/hk_dispatch.c.o
[ 95%] Linking C shared module hk.so
[ 95%] Built target hk
[ 95%] Building C object apps/hk/unit-test/CMakeFiles/coverage-hk_internal-stubs.dir/utilities/hk_test_utils.c.o
[ 95%] Building C object apps/hk/unit-test/CMakeFiles/coverage-hk_internal-stubs.dir/stubs/hk_global_stubs.c.o
[ 95%] Building C object apps/hk/unit-test/CMakeFiles/coverage-hk_internal-stubs.dir/stubs/hk_utils_stubs.c.o
[ 95%] Building C object apps/hk/unit-test/CMakeFiles/coverage-hk_internal-stubs.dir/stubs/hk_app_stubs.c.o
[ 95%] Building C object apps/hk/unit-test/CMakeFiles/coverage-hk_internal-stubs.dir/stubs/hk_dispatch_stubs.c.o
[ 95%] Building C object apps/hk/unit-test/CMakeFiles/coverage-hk_internal-stubs.dir/stubs/hk_cmds_stubs.c.o
[ 95%] Linking C static library libcoverage-hk_internal-stubs.a
[ 95%] Built target coverage-hk_internal-stubs
[ 95%] Building C object apps/hk/unit-test/CMakeFiles/coverage-hk-hk_app-object.dir/home/user/work/procrace/cfs_cord/cFS/apps/hk/fsw/src/hk_app.c.o
[ 95%] Built target coverage-hk-hk_app-object
[ 95%] Building C object apps/hk/unit-test/CMakeFiles/coverage-hk-hk_app-testrunner.dir/hk_app_tests.c.o
[ 95%] Linking C executable coverage-hk-hk_app-testrunner
[ 95%] Built target coverage-hk-hk_app-testrunner
[ 95%] Building C object apps/hk/unit-test/CMakeFiles/coverage-hk-hk_cmds-object.dir/home/user/work/procrace/cfs_cord/cFS/apps/hk/fsw/src/hk_cmds.c.o
[ 95%] Built target coverage-hk-hk_cmds-object
[ 96%] Building C object apps/hk/unit-test/CMakeFiles/coverage-hk-hk_cmds-testrunner.dir/hk_cmds_tests.c.o
[ 96%] Linking C executable coverage-hk-hk_cmds-testrunner
[ 96%] Built target coverage-hk-hk_cmds-testrunner
[ 96%] Building C object apps/hk/unit-test/CMakeFiles/coverage-hk-hk_utils-object.dir/home/user/work/procrace/cfs_cord/cFS/apps/hk/fsw/src/hk_utils.c.o
[ 96%] Built target coverage-hk-hk_utils-object
[ 96%] Building C object apps/hk/unit-test/CMakeFiles/coverage-hk-hk_utils-testrunner.dir/hk_utils_tests.c.o
[ 96%] Linking C executable coverage-hk-hk_utils-testrunner
[ 96%] Built target coverage-hk-hk_utils-testrunner
[ 96%] Building C object apps/hk/unit-test/CMakeFiles/coverage-hk-hk_dispatch-object.dir/home/user/work/procrace/cfs_cord/cFS/apps/hk/fsw/src/hk_dispatch.c.o
[ 96%] Built target coverage-hk-hk_dispatch-object
[ 96%] Building C object apps/hk/unit-test/CMakeFiles/coverage-hk-hk_dispatch-testrunner.dir/hk_dispatch_tests.c.o
[ 96%] Linking C executable coverage-hk-hk_dispatch-testrunner
[ 96%] Built target coverage-hk-hk_dispatch-testrunner
[ 96%] Building C object apps/sbn/CMakeFiles/sbn.dir/fsw/src/sbn_app.c.o
[ 96%] Building C object apps/sbn/CMakeFiles/sbn.dir/fsw/src/sbn_cmds.c.o
[ 96%] Building C object apps/sbn/CMakeFiles/sbn.dir/fsw/src/sbn_pack.c.o
[ 96%] Building C object apps/sbn/CMakeFiles/sbn.dir/fsw/src/sbn_subs.c.o
[ 96%] Linking C shared module sbn.so
[ 96%] Built target sbn
[ 96%] Building C object apps/sbn/ut-stubs/CMakeFiles/ut_sbn_stubs.dir/sbn_stubs.c.o
[ 96%] Linking C static library libut_sbn_stubs.a
[ 96%] Built target ut_sbn_stubs
[ 96%] Building C object apps/sbn/unit-test/CMakeFiles/ut_sbn-sbn_app_object.dir/home/user/work/procrace/cfs_cord/cFS/apps/sbn/fsw/src/sbn_app.c.o
[ 96%] Building C object apps/sbn/unit-test/CMakeFiles/ut_sbn-sbn_app_object.dir/home/user/work/procrace/cfs_cord/cFS/apps/sbn/fsw/src/sbn_cmds.c.o
[ 96%] Building C object apps/sbn/unit-test/CMakeFiles/ut_sbn-sbn_app_object.dir/home/user/work/procrace/cfs_cord/cFS/apps/sbn/fsw/src/sbn_subs.c.o
[ 96%] Building C object apps/sbn/unit-test/CMakeFiles/ut_sbn-sbn_app_object.dir/home/user/work/procrace/cfs_cord/cFS/apps/sbn/fsw/src/sbn_pack.c.o
[ 96%] Built target ut_sbn-sbn_app_object
[ 97%] Building C object apps/sbn/unit-test/CMakeFiles/sbn-sbn_app-testrunner.dir/coveragetest/coveragetest_sbn_app.c.o
[ 97%] Building C object apps/sbn/unit-test/CMakeFiles/sbn-sbn_app-testrunner.dir/coveragetest/sbn_coveragetest_common.c.o
[ 97%] Linking C executable sbn-sbn_app-testrunner
[ 97%] Built target sbn-sbn_app-testrunner
[ 97%] Building C object apps/sbn/unit-test/CMakeFiles/ut_sbn-sbn_subs_object.dir/home/user/work/procrace/cfs_cord/cFS/apps/sbn/fsw/src/sbn_app.c.o
[ 97%] Building C object apps/sbn/unit-test/CMakeFiles/ut_sbn-sbn_subs_object.dir/home/user/work/procrace/cfs_cord/cFS/apps/sbn/fsw/src/sbn_cmds.c.o
[ 97%] Building C object apps/sbn/unit-test/CMakeFiles/ut_sbn-sbn_subs_object.dir/home/user/work/procrace/cfs_cord/cFS/apps/sbn/fsw/src/sbn_subs.c.o
[ 97%] Building C object apps/sbn/unit-test/CMakeFiles/ut_sbn-sbn_subs_object.dir/home/user/work/procrace/cfs_cord/cFS/apps/sbn/fsw/src/sbn_pack.c.o
[ 97%] Built target ut_sbn-sbn_subs_object
[ 97%] Building C object apps/sbn/unit-test/CMakeFiles/sbn-sbn_subs-testrunner.dir/coveragetest/coveragetest_sbn_subs.c.o
[ 97%] Building C object apps/sbn/unit-test/CMakeFiles/sbn-sbn_subs-testrunner.dir/coveragetest/sbn_coveragetest_common.c.o
[ 97%] Linking C executable sbn-sbn_subs-testrunner
[ 97%] Built target sbn-sbn_subs-testrunner
[ 97%] Building C object apps/sbn/unit-test/CMakeFiles/ut_sbn-sbn_pack_object.dir/home/user/work/procrace/cfs_cord/cFS/apps/sbn/fsw/src/sbn_app.c.o
[ 97%] Building C object apps/sbn/unit-test/CMakeFiles/ut_sbn-sbn_pack_object.dir/home/user/work/procrace/cfs_cord/cFS/apps/sbn/fsw/src/sbn_cmds.c.o
[ 97%] Building C object apps/sbn/unit-test/CMakeFiles/ut_sbn-sbn_pack_object.dir/home/user/work/procrace/cfs_cord/cFS/apps/sbn/fsw/src/sbn_subs.c.o
[ 97%] Building C object apps/sbn/unit-test/CMakeFiles/ut_sbn-sbn_pack_object.dir/home/user/work/procrace/cfs_cord/cFS/apps/sbn/fsw/src/sbn_pack.c.o
[ 97%] Built target ut_sbn-sbn_pack_object
[ 97%] Building C object apps/sbn/unit-test/CMakeFiles/sbn-sbn_pack-testrunner.dir/coveragetest/coveragetest_sbn_pack.c.o
[ 97%] Building C object apps/sbn/unit-test/CMakeFiles/sbn-sbn_pack-testrunner.dir/coveragetest/sbn_coveragetest_common.c.o
[ 97%] Linking C executable sbn-sbn_pack-testrunner
[ 97%] Built target sbn-sbn_pack-testrunner
[ 97%] Building C object apps/sbn/unit-test/CMakeFiles/ut_sbn-sbn_cmds_object.dir/home/user/work/procrace/cfs_cord/cFS/apps/sbn/fsw/src/sbn_app.c.o
[ 97%] Building C object apps/sbn/unit-test/CMakeFiles/ut_sbn-sbn_cmds_object.dir/home/user/work/procrace/cfs_cord/cFS/apps/sbn/fsw/src/sbn_cmds.c.o
[ 97%] Building C object apps/sbn/unit-test/CMakeFiles/ut_sbn-sbn_cmds_object.dir/home/user/work/procrace/cfs_cord/cFS/apps/sbn/fsw/src/sbn_subs.c.o
[ 98%] Building C object apps/sbn/unit-test/CMakeFiles/ut_sbn-sbn_cmds_object.dir/home/user/work/procrace/cfs_cord/cFS/apps/sbn/fsw/src/sbn_pack.c.o
[ 98%] Built target ut_sbn-sbn_cmds_object
[ 98%] Building C object apps/sbn/unit-test/CMakeFiles/sbn-sbn_cmds-testrunner.dir/coveragetest/coveragetest_sbn_cmds.c.o
[ 98%] Building C object apps/sbn/unit-test/CMakeFiles/sbn-sbn_cmds-testrunner.dir/coveragetest/sbn_coveragetest_common.c.o
[ 98%] Linking C executable sbn-sbn_cmds-testrunner
[ 98%] Built target sbn-sbn_cmds-testrunner
[ 98%] Building C object apps/sbn_udp/CMakeFiles/sbn_udp.dir/fsw/src/sbn_udp_if.c.o
[ 98%] Linking C shared module sbn_udp.so
[ 98%] Built target sbn_udp
[ 98%] Building C object apps/sbn_udp/unit-test/CMakeFiles/ut_sbn_udp-sbn_udp_if_object.dir/home/user/work/procrace/cfs_cord/cFS/apps/sbn_udp/fsw/src/sbn_udp_if.c.o
[ 98%] Built target ut_sbn_udp-sbn_udp_if_object
[ 98%] Building C object apps/sbn_udp/unit-test/CMakeFiles/sbn_udp-sbn_udp_if-testrunner.dir/coveragetest/coveragetest_sbn_udp_if.c.o
[ 98%] Linking C executable sbn_udp-sbn_udp_if-testrunner
[ 98%] Built target sbn_udp-sbn_udp_if-testrunner
[ 98%] Building C object apps/sbn_f_remap/CMakeFiles/sbn_f_remap.dir/fsw/src/sbn_f_remap.c.o
[ 98%] Linking C shared module sbn_f_remap.so
[ 98%] Built target sbn_f_remap
[ 98%] Generating cfe_module_version_table.c
[ 98%] Generating cfe_build_env_table.c
[ 98%] Building C object cpu2/CMakeFiles/core-cpu2.dir/home/user/work/procrace/cfs_cord/cFS/build-native_std/src/cfe_mission_strings.c.o
[ 98%] Building C object cpu2/CMakeFiles/core-cpu2.dir/cfe_module_version_table.c.o
[ 98%] Building C object cpu2/CMakeFiles/core-cpu2.dir/cfe_build_env_table.c.o
[ 98%] Building C object cpu2/CMakeFiles/core-cpu2.dir/cfe_psp_module_list.c.o
[ 98%] Building C object cpu2/CMakeFiles/core-cpu2.dir/cfe_static_symbol_list.c.o
[ 98%] Building C object cpu2/CMakeFiles/core-cpu2.dir/cfe_static_module_list.c.o
[100%] Building C object cpu2/CMakeFiles/core-cpu2.dir/src/target_config.c.o
[100%] Linking C executable core-cpu2
[100%] Built target core-cpu2
Install the project...
-- Install configuration: "debug"
-- Installing: /home/user/work/procrace/cfs_cord/cFS/build-native_std/exe/cpu2/container-start
-- Installing: /home/user/work/procrace/cfs_cord/cFS/build-native_std/exe/cpu2/coverage-vxworks-binsem-testrunner
-- Installing: /home/user/work/procrace/cfs_cord/cFS/build-native_std/exe/cpu2/coverage-vxworks-common-testrunner
-- Installing: /home/user/work/procrace/cfs_cord/cFS/build-native_std/exe/cpu2/coverage-vxworks-console-testrunner
-- Installing: /home/user/work/procrace/cfs_cord/cFS/build-native_std/exe/cpu2/coverage-vxworks-countsem-testrunner
-- Installing: /home/user/work/procrace/cfs_cord/cFS/build-native_std/exe/cpu2/coverage-vxworks-dirs-globals-testrunner
-- Installing: /home/user/work/procrace/cfs_cord/cFS/build-native_std/exe/cpu2/coverage-vxworks-files-testrunner
-- Installing: /home/user/work/procrace/cfs_cord/cFS/build-native_std/exe/cpu2/coverage-vxworks-filesys-testrunner
-- Installing: /home/user/work/procrace/cfs_cord/cFS/build-native_std/exe/cpu2/coverage-vxworks-idmap-testrunner
-- Installing: /home/user/work/procrace/cfs_cord/cFS/build-native_std/exe/cpu2/coverage-vxworks-heap-testrunner
-- Installing: /home/user/work/procrace/cfs_cord/cFS/build-native_std/exe/cpu2/coverage-vxworks-loader-testrunner
-- Installing: /home/user/work/procrace/cfs_cord/cFS/build-native_std/exe/cpu2/coverage-vxworks-mutex-testrunner
-- Installing: /home/user/work/procrace/cfs_cord/cFS/build-native_std/exe/cpu2/coverage-vxworks-network-testrunner
-- Installing: /home/user/work/procrace/cfs_cord/cFS/build-native_std/exe/cpu2/coverage-vxworks-queues-testrunner
-- Installing: /home/user/work/procrace/cfs_cord/cFS/build-native_std/exe/cpu2/coverage-vxworks-shell-testrunner
-- Installing: /home/user/work/procrace/cfs_cord/cFS/build-native_std/exe/cpu2/coverage-vxworks-sockets-testrunner
-- Installing: /home/user/work/procrace/cfs_cord/cFS/build-native_std/exe/cpu2/coverage-vxworks-symtab-testrunner
-- Installing: /home/user/work/procrace/cfs_cord/cFS/build-native_std/exe/cpu2/coverage-vxworks-tasks-testrunner
-- Installing: /home/user/work/procrace/cfs_cord/cFS/build-native_std/exe/cpu2/coverage-vxworks-timebase-testrunner
-- Installing: /home/user/work/procrace/cfs_cord/cFS/build-native_std/exe/cpu2/coverage-vxworks-posix-gettime-testrunner
-- Installing: /home/user/work/procrace/cfs_cord/cFS/build-native_std/exe/cpu2/coverage-vxworks-posix-io-testrunner
-- Installing: /home/user/work/procrace/cfs_cord/cFS/build-native_std/exe/cpu2/coverage-vxworks-posix-files-testrunner
-- Installing: /home/user/work/procrace/cfs_cord/cFS/build-native_std/exe/cpu2/coverage-vxworks-posix-file-allocate-testrunner
-- Installing: /home/user/work/procrace/cfs_cord/cFS/build-native_std/exe/cpu2/coverage-vxworks-posix-dirs-testrunner
-- Installing: /home/user/work/procrace/cfs_cord/cFS/build-native_std/exe/cpu2/coverage-vxworks-console-bsp-testrunner
-- Installing: /home/user/work/procrace/cfs_cord/cFS/build-native_std/exe/cpu2/coverage-vxworks-bsd-select-testrunner
-- Installing: /home/user/work/procrace/cfs_cord/cFS/build-native_std/exe/cpu2/coverage-vxworks-bsd-sockets-testrunner
-- Installing: /home/user/work/procrace/cfs_cord/cFS/build-native_std/exe/cpu2/coverage-vxworks-bsd-sockets-dns-testrunner
-- Installing: /home/user/work/procrace/cfs_cord/cFS/build-native_std/exe/cpu2/coverage-vxworks-bsd-sockets-no-dns-testrunner
-- Installing: /home/user/work/procrace/cfs_cord/cFS/build-native_std/exe/cpu2/coverage-vxworks-no-loader-testrunner
-- Installing: /home/user/work/procrace/cfs_cord/cFS/build-native_std/exe/cpu2/coverage-vxworks-no-shell-testrunner
-- Installing: /home/user/work/procrace/cfs_cord/cFS/build-native_std/exe/cpu2/coverage-vxworks-no-symtab-testrunner
-- Installing: /home/user/work/procrace/cfs_cord/cFS/build-native_std/exe/cpu2/coverage-vxworks-no-network-gethostname-testrunner
-- Installing: /home/user/work/procrace/cfs_cord/cFS/build-native_std/exe/cpu2/coverage-vxworks-no-network-gethostid-testrunner
-- Installing: /home/user/work/procrace/cfs_cord/cFS/build-native_std/exe/cpu2/coverage-vxworks-no-sockets-testrunner
-- Installing: /home/user/work/procrace/cfs_cord/cFS/build-native_std/exe/cpu2/coverage-vxworks-no-condvar-testrunner
-- Installing: /home/user/work/procrace/cfs_cord/cFS/build-native_std/exe/cpu2/coverage-vxworks-no-file-allocate-testrunner
-- Installing: /home/user/work/procrace/cfs_cord/cFS/build-native_std/exe/cpu2/coverage-shared-binsem-testrunner
-- Installing: /home/user/work/procrace/cfs_cord/cFS/build-native_std/exe/cpu2/coverage-shared-clock-testrunner
-- Installing: /home/user/work/procrace/cfs_cord/cFS/build-native_std/exe/cpu2/coverage-shared-common-testrunner
-- Installing: /home/user/work/procrace/cfs_cord/cFS/build-native_std/exe/cpu2/coverage-shared-condvar-testrunner
-- Installing: /home/user/work/procrace/cfs_cord/cFS/build-native_std/exe/cpu2/coverage-shared-countsem-testrunner
-- Installing: /home/user/work/procrace/cfs_cord/cFS/build-native_std/exe/cpu2/coverage-shared-dir-testrunner
-- Installing: /home/user/work/procrace/cfs_cord/cFS/build-native_std/exe/cpu2/coverage-shared-errors-testrunner
-- Installing: /home/user/work/procrace/cfs_cord/cFS/build-native_std/exe/cpu2/coverage-shared-file-testrunner
-- Installing: /home/user/work/procrace/cfs_cord/cFS/build-native_std/exe/cpu2/coverage-shared-filesys-testrunner
-- Installing: /home/user/work/procrace/cfs_cord/cFS/build-native_std/exe/cpu2/coverage-shared-heap-testrunner
-- Installing: /home/user/work/procrace/cfs_cord/cFS/build-native_std/exe/cpu2/coverage-shared-idmap-testrunner
-- Installing: /home/user/work/procrace/cfs_cord/cFS/build-native_std/exe/cpu2/coverage-shared-module-testrunner
-- Installing: /home/user/work/procrace/cfs_cord/cFS/build-native_std/exe/cpu2/coverage-shared-mutex-testrunner
-- Installing: /home/user/work/procrace/cfs_cord/cFS/build-native_std/exe/cpu2/coverage-shared-network-testrunner
-- Installing: /home/user/work/procrace/cfs_cord/cFS/build-native_std/exe/cpu2/coverage-shared-printf-testrunner
-- Installing: /home/user/work/procrace/cfs_cord/cFS/build-native_std/exe/cpu2/coverage-shared-queue-testrunner
-- Installing: /home/user/work/procrace/cfs_cord/cFS/build-native_std/exe/cpu2/coverage-shared-rwlock-testrunner
-- Installing: /home/user/work/procrace/cfs_cord/cFS/build-native_std/exe/cpu2/coverage-shared-select-testrunner
-- Installing: /home/user/work/procrace/cfs_cord/cFS/build-native_std/exe/cpu2/coverage-shared-sockets-testrunner
-- Installing: /home/user/work/procrace/cfs_cord/cFS/build-native_std/exe/cpu2/coverage-shared-task-testrunner
-- Installing: /home/user/work/procrace/cfs_cord/cFS/build-native_std/exe/cpu2/coverage-shared-timebase-testrunner
-- Installing: /home/user/work/procrace/cfs_cord/cFS/build-native_std/exe/cpu2/coverage-shared-time-testrunner
-- Installing: /home/user/work/procrace/cfs_cord/cFS/build-native_std/exe/cpu2/coverage-shared-version-testrunner
-- Installing: /home/user/work/procrace/cfs_cord/cFS/build-native_std/exe/cpu2/bin-sem-test
-- Installing: /home/user/work/procrace/cfs_cord/cFS/build-native_std/exe/cpu2/bin-sem-timeout-test
-- Installing: /home/user/work/procrace/cfs_cord/cFS/build-native_std/exe/cpu2/condvar-test
-- Installing: /home/user/work/procrace/cfs_cord/cFS/build-native_std/exe/cpu2/count-sem-test
-- Installing: /home/user/work/procrace/cfs_cord/cFS/build-native_std/exe/cpu2/count-sem-timeout-test
-- Installing: /home/user/work/procrace/cfs_cord/cFS/build-native_std/exe/cpu2/file-api-test
-- Installing: /home/user/work/procrace/cfs_cord/cFS/build-native_std/exe/cpu2/file-sys-add-fixed-map-api-test
-- Installing: /home/user/work/procrace/cfs_cord/cFS/build-native_std/exe/cpu2/idmap-api-test
-- Installing: /home/user/work/procrace/cfs_cord/cFS/build-native_std/exe/cpu2/mutex-test
-- Installing: /home/user/work/procrace/cfs_cord/cFS/build-native_std/exe/cpu2/network-api-test
-- Installing: /home/user/work/procrace/cfs_cord/cFS/build-native_std/exe/cpu2/osal-core-test
-- Installing: /home/user/work/procrace/cfs_cord/cFS/build-native_std/exe/cpu2/queue-test
-- Installing: /home/user/work/procrace/cfs_cord/cFS/build-native_std/exe/cpu2/rwlock-test
-- Installing: /home/user/work/procrace/cfs_cord/cFS/build-native_std/exe/cpu2/select-test
-- Installing: /home/user/work/procrace/cfs_cord/cFS/build-native_std/exe/cpu2/sem-speed-test
-- Installing: /home/user/work/procrace/cfs_cord/cFS/build-native_std/exe/cpu2/shell-test
-- Installing: /home/user/work/procrace/cfs_cord/cFS/build-native_std/exe/cpu2/symbol-api-test
-- Installing: /home/user/work/procrace/cfs_cord/cFS/build-native_std/exe/cpu2/time-base-api-test
-- Installing: /home/user/work/procrace/cfs_cord/cFS/build-native_std/exe/cpu2/timer-add-api-test
-- Installing: /home/user/work/procrace/cfs_cord/cFS/build-native_std/exe/cpu2/timer-test
-- Installing: /home/user/work/procrace/cfs_cord/cFS/build-native_std/exe/cpu2/osal_core_UT
-- Installing: /home/user/work/procrace/cfs_cord/cFS/build-native_std/exe/cpu2/osal_loader_UT
-- Installing: /home/user/work/procrace/cfs_cord/cFS/build-native_std/exe/cpu2/utmod/MODULE20.so
-- Installing: /home/user/work/procrace/cfs_cord/cFS/build-native_std/exe/cpu2/utmod/MODULE19.so
-- Installing: /home/user/work/procrace/cfs_cord/cFS/build-native_std/exe/cpu2/utmod/MODULE18.so
-- Installing: /home/user/work/procrace/cfs_cord/cFS/build-native_std/exe/cpu2/utmod/MODULE17.so
-- Installing: /home/user/work/procrace/cfs_cord/cFS/build-native_std/exe/cpu2/utmod/MODULE16.so
-- Installing: /home/user/work/procrace/cfs_cord/cFS/build-native_std/exe/cpu2/utmod/MODULE15.so
-- Installing: /home/user/work/procrace/cfs_cord/cFS/build-native_std/exe/cpu2/utmod/MODULE14.so
-- Installing: /home/user/work/procrace/cfs_cord/cFS/build-native_std/exe/cpu2/utmod/MODULE13.so
-- Installing: /home/user/work/procrace/cfs_cord/cFS/build-native_std/exe/cpu2/utmod/MODULE12.so
-- Installing: /home/user/work/procrace/cfs_cord/cFS/build-native_std/exe/cpu2/utmod/MODULE11.so
-- Installing: /home/user/work/procrace/cfs_cord/cFS/build-native_std/exe/cpu2/utmod/MODULE10.so
-- Installing: /home/user/work/procrace/cfs_cord/cFS/build-native_std/exe/cpu2/utmod/MODULE9.so
-- Installing: /home/user/work/procrace/cfs_cord/cFS/build-native_std/exe/cpu2/utmod/MODULE8.so
-- Installing: /home/user/work/procrace/cfs_cord/cFS/build-native_std/exe/cpu2/utmod/MODULE7.so
-- Installing: /home/user/work/procrace/cfs_cord/cFS/build-native_std/exe/cpu2/utmod/MODULE6.so
-- Installing: /home/user/work/procrace/cfs_cord/cFS/build-native_std/exe/cpu2/utmod/MODULE5.so
-- Installing: /home/user/work/procrace/cfs_cord/cFS/build-native_std/exe/cpu2/utmod/MODULE4.so
-- Installing: /home/user/work/procrace/cfs_cord/cFS/build-native_std/exe/cpu2/utmod/MODULE3.so
-- Installing: /home/user/work/procrace/cfs_cord/cFS/build-native_std/exe/cpu2/utmod/MODULE2.so
-- Installing: /home/user/work/procrace/cfs_cord/cFS/build-native_std/exe/cpu2/utmod/MODULE1.so
-- Installing: /home/user/work/procrace/cfs_cord/cFS/build-native_std/exe/cpu2/utmod/MODULE0.so
-- Installing: /home/user/work/procrace/cfs_cord/cFS/build-native_std/exe/cpu2/osal_filesys_UT
-- Installing: /home/user/work/procrace/cfs_cord/cFS/build-native_std/exe/cpu2/osal_file_UT
-- Installing: /home/user/work/procrace/cfs_cord/cFS/build-native_std/exe/cpu2/osal_network_UT
-- Installing: /home/user/work/procrace/cfs_cord/cFS/build-native_std/exe/cpu2/osal_timer_UT
-- Installing: /home/user/work/procrace/cfs_cord/cFS/build-native_std/exe/cpu2/coverage-config-ALL-testrunner
-- Installing: /home/user/work/procrace/cfs_cord/cFS/build-native_std/exe/cpu2/coverage-es-ALL-testrunner
-- Installing: /home/user/work/procrace/cfs_cord/cFS/build-native_std/exe/cpu2/coverage-evs-ALL-testrunner
-- Installing: /home/user/work/procrace/cfs_cord/cFS/build-native_std/exe/cpu2/coverage-fs-ALL-testrunner
-- Installing: /home/user/work/procrace/cfs_cord/cFS/build-native_std/exe/cpu2/coverage-sb-ALL-testrunner
-- Installing: /home/user/work/procrace/cfs_cord/cFS/build-native_std/exe/cpu2/coverage-tbl-ALL-testrunner
-- Installing: /home/user/work/procrace/cfs_cord/cFS/build-native_std/exe/cpu2/coverage-time-ALL-testrunner
-- Installing: /home/user/work/procrace/cfs_cord/cFS/build-native_std/exe/cpu2/coverage-pspmod-timebase_vxworks-testrunner
-- Installing: /home/user/work/procrace/cfs_cord/cFS/build-native_std/exe/cpu2/coverage-pspmod-vxworks_sysmon-testrunner
-- Installing: /home/user/work/procrace/cfs_cord/cFS/build-native_std/exe/cpu2/coverage-pspmod-ram_notimpl-testrunner
-- Installing: /home/user/work/procrace/cfs_cord/cFS/build-native_std/exe/cpu2/coverage-pspmod-ram_direct-testrunner
-- Installing: /home/user/work/procrace/cfs_cord/cFS/build-native_std/exe/cpu2/coverage-pspmod-port_notimpl-testrunner
-- Installing: /home/user/work/procrace/cfs_cord/cFS/build-native_std/exe/cpu2/coverage-pspmod-port_direct-testrunner
-- Installing: /home/user/work/procrace/cfs_cord/cFS/build-native_std/exe/cpu2/coverage-pspmod-eeprom_notimpl-testrunner
-- Installing: /home/user/work/procrace/cfs_cord/cFS/build-native_std/exe/cpu2/coverage-pspmod-eeprom_mmap_file-testrunner
-- Installing: /home/user/work/procrace/cfs_cord/cFS/build-native_std/exe/cpu2/coverage-pspmod-eeprom_direct-testrunner
-- Installing: /home/user/work/procrace/cfs_cord/cFS/build-native_std/exe/cpu2/coverage-pspmod-iodriver-testrunner
-- Installing: /home/user/work/procrace/cfs_cord/cFS/build-native_std/exe/cpu2/coverage-pspmod-soft_timebase-testrunner
-- Installing: /home/user/work/procrace/cfs_cord/cFS/build-native_std/exe/cpu2/coverage-pspmod-network_pc686_rtems-testrunner
-- Installing: /home/user/work/procrace/cfs_cord/cFS/build-native_std/exe/cpu2/coverage-pspmod-endian_api-testrunner
-- Installing: /home/user/work/procrace/cfs_cord/cFS/build-native_std/exe/cpu2/coverage-ut-mcp750-vxworks-testrunner
-- Installing: /home/user/work/procrace/cfs_cord/cFS/build-native_std/exe/cpu2/coverage-ut-pc-rtems-testrunner
-- Installing: /home/user/work/procrace/cfs_cord/cFS/build-native_std/exe/cpu2/coverage-msg-ALL-testrunner
-- Installing: /home/user/work/procrace/cfs_cord/cFS/build-native_std/exe/cpu2/sbr_map_direct_UT
-- Installing: /home/user/work/procrace/cfs_cord/cFS/build-native_std/exe/cpu2/sbr_map_hash_UT
-- Installing: /home/user/work/procrace/cfs_cord/cFS/build-native_std/exe/cpu2/sbr_route_unsorted_UT
-- Installing: /home/user/work/procrace/cfs_cord/cFS/build-native_std/exe/cpu2/resourceid_UT
-- Installing: /home/user/work/procrace/cfs_cord/cFS/build-native_std/exe/cpu2/cf/ci_lab.so
-- Installing: /home/user/work/procrace/cfs_cord/cFS/build-native_std/exe/cpu2/cf/to_lab.so
-- Installing: /home/user/work/procrace/cfs_cord/cFS/build-native_std/exe/cpu2/cf/sch_lab.so
-- Installing: /home/user/work/procrace/cfs_cord/cFS/build-native_std/exe/cpu2/cf/cfe_assert.so
-- Installing: /home/user/work/procrace/cfs_cord/cFS/build-native_std/exe/cpu2/cf/cfe_testcase.so
-- Installing: /home/user/work/procrace/cfs_cord/cFS/build-native_std/exe/cpu2/cf/sample_app.so
-- Installing: /home/user/work/procrace/cfs_cord/cFS/build-native_std/exe/cpu2/coverage-sample_app-sample_app-testrunner
-- Installing: /home/user/work/procrace/cfs_cord/cFS/build-native_std/exe/cpu2/coverage-sample_app-sample_app_cmds-testrunner
-- Installing: /home/user/work/procrace/cfs_cord/cFS/build-native_std/exe/cpu2/coverage-sample_app-sample_app_utils-testrunner
-- Installing: /home/user/work/procrace/cfs_cord/cFS/build-native_std/exe/cpu2/coverage-sample_app-sample_app_dispatch-testrunner
-- Installing: /home/user/work/procrace/cfs_cord/cFS/build-native_std/exe/cpu2/cf/sample_lib.so
-- Installing: /home/user/work/procrace/cfs_cord/cFS/build-native_std/exe/cpu2/coverage-sample_lib-ALL-testrunner
-- Installing: /home/user/work/procrace/cfs_cord/cFS/build-native_std/exe/cpu2/cf/cf.so
-- Installing: /home/user/work/procrace/cfs_cord/cFS/build-native_std/exe/cpu2/coverage-cf-cf_app-testrunner
-- Installing: /home/user/work/procrace/cfs_cord/cFS/build-native_std/exe/cpu2/coverage-cf-cf_cfdp-testrunner
-- Installing: /home/user/work/procrace/cfs_cord/cFS/build-native_std/exe/cpu2/coverage-cf-cf_cfdp_r-testrunner
-- Installing: /home/user/work/procrace/cfs_cord/cFS/build-native_std/exe/cpu2/coverage-cf-cf_cfdp_s-testrunner
-- Installing: /home/user/work/procrace/cfs_cord/cFS/build-native_std/exe/cpu2/coverage-cf-cf_cfdp_sbintf-testrunner
-- Installing: /home/user/work/procrace/cfs_cord/cFS/build-native_std/exe/cpu2/coverage-cf-cf_cfdp_dispatch-testrunner
-- Installing: /home/user/work/procrace/cfs_cord/cFS/build-native_std/exe/cpu2/coverage-cf-cf_chunk-testrunner
-- Installing: /home/user/work/procrace/cfs_cord/cFS/build-native_std/exe/cpu2/coverage-cf-cf_clist-testrunner
-- Installing: /home/user/work/procrace/cfs_cord/cFS/build-native_std/exe/cpu2/coverage-cf-cf_codec-testrunner
-- Installing: /home/user/work/procrace/cfs_cord/cFS/build-native_std/exe/cpu2/coverage-cf-cf_cmd-testrunner
-- Installing: /home/user/work/procrace/cfs_cord/cFS/build-native_std/exe/cpu2/coverage-cf-cf_crc-testrunner
-- Installing: /home/user/work/procrace/cfs_cord/cFS/build-native_std/exe/cpu2/coverage-cf-cf_timer-testrunner
-- Installing: /home/user/work/procrace/cfs_cord/cFS/build-native_std/exe/cpu2/coverage-cf-cf_utils-testrunner
-- Installing: /home/user/work/procrace/cfs_cord/cFS/build-native_std/exe/cpu2/coverage-cf-cf_dispatch-testrunner
-- Installing: /home/user/work/procrace/cfs_cord/cFS/build-native_std/exe/cpu2/cf/hs.so
-- Installing: /home/user/work/procrace/cfs_cord/cFS/build-native_std/exe/cpu2/coverage-hs-hs_monitors-testrunner
-- Installing: /home/user/work/procrace/cfs_cord/cFS/build-native_std/exe/cpu2/coverage-hs-hs_utils-testrunner
-- Installing: /home/user/work/procrace/cfs_cord/cFS/build-native_std/exe/cpu2/coverage-hs-hs_sysmon-testrunner
-- Installing: /home/user/work/procrace/cfs_cord/cFS/build-native_std/exe/cpu2/coverage-hs-hs_app-testrunner
-- Installing: /home/user/work/procrace/cfs_cord/cFS/build-native_std/exe/cpu2/coverage-hs-hs_cmds-testrunner
-- Installing: /home/user/work/procrace/cfs_cord/cFS/build-native_std/exe/cpu2/coverage-hs-hs_dispatch-testrunner
-- Installing: /home/user/work/procrace/cfs_cord/cFS/build-native_std/exe/cpu2/cf/md.so
-- Installing: /home/user/work/procrace/cfs_cord/cFS/build-native_std/exe/cpu2/coverage-md-md_dwell_tbl-testrunner
-- Installing: /home/user/work/procrace/cfs_cord/cFS/build-native_std/exe/cpu2/coverage-md-md_utils-testrunner
-- Installing: /home/user/work/procrace/cfs_cord/cFS/build-native_std/exe/cpu2/coverage-md-md_dwell_pkt-testrunner
-- Installing: /home/user/work/procrace/cfs_cord/cFS/build-native_std/exe/cpu2/coverage-md-md_cmds-testrunner
-- Installing: /home/user/work/procrace/cfs_cord/cFS/build-native_std/exe/cpu2/coverage-md-md_app-testrunner
-- Installing: /home/user/work/procrace/cfs_cord/cFS/build-native_std/exe/cpu2/coverage-md-md_dispatch-testrunner
-- Installing: /home/user/work/procrace/cfs_cord/cFS/build-native_std/exe/cpu2/cf/mm.so
-- Installing: /home/user/work/procrace/cfs_cord/cFS/build-native_std/exe/cpu2/coverage-mm-mm_mem32-testrunner
-- Installing: /home/user/work/procrace/cfs_cord/cFS/build-native_std/exe/cpu2/coverage-mm-mm_app-testrunner
-- Installing: /home/user/work/procrace/cfs_cord/cFS/build-native_std/exe/cpu2/coverage-mm-mm_dump-testrunner
-- Installing: /home/user/work/procrace/cfs_cord/cFS/build-native_std/exe/cpu2/coverage-mm-mm_mem16-testrunner
-- Installing: /home/user/work/procrace/cfs_cord/cFS/build-native_std/exe/cpu2/coverage-mm-mm_utils-testrunner
-- Installing: /home/user/work/procrace/cfs_cord/cFS/build-native_std/exe/cpu2/coverage-mm-mm_mem8-testrunner
-- Installing: /home/user/work/procrace/cfs_cord/cFS/build-native_std/exe/cpu2/coverage-mm-mm_load-testrunner
-- Installing: /home/user/work/procrace/cfs_cord/cFS/build-native_std/exe/cpu2/coverage-mm-mm_cmds-testrunner
-- Installing: /home/user/work/procrace/cfs_cord/cFS/build-native_std/exe/cpu2/coverage-mm-mm_dispatch-testrunner
-- Installing: /home/user/work/procrace/cfs_cord/cFS/build-native_std/exe/cpu2/cf/cs.so
-- Installing: /home/user/work/procrace/cfs_cord/cFS/build-native_std/exe/cpu2/coverage-cs-cs_cmds-testrunner
-- Installing: /home/user/work/procrace/cfs_cord/cFS/build-native_std/exe/cpu2/coverage-cs-cs_table_processing-testrunner
-- Installing: /home/user/work/procrace/cfs_cord/cFS/build-native_std/exe/cpu2/coverage-cs-cs_app-testrunner
-- Installing: /home/user/work/procrace/cfs_cord/cFS/build-native_std/exe/cpu2/coverage-cs-cs_utils-testrunner
-- Installing: /home/user/work/procrace/cfs_cord/cFS/build-native_std/exe/cpu2/coverage-cs-cs_table_cmds-testrunner
-- Installing: /home/user/work/procrace/cfs_cord/cFS/build-native_std/exe/cpu2/coverage-cs-cs_app_cmds-testrunner
-- Installing: /home/user/work/procrace/cfs_cord/cFS/build-native_std/exe/cpu2/coverage-cs-cs_memory_cmds-testrunner
-- Installing: /home/user/work/procrace/cfs_cord/cFS/build-native_std/exe/cpu2/coverage-cs-cs_init-testrunner
-- Installing: /home/user/work/procrace/cfs_cord/cFS/build-native_std/exe/cpu2/coverage-cs-cs_eeprom_cmds-testrunner
-- Installing: /home/user/work/procrace/cfs_cord/cFS/build-native_std/exe/cpu2/coverage-cs-cs_compute-testrunner
-- Installing: /home/user/work/procrace/cfs_cord/cFS/build-native_std/exe/cpu2/coverage-cs-cs_dispatch-testrunner
-- Installing: /home/user/work/procrace/cfs_cord/cFS/build-native_std/exe/cpu2/cf/fm.so
-- Installing: /home/user/work/procrace/cfs_cord/cFS/build-native_std/exe/cpu2/coverage-fm-fm_cmd_utils-testrunner
-- Installing: /home/user/work/procrace/cfs_cord/cFS/build-native_std/exe/cpu2/coverage-fm-fm_app-testrunner
-- Installing: /home/user/work/procrace/cfs_cord/cFS/build-native_std/exe/cpu2/coverage-fm-fm_cmds-testrunner
-- Installing: /home/user/work/procrace/cfs_cord/cFS/build-native_std/exe/cpu2/coverage-fm-fm_child-testrunner
-- Installing: /home/user/work/procrace/cfs_cord/cFS/build-native_std/exe/cpu2/coverage-fm-fm_table_utils-testrunner
-- Installing: /home/user/work/procrace/cfs_cord/cFS/build-native_std/exe/cpu2/coverage-fm-fm_dispatch-testrunner
-- Installing: /home/user/work/procrace/cfs_cord/cFS/build-native_std/exe/cpu2/cf/lc.so
-- Installing: /home/user/work/procrace/cfs_cord/cFS/build-native_std/exe/cpu2/coverage-lc-lc_custom-testrunner
-- Installing: /home/user/work/procrace/cfs_cord/cFS/build-native_std/exe/cpu2/coverage-lc-lc_app-testrunner
-- Installing: /home/user/work/procrace/cfs_cord/cFS/build-native_std/exe/cpu2/coverage-lc-lc_cmds-testrunner
-- Installing: /home/user/work/procrace/cfs_cord/cFS/build-native_std/exe/cpu2/coverage-lc-lc_watch-testrunner
-- Installing: /home/user/work/procrace/cfs_cord/cFS/build-native_std/exe/cpu2/coverage-lc-lc_action-testrunner
-- Installing: /home/user/work/procrace/cfs_cord/cFS/build-native_std/exe/cpu2/coverage-lc-lc_utils-testrunner
-- Installing: /home/user/work/procrace/cfs_cord/cFS/build-native_std/exe/cpu2/coverage-lc-lc_dispatch-testrunner
-- Installing: /home/user/work/procrace/cfs_cord/cFS/build-native_std/exe/cpu2/cf/sc.so
-- Installing: /home/user/work/procrace/cfs_cord/cFS/build-native_std/exe/cpu2/coverage-sc-sc_rtsrq-testrunner
-- Installing: /home/user/work/procrace/cfs_cord/cFS/build-native_std/exe/cpu2/coverage-sc-sc_utils-testrunner
-- Installing: /home/user/work/procrace/cfs_cord/cFS/build-native_std/exe/cpu2/coverage-sc-sc_app-testrunner
-- Installing: /home/user/work/procrace/cfs_cord/cFS/build-native_std/exe/cpu2/coverage-sc-sc_atsrq-testrunner
-- Installing: /home/user/work/procrace/cfs_cord/cFS/build-native_std/exe/cpu2/coverage-sc-sc_state-testrunner
-- Installing: /home/user/work/procrace/cfs_cord/cFS/build-native_std/exe/cpu2/coverage-sc-sc_loads-testrunner
-- Installing: /home/user/work/procrace/cfs_cord/cFS/build-native_std/exe/cpu2/coverage-sc-sc_cmds-testrunner
-- Installing: /home/user/work/procrace/cfs_cord/cFS/build-native_std/exe/cpu2/coverage-sc-sc_dispatch-testrunner
-- Installing: /home/user/work/procrace/cfs_cord/cFS/build-native_std/exe/cpu2/cf/ds.so
-- Installing: /home/user/work/procrace/cfs_cord/cFS/build-native_std/exe/cpu2/coverage-ds-ds_table-testrunner
-- Installing: /home/user/work/procrace/cfs_cord/cFS/build-native_std/exe/cpu2/coverage-ds-ds_cmds-testrunner
-- Installing: /home/user/work/procrace/cfs_cord/cFS/build-native_std/exe/cpu2/coverage-ds-ds_app-testrunner
-- Installing: /home/user/work/procrace/cfs_cord/cFS/build-native_std/exe/cpu2/coverage-ds-ds_file-testrunner
-- Installing: /home/user/work/procrace/cfs_cord/cFS/build-native_std/exe/cpu2/coverage-ds-ds_dispatch-testrunner
-- Installing: /home/user/work/procrace/cfs_cord/cFS/build-native_std/exe/cpu2/cf/hk.so
-- Installing: /home/user/work/procrace/cfs_cord/cFS/build-native_std/exe/cpu2/coverage-hk-hk_app-testrunner
-- Installing: /home/user/work/procrace/cfs_cord/cFS/build-native_std/exe/cpu2/coverage-hk-hk_cmds-testrunner
-- Installing: /home/user/work/procrace/cfs_cord/cFS/build-native_std/exe/cpu2/coverage-hk-hk_utils-testrunner
-- Installing: /home/user/work/procrace/cfs_cord/cFS/build-native_std/exe/cpu2/coverage-hk-hk_dispatch-testrunner
-- Installing: /home/user/work/procrace/cfs_cord/cFS/build-native_std/exe/cpu2/cf/sbn.so
-- Installing: /home/user/work/procrace/cfs_cord/cFS/build-native_std/exe/cpu2/cf/sbn_udp.so
-- Installing: /home/user/work/procrace/cfs_cord/cFS/build-native_std/exe/cpu2/cf/sbn_f_remap.so
-- Installing: /home/user/work/procrace/cfs_cord/cFS/build-native_std/exe/cpu2/core-cpu2
[100%] Built target native_default_cpu2-install
[  5%] Built target cfeconfig_platformdata_native_default_cpu1
[ 10%] Built target cfeconfig_platformdata_native_default_cpu2
[ 31%] Built target cfeconfig_platformdata_tool
[ 36%] Building C object tools/tblCRCTool/CMakeFiles/cfe_ts_crc.dir/cfe_ts_crc.c.o
[ 42%] Linking C executable cfe_ts_crc
[ 42%] Built target cfe_ts_crc
[ 47%] Building C object tools/commandline-tools/CMakeFiles/cmd_send.dir/src/cmd_send.c.o
[ 52%] Building C object tools/commandline-tools/CMakeFiles/cmd_send.dir/src/send_udp.c.o
[ 57%] Building C object tools/commandline-tools/CMakeFiles/cmd_send.dir/src/console_utils.c.o
[ 63%] Building C object tools/commandline-tools/CMakeFiles/cmd_send.dir/src/passthru_encode.c.o
[ 68%] Linking C executable cmd_send
[ 68%] Built target cmd_send
[ 73%] Building C object tools/commandline-tools/CMakeFiles/tlm_recv.dir/src/tlm_recv.c.o
[ 78%] Building C object tools/commandline-tools/CMakeFiles/tlm_recv.dir/src/console_utils.c.o
[ 84%] Building C object tools/commandline-tools/CMakeFiles/tlm_recv.dir/src/passthru_decode.c.o
[ 89%] Linking C executable tlm_recv
[ 89%] Built target tlm_recv
[100%] Built target elf2cfetbl
Install the project...
-- Install configuration: "debug"
-- Installing: /home/user/work/procrace/cfs_cord/cFS/build-native_std/exe/host/cfe_ts_crc
-- Installing: /home/user/work/procrace/cfs_cord/cFS/build-native_std/exe/host/cmd_send
-- Installing: /home/user/work/procrace/cfs_cord/cFS/build-native_std/exe/host/tlm_recv
-- Up-to-date: /home/user/work/procrace/cfs_cord/cFS/build-native_std/exe/.
-- Up-to-date: /home/user/work/procrace/cfs_cord/cFS/build-native_std/exe/./cpu1
-- Up-to-date: /home/user/work/procrace/cfs_cord/cFS/build-native_std/exe/./cpu1/cf
-- Installing: /home/user/work/procrace/cfs_cord/cFS/build-native_std/exe/./cpu1/cf/sbn_conf_tbl.tbl
-- Installing: /home/user/work/procrace/cfs_cord/cFS/build-native_std/exe/./cpu1/cf/lc_def_adt.tbl
-- Installing: /home/user/work/procrace/cfs_cord/cFS/build-native_std/exe/./cpu1/cf/to_lab_sub_alt.tbl
-- Installing: /home/user/work/procrace/cfs_cord/cFS/build-native_std/exe/./cpu1/cf/hs_emt.tbl
-- Installing: /home/user/work/procrace/cfs_cord/cFS/build-native_std/exe/./cpu1/cf/md_dw02.tbl
-- Installing: /home/user/work/procrace/cfs_cord/cFS/build-native_std/exe/./cpu1/cf/sample_app_tbl.tbl
-- Installing: /home/user/work/procrace/cfs_cord/cFS/build-native_std/exe/./cpu1/cf/hs_amt.tbl
-- Installing: /home/user/work/procrace/cfs_cord/cFS/build-native_std/exe/./cpu1/cf/to_lab_sub_bad.tbl
-- Installing: /home/user/work/procrace/cfs_cord/cFS/build-native_std/exe/./cpu1/cf/md_dw01.tbl
-- Installing: /home/user/work/procrace/cfs_cord/cFS/build-native_std/exe/./cpu1/cf/cf_def_config.tbl
-- Installing: /home/user/work/procrace/cfs_cord/cFS/build-native_std/exe/./cpu1/cf/md_dw03.tbl
-- Installing: /home/user/work/procrace/cfs_cord/cFS/build-native_std/exe/./cpu1/cf/fm_monitor.tbl
-- Installing: /home/user/work/procrace/cfs_cord/cFS/build-native_std/exe/./cpu1/cf/to_lab_sub.tbl
-- Installing: /home/user/work/procrace/cfs_cord/cFS/build-native_std/exe/./cpu1/cf/cs_eepromtbl.tbl
-- Installing: /home/user/work/procrace/cfs_cord/cFS/build-native_std/exe/./cpu1/cf/lc_def_wdt.tbl
-- Installing: /home/user/work/procrace/cfs_cord/cFS/build-native_std/exe/./cpu1/cf/hs_xct.tbl
-- Installing: /home/user/work/procrace/cfs_cord/cFS/build-native_std/exe/./cpu1/cf/cs_apptbl.tbl
-- Installing: /home/user/work/procrace/cfs_cord/cFS/build-native_std/exe/./cpu1/cf/sc_rts001.tbl
-- Installing: /home/user/work/procrace/cfs_cord/cFS/build-native_std/exe/./cpu1/cf/sc_rts002.tbl
-- Installing: /home/user/work/procrace/cfs_cord/cFS/build-native_std/exe/./cpu1/cf/sample_app_alt1.tbl
-- Installing: /home/user/work/procrace/cfs_cord/cFS/build-native_std/exe/./cpu1/cf/cs_tablestbl.tbl
-- Installing: /home/user/work/procrace/cfs_cord/cFS/build-native_std/exe/./cpu1/cf/hk_cpy_tbl.tbl
-- Installing: /home/user/work/procrace/cfs_cord/cFS/build-native_std/exe/./cpu1/cf/cs_memorytbl.tbl
-- Installing: /home/user/work/procrace/cfs_cord/cFS/build-native_std/exe/./cpu1/cf/sc_ats1.tbl
-- Installing: /home/user/work/procrace/cfs_cord/cFS/build-native_std/exe/./cpu1/cf/sc_rts004.tbl
-- Installing: /home/user/work/procrace/cfs_cord/cFS/build-native_std/exe/./cpu1/cf/lc_def_adt-test.tbl
-- Installing: /home/user/work/procrace/cfs_cord/cFS/build-native_std/exe/./cpu1/cf/sc_rts003.tbl
-- Installing: /home/user/work/procrace/cfs_cord/cFS/build-native_std/exe/./cpu1/cf/hs_mat.tbl
-- Installing: /home/user/work/procrace/cfs_cord/cFS/build-native_std/exe/./cpu1/cf/cfe_test_tbl.tbl
-- Installing: /home/user/work/procrace/cfs_cord/cFS/build-native_std/exe/./cpu1/cf/sbn_remap_tbl.tbl
-- Installing: /home/user/work/procrace/cfs_cord/cFS/build-native_std/exe/./cpu1/cf/sch_lab_table.tbl
-- Installing: /home/user/work/procrace/cfs_cord/cFS/build-native_std/exe/./cpu1/cf/md_dw04.tbl
-- Installing: /home/user/work/procrace/cfs_cord/cFS/build-native_std/exe/./cpu1/cf/ds_filter_tbl.tbl
-- Installing: /home/user/work/procrace/cfs_cord/cFS/build-native_std/exe/./cpu1/cf/ds_file_tbl.tbl
-- Up-to-date: /home/user/work/procrace/cfs_cord/cFS/build-native_std/exe/./cpu2
-- Up-to-date: /home/user/work/procrace/cfs_cord/cFS/build-native_std/exe/./cpu2/cf
-- Installing: /home/user/work/procrace/cfs_cord/cFS/build-native_std/exe/./cpu2/cf/sbn_conf_tbl.tbl
-- Installing: /home/user/work/procrace/cfs_cord/cFS/build-native_std/exe/./cpu2/cf/lc_def_adt.tbl
-- Installing: /home/user/work/procrace/cfs_cord/cFS/build-native_std/exe/./cpu2/cf/to_lab_sub_alt.tbl
-- Installing: /home/user/work/procrace/cfs_cord/cFS/build-native_std/exe/./cpu2/cf/hs_emt.tbl
-- Installing: /home/user/work/procrace/cfs_cord/cFS/build-native_std/exe/./cpu2/cf/md_dw02.tbl
-- Installing: /home/user/work/procrace/cfs_cord/cFS/build-native_std/exe/./cpu2/cf/sample_app_tbl.tbl
-- Installing: /home/user/work/procrace/cfs_cord/cFS/build-native_std/exe/./cpu2/cf/hs_amt.tbl
-- Installing: /home/user/work/procrace/cfs_cord/cFS/build-native_std/exe/./cpu2/cf/to_lab_sub_bad.tbl
-- Installing: /home/user/work/procrace/cfs_cord/cFS/build-native_std/exe/./cpu2/cf/md_dw01.tbl
-- Installing: /home/user/work/procrace/cfs_cord/cFS/build-native_std/exe/./cpu2/cf/cf_def_config.tbl
-- Installing: /home/user/work/procrace/cfs_cord/cFS/build-native_std/exe/./cpu2/cf/md_dw03.tbl
-- Installing: /home/user/work/procrace/cfs_cord/cFS/build-native_std/exe/./cpu2/cf/fm_monitor.tbl
-- Installing: /home/user/work/procrace/cfs_cord/cFS/build-native_std/exe/./cpu2/cf/to_lab_sub.tbl
-- Installing: /home/user/work/procrace/cfs_cord/cFS/build-native_std/exe/./cpu2/cf/cs_eepromtbl.tbl
-- Installing: /home/user/work/procrace/cfs_cord/cFS/build-native_std/exe/./cpu2/cf/lc_def_wdt.tbl
-- Installing: /home/user/work/procrace/cfs_cord/cFS/build-native_std/exe/./cpu2/cf/hs_xct.tbl
-- Installing: /home/user/work/procrace/cfs_cord/cFS/build-native_std/exe/./cpu2/cf/cs_apptbl.tbl
-- Installing: /home/user/work/procrace/cfs_cord/cFS/build-native_std/exe/./cpu2/cf/sc_rts001.tbl
-- Installing: /home/user/work/procrace/cfs_cord/cFS/build-native_std/exe/./cpu2/cf/sc_rts002.tbl
-- Installing: /home/user/work/procrace/cfs_cord/cFS/build-native_std/exe/./cpu2/cf/sample_app_alt1.tbl
-- Installing: /home/user/work/procrace/cfs_cord/cFS/build-native_std/exe/./cpu2/cf/cs_tablestbl.tbl
-- Installing: /home/user/work/procrace/cfs_cord/cFS/build-native_std/exe/./cpu2/cf/hk_cpy_tbl.tbl
-- Installing: /home/user/work/procrace/cfs_cord/cFS/build-native_std/exe/./cpu2/cf/cs_memorytbl.tbl
-- Installing: /home/user/work/procrace/cfs_cord/cFS/build-native_std/exe/./cpu2/cf/sc_ats1.tbl
-- Installing: /home/user/work/procrace/cfs_cord/cFS/build-native_std/exe/./cpu2/cf/sc_rts004.tbl
-- Installing: /home/user/work/procrace/cfs_cord/cFS/build-native_std/exe/./cpu2/cf/lc_def_adt-test.tbl
-- Installing: /home/user/work/procrace/cfs_cord/cFS/build-native_std/exe/./cpu2/cf/sc_rts003.tbl
-- Installing: /home/user/work/procrace/cfs_cord/cFS/build-native_std/exe/./cpu2/cf/hs_mat.tbl
-- Installing: /home/user/work/procrace/cfs_cord/cFS/build-native_std/exe/./cpu2/cf/cfe_test_tbl.tbl
-- Installing: /home/user/work/procrace/cfs_cord/cFS/build-native_std/exe/./cpu2/cf/sbn_remap_tbl.tbl
-- Installing: /home/user/work/procrace/cfs_cord/cFS/build-native_std/exe/./cpu2/cf/sch_lab_table.tbl
-- Installing: /home/user/work/procrace/cfs_cord/cFS/build-native_std/exe/./cpu2/cf/md_dw04.tbl
-- Installing: /home/user/work/procrace/cfs_cord/cFS/build-native_std/exe/./cpu2/cf/ds_filter_tbl.tbl
-- Installing: /home/user/work/procrace/cfs_cord/cFS/build-native_std/exe/./cpu2/cf/ds_file_tbl.tbl
-- Installing: /home/user/work/procrace/cfs_cord/cFS/build-native_std/exe/host/elf2cfetbl
Built target mission-install
touch "build-native_std/stamp.install"
native_std.install successfully completed
